q1_score,q2_score,q3_score,q4_score,q5_score,total_score,grade
3.374770457129719,0.968921611641681,9.689484917533214,5.7934737285122075,6.242744505659372,26.069395220476196,C
7.755052967189994,7.893796334619244,1.9510580567282754,7.7876260834699815,4.7959548985558005,30.183488340563294,B
6.238958362916385,2.0883702045198382,9.89355015127519,5.692864780961342,0.24102506752160968,24.154768567194363,Fail
0.35590230806476386,8.059056470189018,1.282482056450649,3.324825374259408,7.037649152008011,20.05991536097185,Fail
5.771170823879065,9.419105448514799,3.547509359462767,8.456576590062678,6.069714279612337,33.26407650153165,B
2.4746298123314636,0.014257282875326238,4.0872592827626475,3.6426861489782225,4.774050614703836,14.992883141651497,Fail
1.4707348092903794,9.764827762008709,7.829216529408951,0.940650490373296,6.466820980551388,26.47225057163272,C
6.427774134799279,4.340763941969196,5.795074424343775,2.3037553790176215,8.822053133584596,27.689421013714465,C
4.698043214486816,3.7465309165326097,3.921133904575184,2.56600223463236,9.432525046585447,24.364235316812415,Fail
0.8134878064189976,3.4442804621718826,0.531495921729479,2.8505800382326307,7.335448971490596,14.975293200043586,Fail
3.881657061269955,0.2828492829097973,7.712010290366336,3.452449311574134,9.758438630354458,25.087404576474682,C
9.614175778465734,5.261427596891464,7.998582217528911,7.854432289352584,0.35138860282232787,31.08000648506102,B
2.9785939839021127,3.6214878348023682,3.5999880943977294,2.263904034597337,8.092142068857202,20.55611601655675,Fail
3.524810469433511,2.4003841876414977,8.824931274191465,7.181318781539937,7.6608536404987415,29.592298353305154,C
1.6136735838838312,7.503889270907016,6.357563343675191,7.845207602198016,6.028689360667185,29.34902316133124,C
2.3369044882536363,4.178188061062537,0.8987047068933995,9.330799035904192,9.43241863738965,26.177014929503414,C
4.926180939928696,4.722809643288011,3.3613048048314553,7.665980946514712,6.203776861817673,26.880053196380548,C
8.232263592464994,2.6915364097108974,3.9245168886226676,1.4319873792536397,1.3265316963019746,17.606835966354172,Fail
5.272551499506771,0.9132764436533236,0.5230685350968567,7.754468700550639,7.19713660110536,21.66050177991295,Fail
4.022946780763187,3.1578538343987894,2.370814049312715,3.9382116959759927,6.76887130825468,20.258697668705363,Fail
7.177605448162309,2.7053484413398907,2.429520001728267,6.522696690251003,0.3952033840042335,19.230373965485704,Fail
1.1493299705956683,9.70076618910001,0.28631704733641516,3.1579629876402304,6.8988274139435655,21.19320360861589,Fail
9.457497022259302,5.3223484767669795,0.4926073471073211,9.698723390242685,4.710206784313101,29.68138302068939,C
6.2375338436923276,2.7957100537056947,0.6002260112460844,9.758105039340265,2.6618147120402256,22.0533896600246,Fail
7.416272874518889,4.411435993690765,9.268722028146584,4.339224891323498,5.515753777771667,30.951409565451403,B
2.778328995646543,3.3897083719155985,5.276099006976114,6.260822006246655,3.933139999829951,21.638098380614863,Fail
3.83832951933044,1.9621565117029527,6.304264647136572,4.660580183188376,7.668658642490938,24.43398950384928,Fail
4.117476675902432,0.9690843467781107,3.354434065002363,1.8414706478471687,3.8709934540993043,14.153459189629379,Fail
4.5395883304785976,3.799095448241203,8.930149335126124,4.443659477949742,5.774426815152761,27.486919406948427,C
6.571976616400622,6.300938494554115,3.9180077092466172,0.48342906438057054,3.1706769731847215,20.445028857766648,Fail
7.145959227000623,2.5324536304025083,5.007794909406015,9.368455962844964,0.07981878343539806,24.13448251308951,Fail
1.115122123212764,7.454670382070553,6.747630413914187,9.327330712114518,5.122457802842256,29.767211434154277,C
6.82540478767157,5.161245842024868,0.5693495693731343,1.0889350822672728,0.095143608771453,13.740078890108299,Fail
8.450396488966426,3.0063192858167556,9.124749857193489,6.183945452575524,5.905712869103942,32.671123953656135,B
8.642306022615571,1.042431988847775,3.4203383987045766,3.562918871949492,2.375185507486287,19.043180789603703,Fail
7.587153211639207,3.1001635582184894,8.206222542831537,9.195792763590427,7.021010854690262,35.11034293096992,B
6.410861035821594,0.3184174454809785,4.073833258044338,3.872048178721178,6.771337778089205,21.446497696157294,Fail
3.8509772860192526,2.529118055562871,3.816092179827253,0.9874671869517104,2.315110444448314,13.4987651528094,Fail
7.094388646339747,8.95669212637893,6.576774337926303,0.4686075577920368,5.004202932051846,28.100665600488863,C
4.120177389516564,1.455395313226463,2.912492544816697,0.8841292238804066,4.594265764037935,13.966460235478067,Fail
0.49308987109824676,2.437171321675262,9.196616570875022,4.467018379442003,9.600757960943293,26.194654104033823,C
8.08397348116461,3.447869286545365,8.127300494315858,3.3889342347863605,4.252145692666752,27.300223189478945,C
2.3339626945812695,3.5902261669008606,9.543254656787836,4.1675405482661185,4.09232355212965,23.727307618665733,Fail
0.1823258267636163,3.815743878255178,3.722586418947522,6.395019018137162,6.200920407522781,20.316595549626257,Fail
3.6988862564812486,9.85666023024507,5.3261221464100315,4.069610383190131,6.436270119306773,29.387549135633254,C
4.4015249373960135,0.997309723438824,0.4525831387055146,0.3298406045460256,4.561470509983997,10.742728914070375,Fail
1.992196858370765,5.22095236914789,4.08293393789216,2.6637984563057837,2.5876028762887504,16.547484498005346,Fail
7.051391455705634,5.811223999290556,0.6524045417548319,1.6648939995725298,6.502724367137765,21.68263836346132,Fail
4.543773345599609,6.9427474643586295,9.552866138494954,9.173339201462394,1.6333288851514371,31.846055035067025,B
9.317537194328164,9.104110895781162,3.813876630735659,6.896173157844708,3.7352624506745205,32.86696032936421,B
1.8573307200518563,2.199245480393742,8.88113655180377,7.411077970188847,6.404732503132452,26.753523225570667,C
5.877954050663722,8.566982231275688,0.91554227264382,8.356459377578702,3.2895007077682004,27.006438639930135,C
6.484645569002371,3.98628961644075,1.8947962009551722,3.427181790268988,1.2711205277090487,17.064033704376328,Fail
9.33615377835094,9.949499861219419,8.076234315017974,1.5731859396127024,6.557993544091715,35.493067438292755,B
7.509397983633183,4.205376900688766,1.464265416489,6.901707497471029,1.8570064618537718,21.937754260135748,Fail
3.5933899051578724,9.644592682795125,7.56424536319251,1.5946934532082446,3.6318122595192803,26.02873366387303,C
5.1870099438059505,8.276794072035404,8.90083169546758,0.3080867409810606,6.068860751917153,28.74158320420715,C
5.626887557907294,6.846716274158617,0.6591364670392086,1.8441932679400719,2.588989155943514,17.56592272298871,Fail
4.876278096672109,1.0088880210585893,8.919274781260558,2.078038745019856,7.7189212438213195,24.601400887832433,Fail
5.525009674078891,3.8765990055879906,4.897859780612663,9.609759589063998,8.554270806574898,32.463498855918445,B
3.0096356694681625,2.8339769457059383,3.0097551541040914,6.072126026993657,6.288681593326368,21.214175389598218,Fail
2.7489565825708775,8.424308021504471,5.850420481447424,4.923271501847118,2.678843051581541,24.62579963895143,Fail
5.441086239394686,0.763933167953057,0.3040290107864918,3.3092230783359433,6.443341628555435,16.26161312502561,Fail
7.555511385430487,5.119021212696239,8.285514084650412,3.972706518419893,2.4314214971634263,27.36417469836046,C
6.4357769519652495,7.796086425424651,7.54427029159928,7.350386430509227,6.3220040910116175,35.44852419051003,B
9.361255715401347,7.556077135017983,6.118514835317286,7.235125180892824,2.804368171180852,33.07534103781029,B
3.451922084942105,0.5441012775017795,7.977039302997685,7.879183594147862,5.700853095216198,25.55309935480563,C
7.684677956641338,5.7912518520385925,5.891829926120628,5.736414650400467,9.297299797044285,34.40147418224531,B
9.113418162164088,0.381316140914727,5.660541560860532,9.180185405696786,8.648503966496726,32.98396523613286,B
4.975398521461022,6.232575096731313,0.9422808894086765,8.819576685277326,1.2773055922543197,22.247136785132657,Fail
9.987929358156546,8.925114190941516,4.739147504020215,9.859138858269729,4.610333638440104,38.121663549828114,B
9.224993811772958,0.969513926267147,6.026162769346909,7.538704532567183,3.8668816824415577,27.626256722395755,C
3.1387549672247053,1.452328690763438,2.663123155979746,8.488732212557483,9.249007018615433,24.991946045140807,Fail
1.5159507480009937,3.7504069824021,7.602712434028337,1.33848789580295,8.858411030910085,23.065969091144467,Fail
9.848584027624758,5.194527665175563,4.962058799500081,1.8839532327196995,3.991452055578261,25.88057578059836,C
0.403252397209507,6.6018799749785835,1.8768063432097748,9.855878408815013,1.9018819453895075,20.639699069602386,Fail
9.36829739324758,9.465638429787438,6.921053978139172,2.6185961951553827,1.9275955535070899,30.301181549836663,B
3.517098179588083,5.772022361259575,3.8669770994740538,7.255499402075744,6.981560032046488,27.393157074443945,C
0.6986192068466168,7.021135501716856,8.031459261575446,2.02925392553115,1.6249115811654524,19.40537947683552,Fail
9.633944342135504,4.002190955388112,7.445671952103164,1.0948970841855665,3.819674329780046,25.99637866359239,C
5.755495078311032,4.836503791761352,7.9849177055305445,0.0069047448204928585,5.1978475798618105,23.781668900285233,Fail
1.753712786234496,2.2341254492962506,7.948937497064975,5.570259125431491,6.826919603167207,24.333954461194416,Fail
4.983330282942372,3.1909533987298797,2.2056807363694264,1.1696038184614832,1.7395113957753305,13.289079632278494,Fail
5.506633794408515,8.758857213669513,9.7221465094627,3.714083308626358,4.142963635938971,31.844684462106052,B
5.180153489085198,9.853447186873106,0.0019486233731713654,0.4546518787720233,3.4970110856941963,18.987212263797694,Fail
3.684489199165789,7.2674056522931965,5.743550703038779,0.008146173087548725,3.8528063406465307,20.556398068231843,Fail
3.5052053428616183,6.337884195450022,4.260050794163442,6.32435051524955,0.7871959137536388,21.214686761478273,Fail
9.060870604812605,9.805403040313541,2.9669669762808617,3.187251799383154,3.396468601956296,28.41696102274646,C
5.25360481819498,2.04653529646327,0.81352372723005,1.309824931932273,9.76260180561045,19.186090579431024,Fail
5.038887967912736,7.083729960227263,6.232555248926348,0.05352370864188605,8.43773455958029,26.846431445288523,C
2.796014326451318,4.388478097113639,6.447607152270879,5.896501279000153,0.8100094938213753,20.338610348657365,Fail
9.012592077965634,6.180222786815124,7.056026162286997,8.646860263784637,6.002811823322504,36.8985131141749,B
4.9621947948992435,9.146909247082322,4.793555676002437,6.789827729147893,4.2871278906369525,29.97961533776885,C
7.671882889311269,5.993792222611018,9.60107039168562,3.0230553638046676,8.565235620796813,34.855036488209386,B
4.4254551481474556,2.414642281992161,7.0292099806196795,9.190286513901082,6.866131459686758,29.925725384347135,C
4.639816981668874,0.8475947327532185,4.5242688646670555,0.8848786353275317,7.051322156582886,17.947881370999568,Fail
8.14208767054663,6.770406851477173,1.4442308626449851,3.1100348630211814,2.2125850827835225,21.67934533047349,Fail
8.567299465058975,7.142634628218487,8.07609699035004,1.8101191312721232,8.661624909794813,34.25777512469443,B
3.9368188599061282,3.612496945736047,4.628422570343282,6.028141163613771,5.278553911023069,23.484433450622298,Fail
4.423937407481936,6.117379058424717,4.3272627593343955,5.087161406167683,0.02390090595505323,19.979641537363783,Fail
0.3353243473577938,7.952870447972225,3.602737197330106,7.612141906516384,3.4784243193512387,22.981498218527747,Fail
8.579349139973289,6.883967049269083,8.109912730552393,6.714952552915908,8.129514030252077,38.41769550296275,B
3.076790894779485,2.0509375372360994,1.2741551880155344,9.193411447579827,3.679827823670471,19.275122891281416,Fail
9.760783324725189,3.5280600926590577,1.2197443430259514,5.991989276172377,3.5812687377595545,24.081845774342128,Fail
0.854084828082653,7.449651984608932,0.4399903055831056,1.967458009534525,9.258686908867697,19.96987203667691,Fail
9.791049380151545,6.140311984486506,9.35619356328657,4.99831152536332,9.16875847580615,39.454624929094095,B
1.7742876946970687,8.091032168230461,5.156418674007826,4.49877316755515,8.939685861946396,28.460197566436904,C
3.032195467185912,7.464189397373388,6.411627058451771,8.386513982792978,6.589673148771538,31.88419905457559,B
8.950667229362141,9.797206434538108,9.452323248695834,4.621584492393586,5.992609860734445,38.81439126572412,B
7.511780478084181,6.597315322607571,3.7694991116638956,9.10708733075486,8.370071887583816,35.35575413069432,B
0.8144721289115919,7.098270749198761,8.931518188525914,5.914935271699754,2.249667229079365,25.008863567415386,C
8.618438232948298,9.090725263612946,7.429036028823993,3.1420407746420054,6.720627142112312,35.00086744213956,B
1.5389990469377368,4.869407132392483,9.185101506885498,8.170308622244075,8.674056195924267,32.43787250438406,B
8.09516074724878,6.3422799881361485,7.974644903726232,3.644698984122038,1.2317000407694145,27.288484664002613,C
7.235807004399809,4.608812766929614,7.557695057372498,2.3001833971499175,1.6337781607271806,23.336276386579023,Fail
2.0152837800631285,0.1929913222698476,2.707952963474134,7.109945317392338,1.8443190186135872,13.870492401813037,Fail
4.5002423952780255,2.7872700672712414,3.7295092064080206,2.3130007307799696,7.628782111600385,20.95880451133764,Fail
5.698896848713165,6.307797331049319,2.354468255516644,9.379389398480543,4.896679896685053,28.63723173044472,C
9.417257116189251,4.669994195332202,2.6083561598301577,6.860785118572206,6.790422302116035,30.346814892039852,B
6.764837495206044,1.7984814840919916,0.8892245888673755,4.9952778489293586,5.170137971659723,19.617959388754493,Fail
5.657473065511459,1.324989562662866,6.565772554235961,1.65602999813234,1.0389775786308797,16.243242759173505,Fail
0.41578959846593766,0.8044320020933426,6.063794785740337,2.408926694117306,5.279837252784992,14.972780333201916,Fail
6.0301386336458815,0.6767516322559997,5.172236151162501,1.7370026601366062,9.273657130771038,22.889786207972026,Fail
7.913107143126669,8.838761119858818,4.19602020934129,0.1533927941826374,9.24871341653869,30.349994683048102,B
2.1491263703639585,9.011891219546017,3.647838133702479,2.0553177192054473,7.944592138252959,24.80876558107086,Fail
8.799146267270144,3.0250396035141156,1.4299755119543878,1.9341859914354997,9.39500749812513,24.583354872299275,Fail
5.767023988577563,0.07252428015144474,1.6737285154013604,8.597669471661082,4.499364531036037,20.610310786827487,Fail
2.3333282264932667,8.006236564128153,1.3190393883080087,4.125151537676274,4.462479893141729,20.24623560974743,Fail
5.441801159419536,9.228731744878907,6.43218030730058,8.710932008021912,8.748972516013959,38.562617735634895,B
4.197273169261223,4.134971370633718,2.505617565679805,6.844511043503504,3.9855211316475447,21.667894280725797,Fail
9.517024063905371,8.130512071433081,6.815540731434536,1.2147830034890317,5.48466065090201,31.16252052116403,B
0.6252629574284574,0.6641640448143493,1.7943277213548214,1.0791625287743778,3.536459760127133,7.69937701249914,Fail
6.134151959357899,1.215873495335269,1.7895044029717733,2.7585012514922047,7.838686941138514,19.736718050295657,Fail
5.028755200655849,1.571824716083735,3.4138972198095754,0.6127603983344476,6.13937545693773,16.766612991821336,Fail
1.5294318647542615,1.0757870271386272,8.994374623947165,0.2648007805304331,8.220924003705019,20.085318300075507,Fail
2.6440429792964535,9.041079054576358,8.148962902529735,0.04341927760946218,6.138086057932604,26.015590271944614,C
5.227328293819941,5.891187359802366,4.215617561169196,7.196265745161413,3.789400117449835,26.31979907740275,C
2.331875544216163,6.263010947738659,5.680466417875153,1.4287325935817097,1.321661063748597,17.02574656716028,Fail
9.555236959549347,8.54820052992188,1.7090379517652798,4.012945486287997,6.703277952854412,30.52869888037891,B
0.5778819701986415,7.772285200016578,6.951379725274976,3.2724176838701946,9.696981001134521,28.27094558049491,C
5.393422419156507,7.542823330352161,3.573486916645925,1.7320350278221286,9.581541649544166,27.82330934352089,C
2.1932040121138208,4.671230926931394,8.989481855810443,6.053519865595297,4.741009290788121,26.648445951239076,C
7.2716280974013845,9.246009904217127,9.712418328803512,3.9047347385298945,9.978034217941786,40.11282528689371,A
9.488855372533333,8.95106225730092,3.8565868977608266,6.323972644121369,5.946178530910496,34.566655702626946,B
3.9408364851003186,5.264136103948783,2.858678356462774,0.12676417558490694,9.983467813886229,22.17388293498301,Fail
9.315444071065201,5.914074128989139,8.967618462562681,6.677230031779134,0.8306745701098572,31.705041264506008,B
3.094695490886009,6.864198939976419,9.441478004244795,6.154321252076775,9.71590191262528,35.27059559980928,B
3.546221576407765,5.092889906799262,3.1583149515305706,3.821164941872488,3.58104459223867,19.199635968848757,Fail
3.7103876298460268,1.4489865930734602,9.980712535922372,3.3224826913254835,7.5494196961434366,26.011989146310782,C
0.3895784634846422,5.50944193840603,7.628288663942945,3.3706373601190807,0.8006171772058623,17.698563603158558,Fail
9.623380574812067,2.2206517454139196,7.814473786256726,5.364452053515353,1.4841435968258554,26.50710175682392,C
8.665956885955035,3.9056210242703173,3.888978306401396,9.287598625071048,1.507146981992119,27.255301823689916,C
8.23552226611819,4.883381439953187,3.002488469161385,5.659963521992441,5.7539709355755,27.535326632800704,C
5.650722830366936,3.2901261378393265,8.327833141884883,4.1539013056347525,6.871310582814712,28.293893998540607,C
3.049031243850635,0.7991510934660673,6.231194880946846,5.877671952278822,7.061471257393618,23.01852042793599,Fail
0.03656311344649277,3.620558501724914,7.7824076362644545,7.855694696739351,6.205304864960714,25.500528813135926,C
8.939335106699906,0.6767353665798337,7.242945071913289,5.884243496951905,1.3292873664962368,24.072546408641173,Fail
1.7052412368729153,9.848715661136021,1.1249795781388539,0.904536669903504,8.429647377801183,22.01312052385248,Fail
9.57971066482454,9.110851315740486,7.90965398868699,1.853217105511784,9.445690748410104,37.89912382317391,B
9.597910204048501,8.145079681305315,6.426508330805682,2.5380533707183837,3.4109825242128022,30.118534111090682,B
0.46450412719997725,6.722341498006052,1.0747140396868127,1.751107692938576,3.8064442395943465,13.819111597425765,Fail
1.255497898984771,7.666978238334825,9.816488762882669,8.452325917845908,0.23016591354532046,27.42145673159349,C
3.2694210025469497,6.942318788231372,1.0822042356740535,3.4254726450909,3.2755493636024857,17.99496603514576,Fail
8.772005408131083,2.099318316734844,5.337014971765517,6.63944239680557,7.245907182109155,30.09368827554617,B
2.5862083488803878,9.77241565000449,8.545352003016795,0.3523490931277129,3.9885592643916357,25.24488435942102,C
4.103829230356297,2.6120017127391293,8.823476118397537,0.2425293604325507,3.6563783090775672,19.43821473100308,Fail
3.7638753773447533,6.8947959372859735,2.492365445288167,4.58218254987636,7.034255524482221,24.767474834277472,Fail
0.0970035492304222,3.006269065386485,6.786238567402783,7.471074085835504,0.14837413504777075,17.508959402902963,Fail
4.978691805143192,4.759759686597461,4.444414341769959,2.689934066349098,7.370633015859539,24.243432915719247,Fail
9.028949951919872,1.1131432147755016,1.8312345978451772,6.720250221198985,3.1018637723306575,21.79544175807019,Fail
5.902306668690871,4.802669256656275,0.3334369785895841,8.81471389893441,4.26723924601364,24.120366048884776,Fail
7.539376844414241,5.097504116137673,0.7144030060882389,6.103091184681755,5.225924131298888,24.680299282620794,Fail
8.99612489372315,7.197614130193321,4.62648367114872,9.88322618487465,4.634435559955775,35.33788443989562,B
5.505453006199955,9.554709904951643,3.0884183550462883,7.484928917339905,0.813895156665938,26.447405340203733,C
3.881699262065219,8.801313534336417,9.83415115266428,7.1328557290244206,2.966459100808887,32.61647877889922,B
7.260913337226615,2.5858422155277383,6.095812963036007,7.8817903250005745,3.2195812268038204,27.043940067594757,C
6.870192665032428,9.146651074237495,3.272936435708872,1.6946176023440707,4.638773167703196,25.62317094502606,C
6.615243241461749,1.7029558425203373,5.611330563589232,9.470592237086173,1.0377414717265132,24.437863356384003,Fail
6.256819122613527,2.3115136756267707,2.3838569215346816,3.865679689631658,0.17015233689728793,14.988021746303925,Fail
4.0633223096376785,9.330148731304206,6.344953909655563,2.5201891258945164,4.777636246599396,27.036250323091362,C
6.051016222371507,2.134493322446093,3.7870790874791407,0.5617279890221172,2.645611854920266,15.179928476239123,Fail
0.926254830513672,2.0482124707585445,6.698050412383195,1.5236472397488,5.586929265149302,16.783094218553515,Fail
2.5232274426374524,0.28518493911292575,5.327033070517114,2.3588170234380645,0.4678846621029753,10.96214713780853,Fail
5.402965317903073,9.631146593848799,5.782066652980183,7.044691338292692,8.788940159242864,36.64981006226761,B
4.603290506427651,8.623052365766705,4.715254854520799,8.460074771117757,9.610516499008202,36.01218899684112,B
8.218014592542003,7.549268366376946,4.707907780422156,1.7473809235543258,0.6178858373824536,22.840457500277882,Fail
2.093493233367103,2.907438658906739,8.841040229482111,1.5131646181604552,2.1323116627753915,17.4874484026918,Fail
4.734349335940488,6.63444393638966,3.9369821305764985,3.8118718517226133,4.028955066975178,23.14660232160444,Fail
9.807393435834294,7.654985004052995,9.523515039590553,6.658517290986222,4.145032668608312,37.78944343907237,B
4.118409141472686,7.620716534397257,5.163159888491179,2.053036226788101,5.598958107965798,24.554279899115024,Fail
5.383841868964332,5.89443220604249,3.0252209251386644,8.384394231973516,2.210895776336115,24.898785008455118,Fail
5.059579077349317,2.0788835410499704,7.750250556294934,9.35956245205192,7.775872017176788,32.02414764392293,B
9.405039528794026,3.04443448990374,1.9000929483125228,1.7329248645949513,4.822780273560653,20.905272105165892,Fail
3.0419871963628085,7.863095527102798,7.874895686293738,7.002098938562717,1.7474002563189728,27.529477604641034,C
3.1378214330572876,3.2820175053761744,2.290259120733772,7.149957812893834,8.047923453135553,23.90797932519662,Fail
5.213770214737412,4.949116047766605,4.8370360831517285,5.69395726137352,0.7899747221259412,21.483854329155207,Fail
7.975591006371881,3.026222850818887,3.727267048340943,6.657994099756614,8.367343340599133,29.75441834588746,C
4.439194545063778,5.376484639876792,9.392477228751089,3.778480426422619,7.046764835103452,30.033401675217732,B
6.636711653626481,3.907174422546241,9.671156173713614,7.754172353702062,4.700372749401414,32.66958735298981,B
0.06379043406590679,5.802189636905405,1.183672395755816,0.396575389557835,3.6489111608509504,11.095139017135914,Fail
3.8722314121020696,2.022150874589733,8.06744743472252,5.861720601327972,7.542340170891749,27.365890493634044,C
9.33113221168653,7.758970823891844,9.156237810667848,3.526099831260743,0.6959109444124922,30.468351621919457,B
0.9717649377076854,0.8400171452062566,5.0782001469080225,9.543812269791161,5.632928672710307,22.06672317232343,Fail
2.1469588746335546,2.508041325008964,1.647758868271182,1.441162024340118,2.9537759517536077,10.697697044007427,Fail
5.992935663104787,8.653708015010581,1.8386664144794107,2.325060510960869,4.335639685796311,23.146010289351956,Fail
2.809631895922303,9.37112493921472,7.5160486832314275,6.7674812506285935,4.020288422833333,30.484575191830373,B
7.960685253969374,4.281756874621504,3.0967950152053647,0.4871139567754168,6.122890872463768,21.949241973035427,Fail
9.872761293149445,7.397963719360991,9.69001874142153,1.433703116953211,8.327337857825114,36.72178472871029,B
1.797978134950754,8.101266350119591,4.231435213464778,5.72768327721456,5.15889782660372,25.0172608023534,C
0.7845638134226596,2.812600203804746,2.524692975212796,8.018799519550008,9.448131925757911,23.58878843774812,Fail
6.077526830956526,4.323477383381316,1.8662149156682672,7.105871649073475,7.062932123793644,26.436022902873226,C
5.967229901062171,5.721377471653534,5.212662385624438,9.14097277294696,3.2529639264427015,29.295206457729805,C
4.047058743291702,3.91228221283483,5.127146241182969,3.433373620149397,0.8345860514237624,17.35444686888266,Fail
9.378869760948835,0.17634829052346368,5.072797645492289,2.9577855598936873,0.8030826205343267,18.3888838773926,Fail
9.353944896677987,5.138573592691225,4.826524183128767,7.899648067397825,4.985429524475759,32.20412026437157,B
6.095285097540636,6.074783945031181,0.6946702941221061,2.2839433808565204,8.273830151873094,23.42251286942354,Fail
0.800634025289656,7.139554232420516,7.286421891840615,1.9216458492618516,4.013905201593099,21.162161200405734,Fail
8.258882264268145,5.836122161410496,7.03006482835312,1.7414452829144655,3.575841395911985,26.442355932858213,C
2.4894352479687276,2.8565866958288275,4.348032044850225,4.076968525492695,3.5017304425012306,17.272752956641707,Fail
5.444823328002629,5.886436697160616,1.694882749200567,3.4506386618330276,6.5631148000860176,23.039896236282857,Fail
4.395077804475518,0.09582687713155624,9.145736799875937,9.849024361750361,8.692967374994051,32.17863321822742,B
8.515371718979257,7.8679670906457595,8.673892719798872,6.948090714382977,3.3037833071425826,35.30910555094945,B
2.5508722242139816,3.2059390708031774,8.165550240405164,0.1061923247695995,4.793463512674698,18.82201737286662,Fail
0.32526179491251916,3.5114369055681207,1.8087403822141157,1.7160834974747607,4.475490345489437,11.837012925658954,Fail
2.1126291693819645,9.710291312450996,3.5918755341656503,6.651876008899379,1.9468699724114358,24.013541997309424,Fail
6.191727353658367,0.9875296868168837,9.623717543033818,1.3217922576033525,7.580667831720358,25.70543467283278,C
7.202679239473956,6.456906684495384,7.458795453207881,2.699868275334408,6.867060929511154,30.685310582022787,B
4.027855340464949,4.799564934633127,3.8777881950723136,4.2633759999016,1.0008089490347005,17.969393419106687,Fail
7.073970000329277,3.9133283646619264,4.16826503924852,6.822708467975981,9.19802750718999,31.176299379405698,B
5.045029240548358,3.221934506479628,8.646566077360136,8.62344060316856,7.942681460504622,33.479651888061305,B
1.662833687560794,5.570659326839172,3.165507994776239,6.734359014991852,3.5866461434959085,20.720006167663964,Fail
2.9321077169806453,6.977970330625238,7.939387065319563,6.421639887057075,9.09686942971764,33.36797442970016,B
5.694972585185759,7.1266122564674586,8.97461280569979,6.024695719473855,4.811076724393146,32.63197009122001,B
0.8970091901484578,0.4773378967875608,7.106254523807058,6.181745200956677,7.91711198770376,22.57945879940351,Fail
0.7115567887790974,5.861203488054969,8.581626771823576,2.0262305333212516,4.14822166001287,21.328839241991762,Fail
7.385460533969635,8.181097847441675,0.24222338418137035,6.170512477877513,3.8916897485720883,25.87098399204228,C
2.2381761482262306,0.30397414811526136,6.426337734858546,5.919201403772696,4.391111940005884,19.27880137497862,Fail
4.928645844474467,6.827569247335199,1.598686552371178,3.9853249190843796,1.3564952426007792,18.696721805866,Fail
6.475197955701631,2.8496827757731156,3.6869441174527253,8.44032349752508,2.434068260411176,23.88621660686373,Fail
3.422655927897462,1.0614465282139185,4.506482461009247,6.3705689490282165,2.560292118374363,17.92144598452321,Fail
8.545686640326409,7.069969636304182,1.6925952420404577,4.135500655453797,5.853713677696333,27.29746585182118,C
4.11191517994586,1.2155662951826907,1.4693799594601265,8.792776240819135,0.5652299725811472,16.154867647988958,Fail
8.631034258755935,5.884335564164248,6.965307936042223,8.041410224146459,3.336130987640633,32.858218970749505,B
1.090136156409287,6.978046984944085,6.272235829079829,4.377901207300745,2.0383145581119444,20.756634735845893,Fail
4.922778564480348,4.330745051445652,0.7829726698690476,1.0440345901393233,2.907753475987136,13.988284351921507,Fail
7.6488326154212825,3.3522318021357167,3.6531956316484337,3.5741351932327428,6.844582074278463,25.07297731671664,C
7.228392039002123,1.5683369989636298,3.3094839473572693,4.2116497901415295,1.7840133669177904,18.10187614238234,Fail
7.0662986987870955,4.037330041049302,6.739198740845365,3.654736194399708,2.054924144976672,23.55248782005814,Fail
3.340499656687692,6.387392562892379,2.520468596720705,4.150897026278759,9.573142486820682,25.972400329400216,C
3.7705393100169884,3.07943707661932,5.431138867153203,5.384805761250524,6.839707861478839,24.505628876518873,Fail
3.811468820347356,2.3490626113123856,6.161062067028799,4.619658554504192,9.55916405594065,26.500416109133383,C
7.607850486168974,3.7199475978916183,7.277914886928968,2.6584553380975215,2.19397768485278,23.458145993939862,Fail
9.243543461938003,9.24644712582414,6.594974904588677,1.2422167660860828,4.963069994242394,31.290252252679302,B
5.8158883784975535,7.741346587074272,3.5974086950252318,5.4250794350951335,7.612035997425398,30.191759093117593,B
2.2465739764176664,1.4556775865250116,1.256625496115058,5.567282152155576,4.290225924892262,14.816385136105573,Fail
1.766823141763052,6.581974082133667,0.19313754962087537,8.701172048072717,9.125199712329643,26.368306533919952,C
4.591240232866809,3.956468211967125,2.9425040808846115,4.083432435051585,5.543940286464739,21.117585247234867,Fail
2.1500476827002855,4.666136228021257,6.23182961400293,1.5246227420422087,3.2144495347864255,17.787085801553104,Fail
9.359372482485595,0.2213327555811806,4.302000967426576,0.012501275184996219,6.8454066819868125,20.74061416266516,Fail
3.252906183617478,8.889916385563323,8.372857778497611,1.6945778564903735,2.4391525567862535,24.64941076095504,Fail
4.441834068783665,1.9855240353709291,3.039519066617081,6.564779838302423,4.0526900802015735,20.084347089275667,Fail
9.474279980597931,5.255407311257162,8.037699525411146,5.12547918417763,8.694216477856674,36.58708247930055,B
9.039816965892854,7.127530020599315,6.334889518377088,8.359309928207168,3.5127013230934647,34.37424775616989,B
0.11706610730904066,7.748277666546214,5.853305418900621,9.44223141560321,6.064694080954069,29.225574689313156,C
6.584518346584255,3.4676007192006866,7.738986689668229,9.829171160311862,8.97861506279767,36.598891978562705,B
7.814620887547092,8.175945469515462,7.025914319318557,5.316051316503993,6.958649791062275,35.29118178394738,B
8.332712820358479,0.6372332668871827,7.6053136496980125,3.472123495897094,6.975925656888866,27.023308889729634,C
8.484717744062646,1.2442337690721328,5.330826606748023,8.637432859409664,5.618194530492381,29.31540550978485,C
0.5024300982298213,6.089048610300379,7.533854240156094,7.50145714192176,6.759632961831156,28.38642305243921,C
7.805255152438618,8.697685680139259,4.244191591676416,0.8667657323105338,3.2721581320670214,24.88605628863185,Fail
0.6939408590418339,1.8690953482707728,4.646460011407888,8.148081265893165,5.154221718701897,20.511799203315558,Fail
5.167360449400644,3.175581396196847,0.3955072933625525,9.64866011601045,2.035083287025122,20.422192541995614,Fail
3.3616533857957998,4.497779415657032,7.646482407910263,4.709385785102283,7.751104909653611,27.966405904118986,C
8.875630718161913,8.944653793150906,6.953027106815977,5.535018730986858,6.769193408855228,37.07752375797089,B
0.18110183820840509,1.733731567575082,7.209325483419113,7.336052936435724,9.206499288276719,25.666711113915042,C
8.637896229650032,9.041636839560748,7.6628813758982535,9.743237495815588,6.320423620542658,41.406075561467276,A
9.712199118854944,9.506819368070826,0.3587968178884904,5.633129045343365,5.182982836862439,30.393927187020065,B
1.0410964938416634,2.943217442312359,5.540170191076188,9.647458913639182,7.8793428644249195,27.051285905294314,C
1.8180846566694975,3.9674197126273967,5.208770457581069,7.935422756669933,7.784672759772122,26.714370343320017,C
2.908768542315825,1.825971310870993,5.674015819237043,9.981518880550015,9.797841130685196,30.188115683659074,B
7.538137129783689,7.329326220175226,9.57318365985362,3.5325299417990665,3.3756762878097355,31.348853239421338,B
8.872127425763265,7.57295572071193,5.0293393708324885,9.024399961374364,4.6272537666965805,35.12607624537863,B
5.189373642647569,4.643348736103855,5.409362431980751,2.3688316872966264,9.616055730956617,27.226972228985417,C
7.481617990286962,4.6778977047254156,3.4231620097135176,8.671446285811207,3.7478271426084886,28.001951133145592,C
0.4457004071263082,4.307419748812952,3.2917768920112134,8.23133907482185,8.402337477712363,24.67857360048469,Fail
0.8645750712015232,4.733541793328011,2.42281160117959,8.801322377189097,9.404945843985141,26.22719668688336,C
8.026403123529297,6.564131342296729,9.30168714647678,6.4122614355442495,1.2873648241197155,31.59184787196677,B
8.522638743911815,2.121253987219399,8.944786247667759,0.9025276168321739,5.659668238285481,26.150874833916628,C
9.437015928202207,6.962634753005331,5.174141888168982,2.984583945121182,4.313493778663323,28.871870293161024,C
7.286562842366027,0.9946159745218985,7.868702691851252,6.984889254688219,4.336563507716983,27.47133427114438,C
8.128509715367578,4.898941421308249,8.153418261377698,2.53186333332462,3.121373137718988,26.83410586909713,C
2.417645074796816,2.7083214033995926,5.396477205303649,1.0134513113642263,4.018354583107763,15.554249577972048,Fail
9.409657878427938,7.6808990521914025,5.063763245853005,9.529570488998761,1.3687998974645432,33.05269056293565,B
3.577982653254418,0.14910264154807895,6.014929529749413,0.20688682842089356,9.554623880354757,19.50352553332756,Fail
4.20335389195499,4.298457437063502,6.544198355397227,5.087485329487357,0.01428804166974218,20.14778305557282,Fail
3.341046520865633,1.5978556211357042,7.918466928681599,7.573657206255412,6.8417034778923185,27.272729754830664,C
4.3829860803316585,3.449620847592322,7.5689687710888185,4.988764124800872,2.2812402526733653,22.671580076487032,Fail
3.7230709857304776,3.8818100104567907,4.714563408807977,6.8557105038289485,2.8801746406659436,22.05532954949014,Fail
6.034485933813779,5.460245933207503,7.381462844673897,1.2953317899246986,8.782781579231834,28.954308080851714,C
6.781225015366465,6.005967035794501,1.2430834990546302,2.2162365929354086,1.680494003175237,17.927006146326242,Fail
1.271026137707404,3.005771080540222,7.496056865823539,4.449457821681463,1.539493546501064,17.76180545225369,Fail
5.853543643967521,5.0598332915706346,9.337476352497319,9.974002763196093,4.46442685972815,34.68928291095972,B
7.901313737261083,7.17536863512627,5.783700230218853,1.8312219873277191,2.1595940952226433,24.85119868515657,Fail
0.6725591396736785,9.880679419611498,4.524700504143424,3.770918378250826,4.665538430654809,23.514395872334237,Fail
2.2879816549162246,3.1961812550807123,6.520658196852778,4.826070805923389,9.029032366527872,25.859924279300976,C
0.5700238755193399,0.26057885985593,9.820819010754379,8.07599763397013,1.6595319478810455,20.386951327980828,Fail
2.479324498058072,9.906955658991805,9.65257831155212,2.3001234001516457,8.387545779899511,32.72652764865315,B
8.071070203195127,9.63393378369849,7.373548100248612,3.460189994409836,3.6738516075292904,32.21259368908136,B
9.427317741351256,9.528038482491732,6.712280778566702,2.852999757948819,5.46689129702555,33.98752805738406,B
6.391078469947064,9.077253431293427,6.143295410607306,7.980594415291364,0.872347021688451,30.46456874882761,B
6.70974709485785,0.5346572412562844,3.492322909091369,8.702005312278684,4.604945452476179,24.043678009960367,Fail
6.448560434297268,7.267560573982359,4.267257798733937,7.749038272544051,4.639880488265895,30.372297567823512,B
4.9797630258739325,5.283989834014866,7.986207342302456,4.3315359544943615,1.9154453313061792,24.496941487991798,Fail
2.7231539718108277,0.5278335051569116,2.2062390831025427,3.0572498407309165,3.1233075711032576,11.637783971904456,Fail
4.845229851910213,9.02776047764545,6.936770364519221,1.8814468785288518,0.44905028627267307,23.140257858876407,Fail
5.03072600271609,6.703200658307816,3.8966832010816566,9.162770072295402,2.9545121612180103,27.747892095618973,C
5.117804565694807,2.391767948573762,3.866925380055557,9.942042119223482,6.242698011967175,27.561238025514783,C
5.856543354287992,1.555400915004873,0.23338682830647106,5.27720801369453,0.19605097405746785,13.118590085351332,Fail
2.594491710680763,5.08740289430142,3.422827126663223,1.7587659078798734,2.9413924494872647,15.804880089012542,Fail
7.951102825267247,2.104622171420034,3.47288358996357,6.466857273622018,6.069846744213653,26.06531260448652,C
2.1070666507490623,4.0617201291148595,8.46711122332519,4.525900255395507,8.852851180120224,28.014649438704843,C
4.981299435480424,1.5650789908045648,1.6898136922217832,0.7392557655808463,5.105868059956411,14.081315944044029,Fail
4.111272782593792,4.36049220621891,4.056819005021302,6.752674618663609,1.1585052247827055,20.439763837280317,Fail
4.2449283267653515,6.811770960705275,5.232327489250427,6.76810798286123,0.9316794187902822,23.988814178372564,Fail
2.6828720042777263,4.4393364970311255,1.167540360116388,0.251604898862422,0.5447524102502155,9.086106170537876,Fail
1.972426661670168,5.873546311379894,1.2679484433667665,9.305748895757826,6.396977799283038,24.81664811145769,Fail
2.719545593981987,0.2880137056933352,3.4973959084398354,6.3104694899618154,6.544306113800963,19.359730811877938,Fail
1.2305212359032491,9.434273662502832,7.620435078849881,2.877502346056514,1.8745389268557477,23.037271250168224,Fail
4.253564962699836,4.155599944371422,9.291901365293302,5.5002164175542045,5.205251380141021,28.406534070059784,C
0.5473270692498589,0.9568620730590627,2.9145164764540743,1.6498234935831657,3.5043242579095404,9.572853370255702,Fail
0.36160380524762115,3.591934023891815,0.8238125202127833,8.800220284106642,4.8153955314345085,18.39296616489337,Fail
3.4273092542790717,3.494251126937881,5.936147043805607,1.666548270035596,9.659737361275116,24.18399305633327,Fail
6.618391898493786,0.37487956869659333,0.4646147722190963,2.059545591982931,8.720088534999878,18.237520366392285,Fail
6.5417460147407445,3.0926887879218965,9.683192062321018,9.510952942377243,4.194216770158535,33.022796577519436,B
9.232995082699295,3.952884610696098,4.987412795633048,0.7605837649941805,5.844533821067067,24.77841007508969,Fail
3.1259802490830015,3.3528831707947058,8.995027601315464,9.340609993617296,1.53721846329125,26.351719478101717,C
7.524683375864943,1.8934772362985863,1.9550259019655358,7.088294437102254,5.827389314147861,24.28887026537918,Fail
5.273108956423933,3.5917265055930025,0.7486862942267469,2.952371093471766,6.476671966948354,19.042564816663802,Fail
9.461868939912613,8.874074739689634,5.381985783218257,2.662755399264667,0.9542592064257671,27.334944068510936,C
7.4156610846682955,0.32655034594202603,4.878029888688149,4.570434530542099,2.788325511313381,19.97900136115395,Fail
2.589042747931396,3.042045181350037,4.451996462706344,0.4962393417946742,0.7145552476495021,11.293878981431952,Fail
0.8559955282276832,4.084187074986926,3.267286905875062,2.311669594154152,0.0055909390292463446,10.52473004227307,Fail
0.6760474947238315,1.2537888410818765,0.43589577317211914,2.220045146443994,2.5003763828293546,7.086153638251176,Fail
8.296438053529284,8.569838057113758,5.582997673713045,9.732451331730877,0.46204597650093215,32.6437710925879,B
6.8146061251717125,3.66895661865375,4.083796806314758,7.966421194517882,0.7071678453876884,23.24094859004579,Fail
0.676125635922149,3.5144167347068347,4.8965585787169825,3.7886667914414773,8.124911376092957,21.0006791168804,Fail
8.188692705204716,5.1420717447728626,1.5073108427593773,3.826515622940463,2.640557387122444,21.305148302799864,Fail
7.704117870686438,1.5946009778676717,0.3042602820271112,3.3572706782191784,1.1753462053694197,14.13559601416982,Fail
4.737732925144229,0.8316173313246489,6.969901542217924,9.759681166158016,3.602261306239567,25.901194271084382,C
1.5720388355695425,9.745325536623746,4.109122931328535,8.373780294652269,3.493591395693767,27.29385899386786,C
9.336789061329352,5.414293943049967,0.13890134966268008,4.721919863035545,8.44811694957801,28.060021166655552,C
8.090236402916764,8.738197762800523,6.722736540247367,1.9272205036038192,6.069999833450584,31.54839104301906,B
7.506147516408584,8.683239636503679,9.200157769960068,2.092074824188761,6.128181881110838,33.60980162817193,B
0.41672900602384266,4.702489856599762,9.037489307433912,1.777023642767157,9.360829345150524,25.294561157975195,C
7.4333291356565665,8.619667561571081,0.14398772532819515,5.482915816969603,4.799038435500224,26.478938675025667,C
3.3882348242280735,5.129788419143418,4.61722918166691,9.870638042348745,1.4298670483287135,24.43575751571586,Fail
8.771275618985017,6.539436721799263,6.370344090727096,3.19330807161891,6.414933015950294,31.28929751908058,B
1.568127053168057,6.431786168698958,7.925487412932214,5.765301045955619,9.928100135923128,31.618801816677976,B
6.490806020188844,0.933011783572536,8.273499634411625,8.514024470893164,6.69401398075399,30.90535588982016,B
8.789789002822673,7.974889777130172,1.073452911679098,0.10996289275621351,2.737832613819066,20.685927198207224,Fail
0.22425889162055124,0.3717528804964598,9.092239295496341,2.211085627484324,8.374089698784204,20.27342639388188,Fail
9.546663568790688,5.47967796793928,7.87056095845733,2.958936675458872,6.5807641775593515,32.43660334820552,B
7.489631508603986,7.156392360669593,3.807208812354752,4.905433085716368,0.018633853373635212,23.377299620718336,Fail
1.6249841547444144,3.7959364382243987,0.18726152659863327,4.08488304579914,3.5072978417986302,13.200363007165217,Fail
0.4929449276441644,6.9199252205674435,6.031611601368768,2.66002703539768,8.37882621257848,24.483334997556533,Fail
2.499017216368898,9.804488986363927,4.041638215329932,6.1557020077784905,9.334194101392793,31.835040527234042,B
4.852556041472411,0.7656864182011625,7.834354691665709,4.105846563237911,3.589329032375325,21.14777274695252,Fail
5.7640555145363335,9.2395490982493,7.832111553790515,3.8013612282699882,8.963399652155097,35.600477047001235,B
3.81616499109135,7.2987401264264085,9.014775814700164,5.453041723980072,4.662027043699545,30.24474969989754,B
2.6015779096205116,0.6044692298527021,0.9681205659514314,7.489796332938273,5.4647006592076455,17.128664697570564,Fail
1.0189238806601353,6.492427328379707,2.3523457997064656,8.441082099871656,5.902046674378381,24.206825782996347,Fail
2.8625903538318322,7.793632650477182,4.410415222565268,3.9196982374109934,7.403683677969792,26.390020142255068,C
8.066935196947393,4.4053664812337825,1.6926475071541902,8.852457430105623,8.256195462589238,31.27360207803023,B
9.556514982297534,2.0480152493916695,2.3433179196600795,7.650623977114992,4.438154178820502,26.036626307284777,C
2.304166621173499,5.5274744759670345,4.071369938772773,5.088127559210007,8.34185685123826,25.332995446361572,C
3.037238516318258,7.21465600358349,9.153171926393025,9.579814318117627,1.183515759435666,30.168396523848063,B
5.611502124351744,5.0099683661219565,2.3689169326133053,6.32240183706096,2.3935393515373926,21.706328611685358,Fail
2.7701252432597876,6.167123307671348,5.944640485272361,0.148102407141546,8.16987873417865,23.199870177523692,Fail
8.721239089441514,3.4087653958393647,7.8236579515115965,8.9207337173478,3.876627233054065,32.75102338719434,B
0.9571455552016173,1.5158791190231946,6.09620283798881,4.40978627829508,4.3197063449991635,17.298720135507864,Fail
5.615945077121943,5.753700648257168,7.08950924334157,2.466562402856798,3.060591456539016,23.986308828116496,Fail
9.814214249220253,9.558117431743744,2.719408028130017,1.8385527640330301,5.832373038622021,29.762665511749063,C
4.888978317924514,4.24867927068011,6.533152247691466,7.682825996284163,7.573100938178728,30.92673677075898,B
7.087656552291542,1.8655791219561568,0.9986735292198989,7.248295255132646,1.031913995621263,18.232118454221506,Fail
1.2518579220255044,9.01741676040642,5.37959631644099,4.208332037260672,6.908988872276309,26.766191908409894,C
9.041136604795051,7.223161772939539,7.7909125376361255,9.562446552387966,3.5682681846825948,37.18592565244128,B
4.372816482446176,1.1488309107878891,6.450420122407926,7.684597282656305,7.933648087099936,27.59031288539823,C
1.186437657415803,8.315349724468753,6.853952459095386,0.9492700282487165,7.202719027844154,24.507728897072813,Fail
1.6988707321905727,7.733922246287723,1.4653655078907335,0.3527816675100637,5.705108323094167,16.956048476973262,Fail
6.447452485768186,4.108999049918065,6.016357358233364,5.6660008003788,2.5358597047298037,24.77466939902822,Fail
4.063664052774615,8.147686813470248,2.1806257285406994,8.82243800568946,8.483575426296692,31.697990026771716,B
6.629062523445658,9.614708845247492,4.4518754573974455,3.228993519906939,2.3221091024274054,26.24674944842494,C
9.841103190364977,3.275472709384929,7.679674965079,4.687256046141797,3.6266571751667867,29.11016408613749,C
6.16300485925724,9.751019011002004,4.333512069306393,5.937891535891566,4.087441185075016,30.272868660532218,B
2.476316430714387,1.957751114131362,6.957305280323981,1.7657720156498447,2.792482553524315,15.949627394343889,Fail
4.852906340617153,7.45080171162218,7.549391648058904,2.334761737354467,8.496661088053099,30.684522525705802,B
2.3899768021155134,2.5221839326837205,5.391577233688495,7.533630228646339,4.515499982631925,22.352868179765995,Fail
7.228143032084837,0.9553620763623716,1.437412560197192,4.108567524425996,9.114498132754271,22.843983325824667,Fail
6.070940360887808,6.798367597577203,5.7307065851693135,5.300821341205781,0.17375963661256932,24.074595521452675,Fail
1.8182496720710062,5.032094167515431,3.4198580528798495,3.7435189077618505,1.631351145758052,15.645071945986187,Fail
1.992152748940531,0.5166217582898969,5.63941769644487,2.1623729893417365,6.751180756214515,17.06174594923155,Fail
2.4134970383749987,3.1942209871420446,7.030720219071459,6.075712462054865,4.427364458963309,23.141515165606677,Fail
3.1325074048882193,9.26061372786753,1.2363676733801388,7.192090877570364,0.46563797907284377,21.287217662779096,Fail
0.44881016472718027,6.856766363336941,6.614029925267008,1.759093659975245,6.526789485677399,22.205489598983775,Fail
0.13228812905293985,5.0124047742535325,3.724840325041087,2.9488277266099727,1.9069389865445274,13.725299941502062,Fail
9.447320222914103,7.184414747355413,3.2964649674772484,1.809731153658678,0.7005293966902426,22.438460488095686,Fail
8.390996987996115,3.742644678507342,5.024022197071832,1.7965729560264232,6.760471505926748,25.714708325528463,C
8.22760243032332,3.340146707576542,7.988105198655018,6.360549614121643,0.18099372089526056,26.097397671571784,C
0.690075926128163,1.1393818312798532,9.968347619611583,6.670148994019862,1.262740485999162,19.730694857038625,Fail
1.1607264050691624,6.939921083892756,3.5788853072568925,4.434657157567779,7.890842479312017,24.00503243309861,Fail
9.339874185126172,0.982088890488636,0.11308686680100544,3.503372330681327,0.5610795503018728,14.499501823399013,Fail
4.418337048019546,7.696001512947323,7.135270327045973,1.1802007545227178,7.533212875687773,27.963022518223333,C
9.447362587830796,9.444878798452436,6.0730874292127535,6.4750737984569735,2.8496919539267807,34.29009456787974,B
1.1260922934922069,3.8149129324222733,5.0319832768498305,3.313725961459588,9.115506334512585,22.402220798736483,Fail
0.3042353965408562,7.847732031423843,2.287136051356459,0.2405684673377395,3.1090680839240834,13.788740030582982,Fail
0.12756479707430546,7.457977034187242,5.476840062653433,9.351162411893894,4.328615361624312,26.74215966743319,C
5.183296523637368,9.42334494935037,9.272623257936374,4.330106455903996,2.8009624526145647,31.01033363944267,B
9.024032761106747,9.87595774513281,4.446444143253617,8.66452171726252,2.801103631822235,34.81205999857793,B
1.4004481213422904,6.672596459823491,5.489495100466395,4.580156182451046,6.002886873194444,24.145582737277667,Fail
8.586720549294961,4.420276084304238,9.215037270922942,9.277653986886854,3.610989096346792,35.11067698775579,B
3.7582121900794094,2.2126999862588095,0.11201115388235205,0.008817269081207169,5.238033982071794,11.329774581373572,Fail
3.797857801792298,2.707337324217325,1.795438707941669,4.652425628357336,8.470898129389372,21.423957591698,Fail
7.534721106595967,4.200626695794471,5.6974823116329,6.52618598197254,2.0272027409240643,25.986218836919942,C
6.786600938268971,3.0154401328886538,5.460624966304577,4.804452385001788,2.0240053926620294,22.09112381512602,Fail
1.3216177752502367,4.834690643233511,8.499628782918435,3.561815391683787,6.653531542453765,24.87128413553973,Fail
4.767538755083281,3.6338337099649642,0.1802425316444023,2.2471508288200424,9.665153699888053,20.49391952540074,Fail
1.9201625096794883,2.7122152038411818,9.9461151409161,5.277388899419013,9.03891344089432,28.894795194750102,C
6.981617140197452,0.372538806141961,4.329471211954022,9.649448154923828,9.46616439589874,30.799239709116005,B
1.2613578629576516,2.661499469297314,4.966661809433508,7.176879117176469,8.98353083817429,25.049929097039232,C
4.678024120373392,5.346667548928824,5.610144530299323,3.112051739242816,4.622197704923549,23.369085643767903,Fail
6.724604980250288,9.976503383754736,0.31522185307112927,9.326114278665127,0.6886241919259362,27.031068687667215,C
3.1206404465202064,7.792031367651079,9.267477713451683,6.874086660798949,7.751346991962201,34.80558318038412,B
9.053506419560637,3.662530059984742,5.117949942754186,7.64626277684393,7.80779798792245,33.28804718706595,B
8.899133763628624,4.060125361882192,6.930877587695729,7.9687211379512535,1.6407732363636396,29.499631087521436,C
6.380927257964524,8.815310480420061,2.349930205400379,5.701038425901736,2.5675070067420314,25.81471337642873,C
1.1995294173096982,8.792726411829094,4.126196750590349,0.36989495343217493,9.978485195589412,24.466832728750727,Fail
9.492811717559837,2.677516655395417,6.241381582781019,5.55945156523649,0.12034815324227455,24.091509674215036,Fail
6.077521222527226,4.458496341987177,8.49911435092138,5.929230878077101,2.8926800803068486,27.857042873819733,C
8.620426509893134,1.4938454677122792,3.960718539166901,0.6285329368298209,4.366149864913544,19.06967331851568,Fail
2.2047048099936983,2.044037747655362,4.999210274112006,9.735209257900829,7.67800173348311,26.661163823145007,C
1.9755590567847825,8.703290345540942,5.356651079334027,9.43886296734554,1.5966204353307545,27.07098388433605,C
4.666831558308642,7.068443574290983,2.1940157963738125,6.555930305288187,6.31292466520212,26.79814589946374,C
7.829341727398672,4.370240760986729,1.3427796686198334,7.511533681730987,2.172210551285932,23.226106390022153,Fail
5.0256607646344245,5.707437417333199,7.405941994761869,3.930282582830137,0.6415144736523481,22.710837233211976,Fail
5.245113895702547,1.8150796162149552,2.8714427076813145,3.822725950399758,8.906508441418367,22.660870611416943,Fail
8.218393227529026,8.78335605887587,2.1058389408264446,0.6544250232505389,7.5260807256930295,27.288093976174906,C
2.528374006902893,6.319820929833062,0.896326781099287,7.789855019715402,9.602540108568746,27.13691684611939,C
1.8404477205021352,2.4746772950133744,7.251591512998297,7.496619834583749,6.196706181875275,25.26004254497283,C
5.230654247691193,6.1051316409216,4.49138537144465,4.9797458836464505,0.4476508538311641,21.25456799753506,Fail
9.730767979122984,8.31134765403696,5.881024443177027,5.671351739739261,7.93748546704448,37.53197728312071,B
9.041586944937483,9.285220750424298,3.6195407164822893,5.915217678953557,5.94904686900186,33.810612959799485,B
0.0005282693229680113,5.737442425445865,6.684652551688978,9.278870954736647,4.33907243362022,26.040566634814677,C
8.16779466505636,4.263898947694251,0.6813426377648368,4.522242371277009,6.302086267790848,23.937364889583307,Fail
4.129111895892132,0.18555539069860405,3.80435802891982,0.45051308165717563,7.17474767328455,15.744286070452281,Fail
8.398613028667203,1.2228872118059952,8.519872181847706,2.929531710909934,4.844399873650659,25.9153040068815,C
6.364104112637804,6.175573132096185,0.5345551398319837,1.872503617056993,7.320306915244569,22.267042916867535,Fail
0.12156771477386807,9.656257228375924,9.266213485719222,6.445931630110001,4.0173800380043705,29.507350096983387,C
1.3551687356075404,7.239678737735169,0.5853173927537669,0.6971136346857609,1.5524052887455475,11.429683789527784,Fail
6.374299014982066,9.979151344122878,0.4012878907825579,3.14728240395815,6.883149972964362,26.785170626810014,C
7.712703466859457,2.0265692199043106,1.6523789021040092,5.612038322088613,8.57654043461995,25.58023034557634,C
0.014283430791767193,6.819051664607716,6.72058691385489,2.552965200430106,7.872525704078219,23.9794129137627,Fail
6.867557202819089,7.264655537935313,2.2432391871619495,4.469234518501665,4.4716691400925255,25.316355586510543,C
2.736266662816659,0.24809330042565803,1.7253170068710866,1.839717607438337,5.400387172831971,11.949781750383712,Fail
7.35953560515178,6.685251384461138,8.80240045795455,4.260328494448239,1.3880668399252027,28.495582781940907,C
3.794613805934648,6.885995206754952,0.37645041116763034,3.6398213989773254,7.221676836727254,21.91855765956181,Fail
3.034532164496062,4.359344908911282,4.801230176190127,8.44762734566735,9.663408522543701,30.30614311780852,B
4.521829393601079,9.838390085407745,6.9335484989910885,6.5118792455054555,2.648659824493186,30.454307047998554,B
3.1540689574801273,3.0600610520894325,5.204834143905483,6.7501069268083445,7.743687871821682,25.91275895210507,C
6.996395696221217,3.3384206434338584,5.246211016193748,1.20154852314581,5.486912662093353,22.269488541087988,Fail
6.275580800840634,2.447895190294248,4.836900262647856,8.293223899958575,9.623060446947994,31.476660600689307,B
6.649849034759953,4.337844022073726,6.925639915143327,6.119591429908388,1.5288532986431291,25.561777700528523,C
6.350936508676438,4.8809226026497585,3.8510067894051705,3.554425871761966,9.956754337623563,28.5940461101169,C
2.9391676050493376,2.1158213457049135,0.8950064089550647,2.723674327202794,4.2539985378132155,12.927668224725325,Fail
1.3260399074681106,6.302388123829044,6.378371320100939,1.7860450435968123,4.880140380728822,20.672984775723727,Fail
8.78515561301348,9.985602484850686,6.486373691382886,4.983550923006316,5.564913074967742,35.805595787221115,B
4.490785141348759,4.658717289076754,1.661909196155118,8.669346539457987,5.632385528712848,25.113143694751468,C
9.05756790636448,2.1545327695564334,0.9173744787873073,0.6784448655123054,1.0323081561321767,13.840228176352701,Fail
7.4404945122857775,3.432301749675515,1.7837803914364359,5.743724975451836,4.408378909238132,22.808680538087696,Fail
9.192080310537252,4.327049146265499,2.400958962784876,6.711623533076001,0.7224826262769324,23.35419457894056,Fail
0.5270978985343899,9.374671878137445,2.2989349056807895,9.821956950415805,2.554606153416852,24.57726778618528,Fail
0.6268962162186587,8.904222037791651,2.0454395754493504,9.771031403876918,3.762781765744445,25.110370999081024,C
5.986584841970366,6.07266670101488,6.632806368578183,2.189784509842382,1.806711281809218,22.688553703215028,Fail
9.62810357074026,9.832159866537458,7.423763828726379,4.555888422427696,9.88486220320251,41.324777891634305,A
1.675665393045065,6.924403525181299,0.5236037419440753,6.350124374930797,6.267808021542754,21.74160505664399,Fail
0.3654966784809488,7.0872857990489955,5.15422448006913,5.238800249013764,7.47783675215376,25.3236439587666,C
8.279249545453125,9.035829853016416,9.648059198489284,0.33957262017466183,6.446735633766275,33.749446850899766,B
4.858856061896132,2.0445132623253004,6.640216067199792,7.256835538972272,5.081652718543445,25.88207364893694,C
6.1825477153029595,9.622915416725867,3.89413542549104,5.221044530119015,3.27733804839889,28.19798113603777,C
0.3050024993904943,5.223732639668011,7.710074386098854,3.7447600346631638,7.641710266545935,24.62527982636646,Fail
0.218233967754895,1.7454588350349654,9.600582757647734,9.983815150970125,0.5733476022251038,22.121438313632822,Fail
1.8656702405130576,7.045860321333502,6.238072639208751,2.521525920588158,1.620261614178422,19.29139073582189,Fail
0.38202783757391057,0.6800028364757738,6.059608074907946,3.9141847211037284,3.3998104468813284,14.435633916942688,Fail
8.168779858937828,5.485389920711889,7.569001354287388,6.696891930616871,8.50903831994703,36.429101384501,B
2.3094166459874446,6.4646852043154945,8.421751145444563,1.487744785839984,7.503809551593262,26.187407333180744,C
3.4757152423898208,9.107518127381471,7.3132417667443805,8.533832147669843,5.144011598676855,33.57431888286237,B
4.255056592718428,1.6924759744289453,3.326852973756406,0.15836011046124976,4.385875521625556,13.818621172990584,Fail
1.83579627355146,5.238556070428226,6.12655895228373,8.776878494788585,3.6601142146402896,25.63790400569229,C
2.9939558837168123,6.481680489795435,2.732624545555823,7.794434131562418,4.2367457588295405,24.239440809460028,Fail
3.047510953861333,4.428705061058905,9.441509092328173,8.902231134621863,0.5903057683765334,26.410262010246807,C
6.604697213644312,7.43888144118619,1.991471165201164,6.732593072467768,3.10362871673195,25.871271609231385,C
3.7183678456641944,3.3811577165956272,3.814950100469522,4.122133140368715,7.232437445164081,22.26904624826214,Fail
3.5070978799208428,4.280477919420747,0.1354432392440208,8.607948452749106,5.484963447061364,22.01593093839608,Fail
5.857782709310476,3.388818862486742,3.8945117849192368,8.652718335445392,1.2209505553411792,23.014782247503025,Fail
1.9623428168785562,9.218787933693491,1.6011954723605304,4.481658275997274,3.9444548229478182,21.20843932187767,Fail
7.582384757040913,5.323306025871027,5.216381965906517,4.53894559518276,2.659156794386516,25.320175138387732,C
7.771469159274368,7.289021357907499,8.59567588811114,6.417014709360642,3.7086232725792687,33.78180438723292,B
4.52215100101718,0.1729397576708258,7.973753747701804,8.12358138640148,0.7736641410153167,21.566090033806606,Fail
7.155059546211287,7.382189055403422,2.904848847640389,8.494784454847048,8.821188334824924,34.75807023892707,B
3.2320293202075523,0.14470641502865034,0.7478816450286518,2.726135615193297,8.931483630155544,15.782236625613695,Fail
8.951177407065364,8.70810424775618,5.581427284406553,9.577995915499862,2.63237138769553,35.45107624242349,B
7.481839120488464,2.6655012045428697,5.1733449847949515,3.782666216549211,3.979927875424357,23.08327940179985,Fail
9.730781629723328,5.744337572963584,3.535532768724403,6.537164983321676,1.3944449734213238,26.942261928154313,C
0.4033016105151299,4.196949234995971,8.326425783351343,4.983557813770222,3.9833610693979162,21.893595512030583,Fail
3.368477014471527,9.218884855854572,2.355166185850889,9.666067718544532,2.8139147763622985,27.42251055108382,C
3.5252924130051735,6.454684255181676,3.266338602809932,3.099648819527431,4.369701699432651,20.715665789956866,Fail
4.962392219008139,0.328354290838776,9.56481097231227,9.235086937027555,9.489888142996964,33.580532562183706,B
0.8496628988946642,8.903091977745643,2.777371485542571,1.4215854451073007,4.533263683406926,18.484975490697103,Fail
3.7720178245763867,4.012148277113289,0.11046360056648385,1.2014243835559513,8.528019334276525,17.624073420088635,Fail
6.923543061544142,1.8717860898849026,8.466320532930677,9.442036147216601,8.599488985183878,35.303174816760205,B
6.153478406285743,9.576564743886975,8.095801204568598,0.11996679062675653,5.0607934721392684,29.006604617507335,C
2.193893891962463,8.281085092683075,9.944639698960014,4.8619136877191735,9.247294989035057,34.528827360359784,B
8.01840168452806,7.955633625022696,4.755595547831337,6.5433931296139045,9.91507899474547,37.188102981741466,B
9.966368370739055,9.531110852819305,4.199338384714357,2.6915637761142763,1.3518618205352817,27.740243204922272,C
7.964405615234773,4.520082879870811,0.24237594164172815,6.761082918658356,4.2171320197201805,23.705079375125848,Fail
6.594229620819975,5.239742026857139,4.851869362088492,3.8317266247263317,8.37276589989919,28.89033353439113,C
2.187138889065392,1.8691196479057592,9.79441641971295,3.2140500017615867,6.4574936031053145,23.522218561551,Fail
6.769407829968373,5.045769678928006,7.2616641969916,0.06506067880012734,1.453430872554815,20.59533325724292,Fail
7.20333369165993,7.459546179039995,9.382854151526105,8.61154616126587,0.2821368631276222,32.939417046619525,B
3.559726786512616,7.120634214091708,2.184704310194636,3.6236765951703633,0.9862802372024593,17.475022143171785,Fail
6.347441411040295,8.357874364522,9.748077672500774,2.9290340337283904,2.5376185246863745,29.920046006477833,C
1.0137289755315915,0.9886633845601467,4.103155514738896,6.902451627277941,8.139367052130362,21.147366554238936,Fail
0.9365745260747449,5.911847871160733,3.9196946234991703,0.18900727331417455,1.7959528139961989,12.753077108045021,Fail
0.794193689889866,1.3073473945784997,9.806541915625388,2.390298831394179,9.93352823551153,24.23191006699946,Fail
4.3393524963137375,9.021338684470049,2.7545297224647394,7.8777774101930875,7.541314757949205,31.534313071390816,B
5.526622677767482,2.4345401197176573,0.9557537353853063,1.4180260118146848,8.94634056997269,19.28128311465782,Fail
7.357179867781099,9.253549070991179,4.102053449726214,7.567329468165218,6.2759140012446135,34.556025857908324,B
6.872830044131277,4.02418494256982,2.6207092650214827,6.6367916935652795,4.125640550117687,24.280156495405546,Fail
1.3882717264941014,7.7676827135007285,5.354489996474344,1.5323197003322675,0.4945318434236168,16.537295980225057,Fail
6.791023191444896,8.476811979622166,2.9870090134438723,4.3064208217382465,9.289182605559102,31.850447611808285,B
3.243136638755806,5.9706202094288745,8.639692566492423,5.457991840123394,8.28467519882902,31.596116453629516,B
7.722402758932766,8.761397846840072,2.8832052041727554,7.822876053772468,0.3143180648078625,27.504199928525928,C
9.024130332861034,8.14210898382868,3.296388243277235,5.04336841454627,1.9825685673090765,27.488564541822296,C
2.1171677846196566,0.25440901132439353,5.319854954775457,7.6839882180487145,0.7341693084691614,16.109589277237383,Fail
8.374725196187745,3.837221747194545,7.0720614646698525,7.041410963961697,0.08154594459429676,26.406965316608137,C
5.49622301106035,4.814629176373849,9.374401748839256,4.620964680751532,5.158949509981397,29.465168127006386,C
4.192492493189658,7.304362943536913,0.5953606553415058,3.362134940718481,4.025227888323295,19.479578921109848,Fail
1.0548342746103567,0.515548732662513,5.526956887627854,3.652373420507554,9.746835829863173,20.49654914527145,Fail
9.43565217156977,5.414728274130871,6.521420616113862,6.215692265117477,6.535891048912536,34.12338437584451,B
5.7340162589770385,7.433154936552713,8.29173481999159,3.8325443363256397,5.380451331243199,30.671901683090177,B
0.8479201604580322,8.720297348428668,5.390082375602997,8.583996812081605,7.493080797012332,31.035377493583635,B
0.7177580622651303,2.0852754029918774,3.27551764840762,7.643120384292353,8.303221914806358,22.024893412763337,Fail
3.172552164497,6.277570772615966,2.041990625927761,0.7267594943717226,4.910753543770893,17.12962660118334,Fail
2.747315255195195,4.196547448590051,7.2227809903634945,1.3392435120159607,1.7267486448272995,17.232635850992,Fail
6.323962564655085,4.333808481149408,9.94072138049325,9.287618382249466,0.02015574100220241,29.90626654954941,C
3.2900572966223285,8.288222571053819,9.239776813659406,6.300484869194495,3.14429865739676,30.26284020792681,B
6.231724245321873,6.1540567742777075,4.9103361986680145,4.757675090025101,5.081614698846014,27.135407007138713,C
5.046372879774349,1.0354357195278396,9.436306566335848,0.18167820927166956,1.4894706355591958,17.189264010468904,Fail
0.5393258284087121,9.950312250060355,8.935998186820111,9.163772045137419,1.6406455019241817,30.230053812350782,B
9.47170616843394,3.483880601020574,0.8324074787868385,6.017157305385142,8.978355692229758,28.783507245856253,C
7.063719968099961,1.993238589505738,3.5256214224248517,3.1654453838226484,1.6438907044134288,17.391916068266628,Fail
9.569917688704415,5.499889821142169,2.5484905447520423,3.2757146621664535,4.52320916935245,25.41722188611753,C
9.335931437012515,8.492687504381811,5.383365129442652,5.196209378963253,1.6626018096705575,30.07079525947079,B
9.668454997992853,1.1654460999863259,4.102857106531591,1.161382996501229,5.331878303410949,21.430019504422948,Fail
5.168367677344992,0.8238173907841062,1.3160554946834924,1.3599365083584736,5.537099260326105,14.205276331497169,Fail
7.189069446047903,0.9831146023723747,7.870358421952764,7.686242298882978,9.1398549021734,32.86863967142942,B
8.70578425046007,8.75329082637908,3.264494417513694,4.8752742122071036,2.37818498373405,27.977028690294,C
7.55133617445196,0.8411009930968572,8.744399854003829,0.3662922236372468,0.4650106392536679,17.968139884443556,Fail
7.085835457678252,7.925871600335686,6.969436258397035,2.6025883102679295,2.400649632599908,26.98438125927881,C
8.282492524372184,2.5166443504547074,4.554028035496644,7.800207562769929,7.711849335353241,30.865221808446705,B
2.848404943774676,6.249224697884563,6.519908538658549,7.19240187335744,1.6052148555576784,24.415154909232907,Fail
7.4860870858183235,1.0378192817667187,8.857823579196284,9.64786152950037,1.7656839891905896,28.795275465472283,C
7.832900924388664,7.798425810193168,1.3779337463847252,8.507764106400028,0.007050118361522362,25.524074705728108,C
3.4823063970736867,9.31531801409579,7.267096859306178,2.1661165818105577,9.23857226011243,31.469410112398645,B
8.275236939538171,7.3855949811579515,6.982692319477085,9.941368135816571,4.11458737092765,36.69947974691743,B
6.676017135832351,7.08975145939339,0.08200374806721644,5.7407601584746,3.6325673378261145,23.22109983959367,Fail
6.623718599127535,3.6975250797302794,5.27971509808366,6.936043419218791,5.594862576265114,28.13186477242538,C
7.711360481708222,9.320458362386226,7.0045827642977,9.935899972265185,5.668605333081277,39.640906913738604,B
0.23459021721154438,5.073185006796489,4.168302248640448,2.652500649566324,7.549057075970432,19.67763519818524,Fail
4.035199924402112,3.6261695158546203,4.605366218369756,6.319976049432336,5.951128089726664,24.537839797785487,Fail
8.151802319698891,0.7467943281670963,8.186421885384329,4.568916814111463,3.060155947380373,24.714091294742154,Fail
9.406901877232318,9.002770271276916,6.430176824140022,8.15421660016061,3.8315075539251287,36.825573126734994,B
0.05313475668345946,4.7963195619952685,6.5542750110310415,0.9449286833249537,1.1742866787347517,13.522944691769474,Fail
3.7344459114543547,4.647237562500374,6.575818868033289,1.5363508289444439,0.23023350788303976,16.7240866788155,Fail
0.9206698608247543,2.88217582955867,5.476857230291441,4.291375909552792,1.8855910220032734,15.45666985223093,Fail
8.734232380816605,1.3338861709325955,1.4900854341165115,8.829674556481761,9.957998626628582,30.345877168976052,B
5.505316805962256,3.941704545835062,4.881452095272655,8.483386499645103,2.3731575895091197,25.185017536224194,C
1.8176359776119422,8.443335491993377,3.0905515747261756,6.994903745971763,1.5472807515135856,21.893707541816845,Fail
3.860509356518358,0.33187630225001485,7.778299791402038,8.834919151977477,7.5378569864958225,28.34346158864371,C
4.716494907505954,7.571666254125197,6.526296360752237,5.71767338021047,7.449900526167515,31.982031428761374,B
3.062536207866117,7.101450375965034,8.385603633980176,5.676198212322694,9.740569128701518,33.96635755883554,B
1.097361986775035,9.09718311907776,0.6325403087429238,3.3029562296812753,4.045490122329026,18.17553176660602,Fail
0.8877326695623267,0.3048326031138804,6.720373787178573,4.725790996152595,0.8045104228544331,13.443240478861808,Fail
8.985969105689701,9.471165032363784,8.331094174196362,1.8991356994169062,2.243604998384318,30.93096901005107,B
8.49034513283473,7.336440652625665,3.267523893783747,4.417258904322691,4.0030474167945425,27.51461600036137,C
5.565784285021533,5.67826091399584,6.153114072274393,1.4857847910886257,2.951003248792495,21.83394731117289,Fail
7.2697987134581545,6.103077815400959,8.05998454556707,9.399983176304376,6.7687266666845725,37.60157091741513,B
4.856342984133404,6.095203113099243,8.737126849058887,2.7540638005974607,8.404140514049626,30.84687726093862,B
3.745401188473625,3.7364081846669848,7.299983109899704,6.381445683721739,2.989120412044165,24.15235857880622,Fail
9.846697395245082,7.893004491081501,5.210796961040165,2.8220416055180833,7.592476519683427,33.365016972568256,B
6.7170068440585675,7.672783010536483,0.22621557127100678,3.2931793025031855,8.335428341509608,26.244613069878852,C
6.258599157142363,4.875984380495609,5.302190478209937,6.873377015489488,0.674450481772606,23.984601513110004,Fail
2.3097931052806366,3.6300144998256147,3.3784061907484766,2.818052231138938,4.685985087288353,16.822251114282018,Fail
2.1455652133000225,3.715412244495886,6.649252506464093,2.853986613822973,3.738161442197936,19.10237802028091,Fail
3.587155254170135,4.040201028628135,4.022746240235646,7.611084417546218,4.732606751031575,23.993793691611707,Fail
1.7935601028924097,6.577784072381785,2.0064640888939445,5.462859491917852,4.048343029196589,19.88901078528258,Fail
4.6866064199412625,3.703201754505222,5.437389561639287,5.195860529671238,0.6854461152675551,19.708504381024564,Fail
3.32456157148712,6.753546270086592,2.2127675537223324,2.134038374188987,0.5287459888400292,14.95365975832506,Fail
1.904134960249102,3.8906070961865256,1.1906274486254698,8.37466689422341,1.1741604466505562,16.534196845935064,Fail
1.890172827464972,6.824061619553177,7.538048620602198,1.9173033674210749,3.0018928202144712,21.171479255255893,Fail
9.401798347292413,9.528695203580837,3.6792229695827974,6.554431252345617,7.892800423195212,37.056948195996874,B
1.716781950432169,5.739453222006694,1.9948479152464849,1.0307363665152658,2.213304535279769,12.695123989480383,Fail
7.3786951856153005,1.4943190214201907,6.1133634695295305,7.165386372090675,6.928931039471257,29.08069508812695,C
2.2210781047073027,2.3233554592401817,0.4984687411445432,0.44956333489487355,3.1934714797145736,8.685937119701475,Fail
9.471614629002477,4.747277852704834,9.268485431626761,0.8649527402139756,0.5249618713488136,24.877292524896863,Fail
8.543850933695792,7.982211815880134,0.6820623474272547,1.8488649694202863,4.387922853094713,23.44491291951818,Fail
7.032800540422505,7.785142948525573,2.395876184940333,3.5125033037648623,3.616742644635794,24.343065622289068,Fail
1.4602101929696254,5.040380076287573,8.152218542121183,6.669038308661737,2.433049141159669,23.754896261199786,Fail
2.566472071860958,5.504924694659178,5.590677276092374,8.420677649875095,0.3494898039047023,22.432241496392308,Fail
6.2605470898080124,7.460934621942268,1.558389848041184,4.120336439504602,0.5746662968717053,19.97487429616777,Fail
0.5708685608931485,0.9876905139875125,7.364169117764491,3.7270951177289535,8.19300324105395,20.842826551428054,Fail
0.8987685173616067,5.420353855061181,9.657266234117882,0.8672931568579245,3.7400561548199116,20.583737918218507,Fail
1.2758030279556376,9.345580725432818,8.111178727406951,2.0728330584907373,8.524649388815355,29.3300449281015,C
9.638176611881805,8.828853066451842,2.3628770803952124,8.709490863199559,0.7131729205424753,30.25257054247089,B
2.5859159113478403,6.888664844255561,2.63784102448274,8.086921561891424,2.0387330923211513,22.23807643429872,Fail
1.8188008439914483,4.0914378791762225,4.905267370254732,2.6573157717756732,2.9199265655953823,16.39274843079346,Fail
0.6779639582811259,9.6705540322831,7.771596962598291,9.171020177378367,8.289911073038605,35.58104620357949,B
4.589405165968204,5.51828224223585,2.045833721504385,5.582625973529688,2.639880219357973,20.3760273225961,Fail
3.4652416795271823,5.605221848950899,5.12268750784452,3.0272292446595106,9.490718266442608,26.71109854742472,C
6.354143568619098,0.13444043983416254,1.2503161560862253,3.330111193420726,9.550718788846451,20.619730146806663,Fail
6.826711524627593,3.63128442846072,3.080362749282348,3.477849454990679,0.27492657882556837,17.29113473618691,Fail
6.53162790531283,0.7268215584081095,8.768394060751858,6.70310037667066,1.1028842014644369,23.832828102607895,Fail
8.216368977104716,6.484975975472041,3.4915540146785187,2.4131723381161354,4.320055473162707,24.926126778534115,Fail
0.20341081882177647,9.14188424133511,3.9376040037956326,1.0916674587805675,2.3565515946436975,16.731118117376784,Fail
4.344033190066098,6.349515157609817,6.5600810847091795,5.327090660990051,7.266132791834842,29.846852885209987,C
4.540965933775366,5.636586996350151,9.569986731397975,1.8426543652582883,5.827440488484104,27.417634515265885,C
2.8893701665758265,6.613482063119197,9.492508196347979,9.50207873099248,4.7120305572396255,33.2094697142751,B
6.796203327351078,3.5916393863395313,4.352722388639413,7.888203063522528,8.327635511489937,30.95640367734249,B
4.743086648684303,9.38883315070567,9.455435621759694,4.864334585878938,9.56562124257659,38.01731124960519,B
4.320672850666178,1.2766663498230535,1.4135724313210396,0.41010773450980476,9.48021837908192,16.901237745401996,Fail
5.270414639116517,3.0677275135283235,4.7248502537138215,3.7281345117777986,1.182307246108436,17.973434164244896,Fail
7.407686177542044,0.4197272624350601,1.1322579225121754,2.873573707628548,1.2352393862188027,13.06848445633663,Fail
4.064165365740187,6.989276609452169,0.03316704404901505,3.7718414442315042,0.25127385743561215,15.109724320908489,Fail
3.6509392023180585,5.142542790619751,2.912610394612268,9.135586941902435,8.549141801113585,29.3908211305661,C
1.6022560097650629,7.633812597835626,4.0956136029344385,9.177178605198655,2.407609205335548,24.91647002106933,Fail
3.1172206779554825,4.078600255909134,0.8697875106421116,0.04113161589097358,8.962932143325263,17.069672203722966,Fail
9.460756180688314,0.30727179650499536,2.164369706323388,2.4359395605721277,5.848576022052359,20.216913266141184,Fail
4.139260580525889,7.779861187205073,6.002061764059684,0.25476426269456787,8.772412222999836,26.94836001748505,C
2.062521138361526,3.4685701092888954,0.22250125495225204,3.4329840526344846,8.26487588371991,17.45145243895707,Fail
3.832153659472517,3.7246694782567324,6.332537215489892,5.5176401853963934,7.960990674120873,27.367991212736406,C
7.636922693503205,6.595968270588149,8.317211254931857,0.6848466444440771,4.188029859362721,27.42297872283001,C
4.089529444142698,4.778770771227307,7.816812079596197,2.5699156375780916,6.050361206551984,25.305389139096278,C
5.70664578980789,9.012087358416125,7.298866645227468,6.786702001124363,3.5771971953761996,32.38149898995204,B
8.159469389686173,8.893047238282184,0.29190840494468073,9.693702910184662,0.5269082555354654,27.565036198633166,C
4.626756050653935,7.388274373511795,6.679826378293945,0.2815282362005467,8.113040106894477,27.0894251455547,C
2.098646772791212,4.340000165954772,6.321651648399243,8.673984725382526,5.888364599081351,27.322647911609103,C
3.8015014195766996,7.751427640453388,4.710189100186824,7.0529521793964145,6.295406776154769,29.611477115768096,C
2.1825388786506417,1.3132324976431742,0.6110707846893304,7.144085958537897,1.0634866564983214,12.314414776019364,Fail
0.5168567991113182,1.5574693185344424,1.5814946056952195,0.7177879067199888,1.7756983853052843,6.149307015366254,Fail
5.1849297494224045,9.051338748441857,9.456938848825253,5.504545534313276,7.257040615165246,36.45479349616804,B
2.3360775104990994,9.115968865602742,2.5303154353213997,4.011162056547923,3.168188707062466,21.16171257503363,Fail
5.085706911647028,3.377559871322291,2.8814524861152826,0.5023689925776098,7.308568708146116,19.155656969808327,Fail
9.856007339528004,0.9566358641884165,9.731532931452527,2.048866025614202,7.397521109884252,29.9905632706674,C
4.521990282834353,7.578581220721001,1.22196761829238,0.4890713430494775,0.2610412656712702,14.072651730568483,Fail
3.969815170742834,3.718601153330944,9.687374888947463,1.1894132685383663,3.605970331525752,22.171174813085358,Fail
4.603553731348269,5.364303967894921,0.06000781673981992,8.605822260457792,7.736174164533571,26.369861940974374,C
8.672942009598025,8.542676926575307,2.71094943079883,1.0707384971533485,7.886106277553235,28.883413141678748,C
7.699736182066009,5.057654423348055,6.269278826274897,3.5370993331902456,8.520088935722436,31.08385770060164,B
6.23859324676573,1.0022825664288426,4.744231942887986,9.542717760924472,9.209051159649762,30.73687667665679,B
1.6703394609207523,5.600039892289184,8.700225271891718,3.6081858454333027,0.4147728694996011,19.993563340034555,Fail
4.5776461270413416,8.3693935829105,1.0668638422657983,5.967188523814889,0.4902948617458236,20.47138693777835,Fail
0.6007316835498244,2.16319969018972,9.857660705627346,2.2786307500594125,6.1531886428646185,21.053411472290925,Fail
5.544891143211707,4.681838960287671,6.10143045075529,9.533088632672172,5.206969750830628,31.068218937757464,B
0.5651569079675733,1.6247915337690344,7.685909587698068,7.261500894327268,3.385942489874317,20.52330141363626,Fail
2.434670440667601,7.567798069785374,7.225161070962618,0.001800389839627936,0.024137544009764644,17.253567515264983,Fail
4.114109317604655,5.717373111603222,1.0928743795296658,2.0749318680484574,8.808550282272588,21.80783895905859,Fail
3.27566293922126,2.75076785137923,4.940860432311611,6.572334591672643,5.309630403031398,22.849256217616144,Fail
3.986630277723131,7.721525048074646,2.8460721182704196,2.98036860797098,8.862313783824762,26.396909835863937,C
4.30535820913037,5.4143447660984485,8.378966746987134,5.71334234822284,2.2219993709364605,26.03401144137525,C
5.5733716957300805,1.851650454162026,9.87705809716198,8.026467593928203,3.6719600833195942,29.000507924301882,C
4.872653541000508,7.191965605136547,7.597861212004046,6.981630368036552,4.608247638987314,31.25235836516497,B
8.224805636343609,2.7117778571120343,0.12936892275355993,3.7735808456529494,1.6653923209983201,16.504925582860473,Fail
6.011150117432088,7.629488785115611,7.095677163980609,6.869219076574815,5.0957319082604124,32.70126705136354,B
4.919280240391293,1.21442615728375,6.4849775116910715,7.8462029238536,2.1771149386432374,22.64200177186295,Fail
8.453299756887267,4.8078141794911335,6.456397197629782,9.405089804995985,8.202077265463622,37.32467820446779,B
9.002641112020704,3.5624825308758377,5.969251357296542,5.678457554974776,0.22855769503791534,24.441390250205774,Fail
2.84104149227433,5.035585463255225,7.569263876274804,5.48046154163281,8.532027150599326,29.458379524036495,C
7.588681344179497,6.393387635014058,6.325494446185558,5.222517257406045,1.4490175170784914,26.979098199863646,C
4.374749220237291,4.340710818159804,3.396453230720148,0.31708075891562215,0.8124958166955287,13.241489844728395,Fail
6.379304895796655,4.553677335035635,9.010352503184775,4.965240745651686,3.8441140864888137,28.752689566157564,C
2.9653558128765525,9.931707895983328,8.868098656594016,3.6501417385920565,5.035747634376183,30.451051738422134,B
3.093242243582229,3.726760954958379,6.750109960860287,0.4713125169070298,3.453663147492667,17.49508882380059,Fail
0.06047043183978418,1.3721723161006594,7.9823431387381385,9.765750318871623,2.2969551280522804,21.477691333602486,Fail
8.941908746641182,6.562279904088067,7.723196933737526,7.0956010497481365,7.285990316014068,37.60897695022898,B
7.692505592415867,5.17155970488958,1.8723383961532947,9.161922088165571,1.064212237631318,24.962538019255632,Fail
0.3343798556109767,4.201280789956181,5.446349873963286,0.14166260962134913,2.3946803851606315,12.518353514312425,Fail
2.2207587069332058,6.112143311988301,7.485857267118027,2.078288042931198,7.4998289652261665,25.3968762941969,C
8.583229388788581,6.298837036711994,5.629692349042029,2.0432466143702763,2.9922745013949656,25.54727989030785,C
4.397404865079086,0.8321770274007045,6.409941161261559,7.08462347899363,1.158842307266419,19.8829888400014,Fail
6.06216642220766,0.9155173575124609,6.433001660361084,4.12257194420137,9.874956513975437,27.408213898258015,C
7.527166395576412,3.098397715276783,5.351302003196929,0.1827551473835698,5.517746692267631,21.67736795370132,Fail
5.027834418466806,0.5462153648903822,7.693305888246348,7.541076955101822,8.562224066914489,29.370656693619846,C
2.258814129335759,7.924877273700713,3.2922106100678206,6.358734807339168,7.212012565275506,27.046649385718972,C
8.610333999722403,0.3291376866117368,6.5222282444322826,5.848854073266984,7.033603158537919,28.344157162571324,C
6.176945861885908,0.5924845239972754,2.5370380751214547,5.395234215262771,3.874313013446866,18.576015689714275,Fail
1.7182946035765845,3.2906281690090955,3.6440470613623734,5.898107457675385,3.702823950231532,18.25390124185497,Fail
7.766068397963906,3.049955183026858,8.468879076509753,0.9215341720083625,6.015705605953655,26.222142435462537,C
6.225753978327817,0.39319487668473263,1.0243868976608062,5.402867043748234,2.680479825360357,15.726682621781947,Fail
6.373021565380239,2.9771984805851694,2.202861677467326,2.714634956985357,3.274265056319321,17.541981736737412,Fail
0.673506014687717,6.076235758839388,3.1052956934200573,3.796772079054107,1.385320052606267,15.037129598607539,Fail
3.3966062048144274,2.2973465411852856,6.013671768130031,5.28598412166966,6.695657281670652,23.689265917470056,Fail
4.52323477634296,0.7096463328553548,6.692934249467889,8.571151500251062,8.656885702726528,29.153852561643795,C
0.8279866792512647,3.150559693186544,8.547245941184356,8.747517831537248,3.064488960927906,24.33779910608732,Fail
8.713335923402825,3.184963132638786,1.689805892337125,7.580282672954186,1.2786857716351363,22.447073392968058,Fail
3.0461376917337066,8.936486490904809,5.7963057023661335,9.712051611903979,8.29774641424093,35.788727911149564,B
2.8524434230676654,7.393361958960009,2.645994541497169,1.2962999017088939,9.177252129843273,23.36535195507701,Fail
1.6471774694298091,9.582984830713006,1.1709408113999809,3.1272811606729443,1.0539591202372756,16.582343392453016,Fail
9.925146201619713,6.552324845763441,0.4690641038115051,4.759829944872596,2.0844776570837062,23.79084275315096,Fail
3.0117558699735882,6.016700217635939,3.5756387869960484,8.655633927865502,3.5013975397859087,24.761126342256986,Fail
4.633910088046463,3.5462709444311855,0.7977592530942323,2.8658564230414605,5.531670542510789,17.37546725112413,Fail
4.065678079054909,9.035312259127926,3.0545127335459297,7.151031785570919,7.03446130027975,30.340996157579433,B
5.298338889620703,8.156159153470275,6.6528139325655955,8.177882697803504,0.7372708444738663,29.022465517933945,C
3.6218160279415157,2.3695636258815678,8.809199954597526,5.763756510090161,5.7829685875537065,26.347304706064477,C
0.9301740926267499,3.6169081130025296,3.116094152991379,9.815420751573521,6.988330531598114,24.466927641792296,Fail
9.265876251614944,9.018383164416711,6.727907094660301,0.12049922386867862,9.49706946207324,34.629735196633874,B
9.955164485903246,9.713962669894983,3.9825762009665633,2.4109014953735475,8.032954738153629,34.09555959029197,B
5.48145202728022,2.9041092214224653,0.4654003956497399,7.8976553620506476,9.50984820111659,26.258465207519663,C
5.145711162678005,0.7849242446690641,3.8734473163577485,2.5952332297713445,0.626865074015972,13.026181027492134,Fail
0.0003071884538241587,8.72873285767126,2.4286465053126625,1.6802074925609711,2.70567928085737,15.543573324856087,Fail
8.050903184956628,6.682594372081745,8.396054509905165,2.765483499399284,8.510750043217204,34.40578560956003,B
3.1610131154697054,6.844326895815987,7.1989963638469945,5.838628031285862,5.970880391584586,29.013844798003134,C
1.8624493829977473,8.685756320374537,3.864486584836231,0.7082399473261558,5.324808682746838,20.44574091828151,Fail
0.38363861355701134,3.2564649218745325,9.782052037999168,9.558246666166374,5.388591777677273,28.36899401727436,C
7.4807317942953215,9.195306289128325,9.996563089563388,6.553601198295534,7.761919716863057,40.98812208814562,A
4.091966437856498,1.7296952460307513,5.223639478419027,2.669693919387446,4.9753377970599715,18.690332878753694,Fail
0.5574085358744174,4.67892528132025,6.513831711560146,3.3346853978480784,6.22981046150319,21.31466138810608,Fail
3.3134700710305074,2.924454609973959,7.221886124756745,7.148684987686807,8.133474851998754,28.74197064544677,C
5.553635509376313,8.339907620990965,4.043046580626566,7.432202504026062,7.89193136773331,33.260723582753215,B
2.74703815047892,6.113055170553867,4.00404737210037,6.550794802922452,6.18157100984976,25.596506505905367,C
9.291447172116873,5.732229575562436,0.5010542650497185,1.0573513650610566,5.976038091306527,22.558120469096615,Fail
3.293780670342177,4.755700767536536,4.921021056389296,0.7854591697311664,8.603288915450646,22.35925057944982,Fail
6.144994602551925,3.2938732198659637,5.475380670492331,8.358423651515423,7.785834718513456,31.058506862939097,B
2.4247050363472966,7.550939672981465,3.511378135956563,1.5095478741164636,2.519621436312293,17.51619215571408,Fail
5.200680211778108,0.009430425274903342,1.9571341492826522,7.66553370339731,6.385966846905918,21.21874533663889,Fail
7.486452341262,4.707602216677023,2.779974340199379,1.3259485472833465,9.862547502177453,26.162524947599202,C
5.877693608621982,4.530147503801885,9.663107088924127,4.787420626427572,8.924960974115407,33.78332980189097,B
6.7617756207543405,5.534000268334149,1.549296868447233,3.375844577815493,7.619527577006262,24.840444912357476,Fail
5.193126926423032,4.956613440350884,6.373541578683929,3.9744337172237207,9.963574617147925,30.46129027982949,B
8.904095172193285,4.166700832063705,9.692692443485262,9.436801906374457,4.579396393200158,36.779686747316866,B
7.837598424841072,9.771829065949959,6.511257449523244,4.423188563623751,0.11074782218727264,28.654621326125298,C
1.6439268432841414,8.841706585108861,3.3312236424332378,8.412118369060144,8.059720221785701,30.288695661672087,B
2.3185961388284837,5.2224325156688405,1.3008157189181757,7.4584254073755325,6.069237176808207,22.369506957599242,Fail
9.12363345616691,7.691867899959281,5.576719047025667,9.120200041479698,1.092210883875312,32.60463132850687,B
9.643532340359865,1.3178666863411026,2.0077264835442508,7.4591659475541015,8.126178137471891,28.554469595271208,C
6.869274167743025,7.240764217904032,0.6510469250491324,6.143010251792214,5.548361346252007,26.45245690874041,C
1.1539464217891737,4.413600786856215,0.9707749047365744,2.5671994191332983,9.770797745436969,18.87631927795223,Fail
7.8292361425757235,4.154820866996033,4.384572805414136,2.481669013941633,1.301936823064349,20.152235651991877,Fail
9.096268194365924,7.785530255185421,0.43338733302479726,6.127582408421135,5.672729644281951,29.11549783527923,C
1.2890258507349894,7.45751329984277,4.541053232355679,5.834723667901471,6.3225509088557095,25.44486695969062,C
5.3998537971585545,5.5451255569096505,7.2556519733086775,1.8136776027080992,9.972975107374646,29.98728403745963,C
4.766204563105404,9.779997935612899,4.6773648702827035,5.983901897540017,7.276394858749436,32.48386412529046,B
7.9155820259137,8.540155304554593,5.405946539617489,1.9311079420936317,2.5932769986818305,26.386068810861246,C
7.344439320755915,3.231897848317934,5.967222893673624,2.508779791039484,7.608924496241443,26.6612643500284,C
8.254156641239481,5.487196055830495,4.016185740792371,8.983917502275496,2.9433296450478608,29.684785585185704,C
3.100340240124501,5.151376734611006,8.598074820161882,3.190015309208738,2.5257340029813777,22.565541107087505,Fail
3.5567271646494913,1.6587792466253548,3.367927887258131,8.125627103908734,2.961155647964219,19.67021705040593,Fail
8.610629364797195,1.6022877602200503,1.7652910405266908,9.163138422263213,3.570480894166259,24.71182748197341,Fail
7.476093801762511,2.289871853003117,7.6368310044972745,5.229201689742386,0.19172905053087108,22.82372739953616,Fail
6.09467763366622,6.697458074256391,0.487580987901991,4.288516094168369,4.083987833272448,21.652220623265418,Fail
2.1766739958053605,5.000923357822332,1.5968951246208407,1.9167150585081694,3.7589835326332386,14.450191069389941,Fail
0.8975950056015713,0.07730267340348984,1.1907342598274095,7.05871856767533,9.799823818365201,19.024174324873,Fail
6.740013710698536,8.459593654230126,3.346408444635639,0.16898738851223394,4.85800590442972,23.57300910250626,Fail
7.2537160023485745,1.0856314470280937,5.1099184997991784,5.346077874911287,2.793160954292487,21.588504778379622,Fail
0.1499850037713668,3.771170641716802,4.173059190395283,8.849530527508367,9.681100733676848,26.62484609706867,C
6.804993020747131,6.679337354557424,9.841766428948821,3.197406065264862,2.602585403964749,29.126088273482985,C
0.7718753022646796,0.3161501127124211,4.392294771691883,8.15359479050288,1.4889220133739423,15.122836990545805,Fail
4.473027562526006,5.566956708208533,3.827062851900027,7.8283446337186255,8.567253358051696,30.26264511440489,B
3.162701497293068,9.09360326724968,5.0502708850229405,7.8364011125902975,9.524484582433425,34.66746134458941,B
7.889324717760072,7.354140255070031,3.5654214321427222,2.887040487997563,9.048894713874821,30.744821606845207,B
8.891193557274429,0.7747806596373052,6.668447595683995,4.497051448836772,2.7961199271885597,23.62759318862106,Fail
1.4049900979551733,3.9174808760521174,8.112628496669277,3.558275870433439,3.848389603785418,20.841764944895427,Fail
6.989488284873856,7.640555898524384,0.8616669340141503,1.6173852973254543,1.264232557096483,18.37332897183433,Fail
4.303164280423909,5.4737775349974624,6.4061712422555805,3.2617310952982734,4.356714419975193,23.80155857295042,Fail
5.605393524167709,8.425270512876104,0.7222157275550722,4.1186864600050495,3.0211578171628064,21.89272404176674,Fail
5.976823355234591,2.1005292017930524,7.736401553995344,3.054379697121623,0.6141608237157881,19.4822946318604,Fail
7.773021481439183,2.925076950290635,7.494020318593119,3.8925016157568493,4.542028628088066,26.62664899416785,C
2.696300087671828,2.5054605893112827,1.691375933224738,8.791976352397189,2.026558120077895,17.711671082682933,Fail
4.573166098928203,2.3259359897575904,2.9150512395457397,5.561299334471452,6.6504813401168725,22.02593400281986,Fail
2.2675861740051593,8.970574683722921,4.806845363474286,9.018121732155986,7.698056600982401,32.76118455434075,B
6.47474714154603,3.756487354930008,1.9866063517131805,8.143831076479376,5.221014589470707,25.582686514139304,C
4.217126175259164,6.694985765506946,6.174335204824778,1.4157249139281336,8.895292349828809,27.397464409347833,C
3.266219057480088,0.16305901786504817,0.47447474860050187,3.6127191508850567,3.6862828188468355,11.20275479367753,Fail
1.3823208678533716,6.3548301554648825,2.818818312326891,2.778591650699819,8.728926200686427,22.06348718703139,Fail
4.105048213483565,9.571065528560323,4.805129861917358,1.7488479594746265,0.4910330690804099,20.721124632516283,Fail
4.305293384622075,6.634583230160925,4.88062459913472,8.221376255297002,8.55269519672093,32.59457266593565,B
0.7586332810866392,0.7502208889291817,3.4520710083533235,7.54708978643566,7.444431561771444,19.95244652657625,Fail
2.107931015500286,2.698334532910943,9.00339963874295,8.93006063841903,3.793471567262893,26.5331973928361,C
8.123173327141188,8.351261633432042,7.089046080428327,5.259218260706709,3.0061058287116458,31.828805130419916,B
7.815231295330671,0.5683906107981962,5.592580130393432,0.5672758362885222,6.902927878387065,21.446405751197887,Fail
0.6707647738842748,5.009693018588683,2.5967545558894924,4.870488766830143,1.0415863441940187,14.189287459386613,Fail
0.40728802318970136,7.86367385961698,3.4879058853202096,3.1125692288669606,4.965667509143577,19.83710450613743,Fail
6.393748005427755,3.956174657932684,9.419509036613675,5.111119129844214,8.92899292650279,33.80954375632112,B
2.749791919736402,6.8516120061418615,6.328859000204128,8.00731122942382,9.451665640361085,33.3892397958673,B
5.694823881365918,0.5438696600157233,2.639935845405094,6.124702814562093,0.9291745158314235,15.932506717180251,Fail
2.8249606597285224,5.849361183390478,8.262913649373523,0.5930143321233294,9.951229994733012,27.481479819348863,C
1.9668819731282305,3.843390279585277,0.8964126823633922,8.875718449877596,7.047899317063026,22.630302702017524,Fail
8.038048904834751,3.4702802532563606,8.473500281430885,0.8778026173939857,2.4833255077736913,23.342957564689673,Fail
4.755961918220083,2.7906027717993656,8.401131642004497,7.0862710205231245,5.94275114986289,28.97671850240996,C
6.699534908592181,7.516205508448137,7.482344914331946,3.184328974169388,9.335275033752337,34.21768933929399,B
1.7396370590333865,0.8366341005118316,6.374670588141295,0.7901027020684581,6.908749435713153,16.649793885468124,Fail
3.663618432936917,0.08223131388891525,6.729641731118157,6.7807951019093125,5.800100176065145,23.056386755918446,Fail
5.706097466388297,3.995064752605643,8.315362865093537,3.1296697270048233,9.707764060773883,30.853958871866183,B
1.3252467274184843,9.476025016077221,1.8013702713220625,0.0712750282862118,1.8183854974819902,14.492302540585971,Fail
5.074119387178088,6.1448100820298235,4.3248338819944205,3.5952900437752824,4.9338186396454775,24.072872034623092,Fail
3.9273511422422756,4.479420112823861,1.9803292546222828,5.890653382975013,4.81146151414673,21.089215406810162,Fail
2.3227336479050074,1.4679375943696293,2.8550816641639143,3.483613423883254,4.013196857665261,14.142563187987065,Fail
6.967371653641506,7.080237839979118,3.0052954971714696,1.6490674384670012,5.060632494365266,23.76260492362436,Fail
0.7006869572118946,3.728099892032055,8.512723869021046,6.8512197215052995,8.92459889652398,28.717329336294277,C
2.600480402524339,4.911385356958268,2.520569285440468,4.006262599041731,0.9864797454787366,15.025177389443542,Fail
1.6473400888772405,8.95883837067547,8.537630041248534,1.6480864874703638,2.0027603781364345,22.794655366408044,Fail
5.577834173700249,9.178025402095836,0.15740611116717984,4.527418148397341,5.779146098521801,25.21982993388241,C
9.472833396118153,3.4443828842851,8.712876357346662,9.034432902155357,5.122540633764986,35.787066173670254,B
0.4458809273414399,6.437404583772466,9.639412669836535,3.4166878157049005,6.386412000153757,26.3257979968091,C
4.976495545052182,4.554781515951109,7.633163880745206,5.681375798243614,7.031519515634316,29.877336255626425,C
4.838025398606472,5.240724465067044,4.408723714950775,2.18549081250788,9.018630111233657,25.691594502365824,C
8.696958848516338,7.839169288465484,9.205026261336183,1.7239344421365654,7.624640474925069,35.08972931537964,B
7.083240490779703,2.1997708065401955,5.646261312134161,1.835910703044421,4.650688400715483,21.41587171321396,Fail
6.256499129414531,1.9519381427592553,8.52912920264785,0.6557066035397285,4.119924248043385,21.513197326404747,Fail
1.5341288238908801,1.3105574342166748,3.5730946940805017,8.997079490377743,3.529674865620022,18.94453530818582,Fail
9.715326909010507,7.640126256657207,8.243323377352484,0.10361547077779032,5.544308243272972,31.246700257070962,B
8.18737990454652,4.926642258305288,1.2330420558804378,4.523806905326133,2.4122695445333484,21.283140668591724,Fail
9.166431026939161,0.6715778238282133,5.324802068605884,3.148128781892746,6.771912172405029,25.082851873671032,C
9.320281055100175,5.838332726254226,2.8983546237964033,3.9854739938433337,8.811434342268406,30.853876741262546,B
1.7238636210516622,0.0033015925947643687,2.0320759326043114,9.502136073945268,4.314167262080665,17.575544482276673,Fail
0.3646105082561846,2.259783846551835,5.624706135286772,5.909448673317119,3.4109608265747084,17.56950998998662,Fail
0.1911609442976403,4.680840601876467,3.476529475832968,6.51254185909738,9.8569712497481,24.718044130852554,Fail
6.978327855051701,6.46010290946699,6.248422975977874,3.0001981384181087,7.525672946335956,30.212724825250632,B
5.773534012196677,9.897228904663063,2.416628103745814,4.3522389477644285,2.765436278959741,25.205066247329725,C
3.423951232958596,8.76223293131641,4.650066322123362,3.9477976606320144,7.803592418523506,28.58764056555389,C
8.126930433757824,0.12168345382033152,6.020315961413084,0.9547391448251685,0.13955531523223708,15.363224309048645,Fail
6.28030464569537,6.514003587009167,9.7742836908247,9.066129944146002,4.486111340587992,36.12083320826323,B
9.931637389334785,6.0456266460423755,2.761227833440265,5.601654905452937,9.868255624823503,34.20840239909387,B
4.245726071859556,1.4425131411659153,0.39115578803970763,1.720720335332715,6.717057495677185,14.51717283207508,Fail
9.364933313102258,3.811750009651801,3.7810830446558716,8.888164605308312,3.65321388723987,29.499144859958115,C
9.629920038589946,7.238027766305233,1.5406079373053427,2.0127303851781733,1.563479697505562,21.98476582488426,Fail
5.231581498176416,4.309708425052828,9.0430730507047,2.573299601834357,5.24320510609053,26.400867681858827,C
5.480214972291351,7.167463829100775,0.939737444083828,0.4730286600352174,8.50042133581086,22.56086624132203,Fail
0.09038469079292177,4.269661992812193,5.078028847985135,9.689639430404446,1.5376774992136422,20.66539246120834,Fail
4.917906326236681,1.63705818138419,6.293796696169047,7.678227613154368,5.988736713759897,26.51572553070418,C
2.372543636571373,7.019448245745882,0.5572023197871323,2.315674782789271,2.8476090129726526,15.11247799786631,Fail
9.365702180708391,2.0118414216665172,2.9762100205097406,5.803687753447865,4.80318877200181,24.960630148334324,Fail
9.26194068431782,1.4684816907342613,1.5944141162021241,0.42570787803239307,7.64778745595766,20.398331825244256,Fail
7.012933420883841,8.954140580670197,1.4877631284724968,0.8638674177397698,4.981314551193417,23.300019098959723,Fail
7.738796557301564,9.81727217381659,8.491630701436206,4.957968749403278,1.6089215090959896,32.61458969105363,B
2.395101699095381,9.920384737785945,1.7614113387417663,7.321681708741882,9.492657155485354,30.891236639850327,B
8.532847985672019,6.9637584987056576,5.92200180008514,3.2101907943259222,3.305017748773662,27.9338168275624,C
2.5179905890695276,9.169787490185026,1.6907180255676502,1.8354172376564948,4.223535090688829,19.437448433167525,Fail
9.84402180703552,2.088888927148431,6.338277869439427,9.691672663905853,8.945378612561285,36.90823988009052,B
9.200400525459036,2.2628262729366764,7.508630665348651,5.601806961668484,9.330922872500963,33.90458729791381,B
4.855896996593978,2.1396173084079537,8.8973897623042,4.167905117427258,1.2678100668403114,21.328619251573706,Fail
9.115768872630525,6.6119089973193805,8.671017509378709,3.0031542346392683,2.625672509351636,30.02752212331952,B
4.756550309249171,4.639465417220131,0.32111462277821357,3.759151931853081,6.557310574524086,20.033592855624683,Fail
1.586051052930737,9.4304881063762,5.625228436045802,0.5161218307070647,5.249655032548496,22.4075444586083,Fail
4.948284566214202,3.1332783215131554,4.060618750524041,2.6891135119805973,8.206097581522359,23.037392731754355,Fail
0.8839696714675838,1.1197297048699328,4.170399589692325,0.6724812569961891,6.499997025236955,13.346577248262985,Fail
8.239976518799782,0.34195449921188836,0.06070622813812321,2.1997000410865466,0.40801962131519764,11.250356908551538,Fail
4.642385197392249,5.127232010735522,6.470622070490494,3.2383327807635363,2.6686077080632598,22.14717976744506,Fail
5.195018547649811,1.4104663358372715,7.039683668043598,5.006510401618275,3.8486200458461797,22.500298998995135,Fail
3.1181613308525957,1.066192728054235,9.120343670333027,2.0232285812300796,7.2982291883107395,22.626155498780676,Fail
7.617981913776973,3.3591384510668956,8.69773799583522,5.291186810529796,6.751300400867949,31.71734557207683,B
7.390669759393726,5.598410955839918,1.4549135745701425,1.5939143896131636,0.058836876650083525,16.096745556067034,Fail
5.097355100039371,1.490422091752075,6.201371599606872,7.625741224303267,5.8269153179790845,26.241805333680674,C
4.655980181324601,4.278695148529912,8.937575082770465,3.0865247673491325,8.871468078118292,29.830243258092402,C
2.3371208191043302,0.33393204865857395,3.1291827065521938,4.067074709717911,5.412730467223183,15.280040751256191,Fail
1.3839758596812457,6.061243888829777,1.432831142805654,6.21385398761877,0.10670199259654622,15.198606871531995,Fail
3.9808717823623088,0.4291227266019415,1.1390571557630835,7.2582189067916625,9.923953688452658,22.731224259971654,Fail
9.893495140420391,7.253105755407004,1.1670176842363666,1.9349321062907854,1.5556020045157626,21.80415269087031,Fail
6.692002629380784,7.761394036915221,6.145186796748499,6.129929808815666,5.743130306956369,32.47164357881654,B
5.4340585219826405,9.199013664369213,0.2888817227196183,1.4878398352993683,3.1886667324555837,19.598460476826425,Fail
7.636104796141586,1.6894409145158495,5.988836495702912,4.359266219416439,3.9799619565450572,23.65361038232184,Fail
4.0149431586128825,0.5563865932870271,0.5913941201559225,5.775116427971959,6.564902724430023,17.502743024457814,Fail
5.023718199720955,0.9208049312361977,7.416973763796781,7.759488877058345,0.16057138230024304,21.281557154112523,Fail
0.5202375502944689,8.301169113081226,6.478801735123026,3.2165512703282007,7.72139880118416,26.23815847001108,C
0.14544665667881929,2.310361379470595,7.93967726043636,8.070929586960053,8.531092183924258,26.99750706747009,C
0.37348188749214417,0.07219947003717753,8.139161065660845,3.9836998082710853,4.3827326614676565,16.951274892928907,Fail
5.960501157609502,9.326299657393596,3.827905879178833,4.678116995252769,4.4853041339882616,28.27812782342296,C
5.3737919044385505,8.799856915608364,5.473875786942454,4.945392242138956,9.833783020855586,34.426699869983906,B
7.097370848010202,1.2376066608401104,0.5189724118513095,5.774241470624808,7.635067088410295,22.263258479736727,Fail
5.908929431882418,4.576318745451751,8.46725408789861,3.090236060561856,0.5770669621525981,22.619805287947237,Fail
7.024840839871093,3.979530562013335,3.540658617935837,3.4390320058308967,8.454479383331957,26.438541408983117,C
7.5182514595668115,6.9924273524547385,8.363431957858374,0.6060421539896543,8.959415146473043,32.439568070342624,B
6.374046122611835,3.7397025927733263,0.2887626926573639,7.765582846760325,9.823687662329665,27.991781917132517,C
0.7697166938087407,7.2463133689939365,8.918384573447826,8.612541128882414,7.818635785854552,33.36559155098747,B
0.26446902597667465,7.194768931764646,6.491036348645998,0.39112488061068373,7.370046732222719,21.711445919220722,Fail
6.95974206093698,5.321111338370037,0.03604239888287175,5.263323509795179,5.589405898823455,23.169625206808522,Fail
9.615437228811096,7.893829606886293,6.019249526069718,7.887949438106211,9.70732905910384,41.123794858977156,A
4.642723693243401,2.4230568366642133,4.186730392715157,2.4644513962611105,7.905174777467047,21.62213709635093,Fail
9.791515551006157,3.2455190603249973,3.395059072718438,7.886989895534721,0.7326636902216233,25.05174726980594,C
9.283185625877254,9.669850180280374,2.4267135033180454,8.817252406994202,4.343972491812177,34.54097420828205,B
8.511366715168569,0.40487824328304445,8.241494051998913,6.775413160224108,2.6250486922071516,26.558200862881787,C
2.2444057183666066,2.094862227195997,0.15587584775363927,8.616295737811097,2.6026605142646018,15.714100045391941,Fail
0.7053563759295656,8.092812643714332,9.346208403539078,6.692500643838276,9.4059851896738,34.242863256695045,B
4.5980042376932015,4.088436617250682,0.4695403923240149,7.7491638738013835,5.154468071461137,22.05961319253042,Fail
9.695846277645586,8.099131203060905,0.43546577843375345,3.6484065376752337,6.354334136569287,28.233183933384765,C
6.564786073315027,1.0006467156653331,9.74990465268697,7.955853567821205,6.502488430168548,31.773679439657084,B
7.060581146380308,1.0490438634931132,3.624713109320057,6.121221256991697,6.628112029121311,24.483671405306485,Fail
2.595764492750492,4.31365456388002,9.166233736781127,8.546781161613554,1.4947045919080126,26.117138546933205,C
0.4778136468140537,3.223550934061763,5.7834982844818015,4.7771315317813094,2.7516290498565943,17.01362344699552,Fail
8.751336186211521,4.380317831344697,2.9025664043586064,6.292383756343116,3.8979291848341036,26.224533363092046,C
6.439995432390157,5.852203293909552,0.6944782605440092,6.763168034302147,8.95152125312413,28.701366274269994,C
6.855652872289713,3.2850905433786313,2.475620668867655,5.377915945153631,7.881529786145868,25.8758098158355,C
4.4291409804196356,4.085228957638626,7.173708933706898,8.697562987253738,3.4049298506902126,27.79057170970911,C
9.597457214619693,6.621273488542489,4.856598756065795,7.31582711858835,6.68650677435156,35.07766335216789,B
5.645940812903215,4.090760345660955,8.025719052950283,5.392674652219791,5.351683040195486,28.506777903929727,C
0.47415636140084927,0.4172479285350328,7.345167742737694,2.2455160164268984,7.621638179077981,18.103726228178452,Fail
7.979141596158941,7.427308637633193,7.188397482056668,4.857110067893803,7.32793854721077,34.77989633095338,B
3.4327548906444827,8.580136575683268,2.8344585950544543,6.281434757820805,7.288974931257638,28.417759750460647,C
9.636199770892528,9.841649594832148,8.080114200967737,1.5146989026035829,8.06987948255525,37.14254195185125,B
3.235246137370379,7.631743856097389,4.225825687039121,1.685178058380945,1.205717767223392,17.983711506111227,Fail
0.30652502205806065,4.035227665072294,5.326777265912499,2.9737329207452365,2.7727772746766357,15.415040148464726,Fail
0.7853624279279869,0.9325486978537079,9.610088489108218,8.842092025118957,7.58186638364367,27.75195802365254,C
1.4071152804875842,1.1105244437810935,3.7162761843840206,0.5226663566422907,3.440822019234581,10.19740428452957,Fail
4.517676787372292,7.543759555249096,8.63306166977948,2.995897091332711,8.12093180146795,31.81132690520153,B
5.094221281497897,1.9252991543813947,6.44696718351118,4.283284754006409,4.277190273577935,22.026962646974816,Fail
2.579395067869006,3.7835360326191205,6.0862619929868655,2.6076077976801137,9.797588940160104,24.85438983131521,Fail
8.119677423908017,7.2925197312841465,1.6683829164162434,3.854921775423572,7.172688689824964,28.108190536856945,C
8.42165376650381,5.266893589263511,0.056882235293770345,7.21215590556148,6.615954412364865,27.57353990898744,C
1.6002493646319405,9.778959877861265,0.23654373098312753,6.552298211354206,8.969133740898027,27.137184925728565,C
7.045544280274453,6.447168378147429,3.2332309952674887,5.533622555955225,4.578562892629092,26.83812910227369,C
4.920017294320828,9.386003157947275,2.7418916794924764,2.696296279628052,7.05038717544494,26.79459558683357,C
8.4810923501563,4.994045613802446,2.810651489467352,8.614364634832663,7.419527264206312,32.31968135246507,B
3.9499027054903246,6.706058097213454,4.776636422549069,1.4018210920454377,5.666530100051514,22.500948417349797,Fail
3.164571308744162,9.372620447778404,7.460812668313262,1.3498698870750792,7.120117485067626,28.46799179697853,C
9.863821716288921,6.083685906962359,9.498358817712575,2.7014659689810374,1.2591485056277762,29.40648091557267,C
7.533781852589416,6.770819719511081,1.4720246109790902,4.056714528797438,0.7189691651460406,20.55230987702307,Fail
4.906135758981991,1.4841012338263715,2.881717665474337,0.6002594943566586,3.3403442887927595,13.212558441432115,Fail
3.5596839083223655,2.1884081695077606,3.532072474204635,6.434045293390623,8.182280074102643,23.89648991952803,Fail
5.606944813756801,3.583229285893832,0.7455297485205237,0.25900228210276266,6.48126516428098,16.6759712945549,Fail
3.7588828514576935,0.10233856408757513,4.043110980204393,7.083781557708652,9.379719395498357,24.367833348956673,Fail
3.3370420757562993,7.232899483428163,0.6001081885608772,7.671548726305102,5.347486222665088,24.189084696715533,Fail
4.151456539927457,9.14208789680812,6.621653546947076,0.6228594868309778,2.1600993369706023,22.698156807484235,Fail
0.7010813964125695,4.60066238957951,2.632436562732466,1.9223706699289567,0.7427915079755643,10.599342526629066,Fail
9.369578230310628,6.086875278828008,0.8706470331296712,4.483141199392675,4.389391069283954,25.199632810944934,C
3.53789158736436,9.351620107467781,0.20836826262080943,5.664778250542405,8.381919129287876,27.14457733728323,C
6.68643219924431,7.316459039198881,5.436963584751418,4.179178859880456,1.6310338942483948,25.250067577323456,C
1.7689695082398393,7.741715000229291,5.22172804484338,1.2606104183739775,3.463562722714204,19.45658569440069,Fail
3.5781124933559303,9.733791957751173,8.14097006967236,0.4214484981776778,3.3917129907078736,25.266036009665015,C
6.492103021160636,5.252504648304882,1.283961718022516,1.628103879798618,2.2717011042737143,16.928374371560366,Fail
8.74743649656566,1.36227778318449,8.265426560723766,1.254152522718297,3.7171110579342947,23.346404421126508,Fail
5.603486743503234,4.099797258865668,2.1549344504096943,2.9209534949863905,9.542224384077365,24.32139633184235,Fail
2.881845259595295,0.49767196588575535,6.678145728199314,5.957744348592239,9.050943709633946,25.066351011906548,C
5.5490983382540895,5.5316327967139,1.4696584100854115,4.906697186917142,2.171668500781707,19.62875523275225,Fail
1.5643704267108605,7.0559578977649196,1.2856826460296888,4.670959639823826,8.837714835118438,23.414685445447734,Fail
8.78629986355158,6.707600217115339,6.868871185923985,0.2540075899465455,2.652478124683204,25.269256981220654,C
0.4515136441229195,5.928520048922215,4.562801102736291,7.211743918351341,1.768292035578407,19.922870749711176,Fail
5.197739485560176,6.120793182038592,8.380922267069515,9.601023049005235,8.017704911697157,37.318182895370676,B
5.408270639715397,9.033146675661857,0.9456097526746798,7.892817820521023,8.461933366892676,31.741778255465633,B
4.79181877629731,8.844965347938635,1.3016359387766874,9.577252764451044,0.13085883842810175,24.646531665891775,Fail
5.120885766986639,4.96235173869951,5.974831337307766,7.120775120714814,1.4121533482075244,24.590997311916254,Fail
8.448753109694545,1.7839825192858105,5.816905847476802,2.1381841135990722,1.460641149355525,19.648466739411752,Fail
3.1931363759041487,7.937174257852123,2.236927647647141,2.8941752342040026,6.139218529335032,22.400632044942448,Fail
6.005943333606173,8.583560551590967,1.5885207615965602,1.1765345266714688,7.381022141696717,24.735581315161884,Fail
2.483836087432075,0.45229630920214925,4.498646953614197,1.3860255190368975,1.0092321674785254,9.830037036763844,Fail
9.576252845053801,0.4992248566337909,5.710283912504525,6.4689591689277,2.786731526470004,25.041452309589822,C
4.593036882130738,5.526345818291939,7.5309967977163375,8.37712961959977,7.827415052210476,33.85492416994926,B
5.570475861922342,4.556836665013164,9.787171370558138,0.7795834414039227,1.4351613347207193,22.129228673618282,Fail
2.717175988981797,5.687279416481599,5.266556161629551,1.17060623744776,0.9077267826835012,15.749344587224208,Fail
4.7698339261765375,6.036019202212376,6.157338334821452,9.892368277727089,6.5422338934739,33.39779363441135,B
6.539942214202483,7.944412009213938,7.748558680680901,1.7185333261374425,1.5270108819126504,25.478457112147417,C
5.785853485929497,5.778215062716139,6.463294454971398,7.900522684920608,3.9486626622536503,29.876548350791293,C
5.992775178235918,8.505066043781952,5.2884337421875935,0.30779151387683057,1.1180020985705164,21.21206857665281,Fail
8.602478109774646,1.727553939907227,3.303704732688151,7.377858893529982,8.908675260032751,29.920270935932756,C
9.107949305099488,3.5789808554564795,6.757708521739515,2.106913468460845,9.3132086154928,30.864760766249127,B
8.680566901074503,2.329722120780391,6.686630898116874,4.972030026729653,7.380061462013471,30.049011408714897,B
5.3396747254776376,1.4529171196578161,9.876991927610826,3.7195528732727476,6.927062534654132,27.31619918067316,C
5.201807365667596,1.0864877913293047,9.719257966710785,5.255596951738592,3.2978656461181135,24.561015721564395,Fail
5.113423988609378,9.222308698387298,7.86879197820963,4.08197832091432,6.781264010341463,33.06776699646209,B
7.221432354559059,3.3031100539684655,6.03044569299548,2.41401470107283,2.36138139416762,21.33038419676345,Fail
9.150984544900298,6.8712252035980566,6.925876396716318,1.3474486365365768,7.72356086074543,32.01909564249668,B
4.034809690269996,8.684653412123685,0.07192956007859963,2.167015665474982,4.702918893714559,19.66132722166182,Fail
9.061432547657663,2.970805498779984,5.222136796277246,9.898826137693332,5.62317199645045,32.77637297685868,B
5.428781323608051,2.40548848214587,9.719876821247613,5.0292921437095615,0.4999201489531391,23.083358919664235,Fail
4.107888099996117,6.130520258694786,7.939272752349539,3.2905941410120745,7.648704192916801,29.116979444969317,C
5.389808744501206,2.2769871342582593,1.055491367129504,3.382332832327213,3.5938208910259792,15.698440969242162,Fail
4.3372370283142105,1.9159494968442303,8.827538082459432,9.045099398384668,4.251751566132908,28.37757557213545,C
1.5265816454078374,3.149095475267163,3.6823018916083186,5.055633736446917,6.949607448830141,20.36322019756038,Fail
0.38996012574911587,5.7312792327256465,6.442728659696768,7.924599925459974,6.777371467749372,27.265939411380874,C
2.6324617483054435,7.844614668933792,0.9867485666111098,5.091573815412352,3.45555683453576,20.010955633798456,Fail
8.923024981396523,7.718097762699956,8.901426434798877,1.084246741157101,9.142907088675162,35.76970300872762,B
4.338439228552442,5.924454407904143,3.870554126020865,2.4481834726203253,1.5594734538493604,18.141104688947134,Fail
5.174012898249662,5.1093057659414765,3.0271466502377065,3.385973542066727,8.150390160823727,24.8468290173193,Fail
8.158208510252953,9.488008296776355,2.606683956676079,9.852471174474713,7.411844252529017,37.517216190709114,B
5.654563660741082,0.863182734861645,0.5046230323322876,2.3694741104493975,4.356504615850742,13.748348154235153,Fail
7.0286644405010135,0.2977190740713198,3.3866194623647248,8.66587457371519,7.59606345267944,26.974941003331686,C
2.5813343270112754,6.886292899005433,5.6529240951789745,1.2979980081333997,0.4141871205337444,16.832736449862825,Fail
7.483843496762313,3.0142491179855844,2.54388808283049,3.203659203291356,0.3456121883439667,16.59125208921371,Fail
4.00212275849672,0.47811063702479784,0.20979994833933313,0.6982986297372573,4.717273732012006,10.105605705610113,Fail
0.1612464637221489,2.4376949308272744,7.050074741207528,1.376279995662032,1.492264815531631,12.517560946950613,Fail
3.5442494879305486,5.586814439372337,3.990512186711541,3.7169599992947546,6.860708641084764,23.699244754393945,Fail
3.3423831869606078,1.2893730541981718,8.164602534328347,9.984462265728508,5.781529411412988,28.56235045262862,C
4.47272968157122,5.36349627899556,3.4898772699669287,0.08479721025507869,0.9763392183360764,14.387239659124862,Fail
1.4716325109494532,5.373838424393681,5.68963135925293,4.98848552062623,4.907710157474993,22.431297972697287,Fail
5.555495698856198,8.795632376127813,6.658227640555924,3.418349196339711,0.8523839516730791,25.280088863552727,C
6.194903460096145,0.5334016300518352,2.617431721831024,4.836919551475606,2.333603700806066,16.516260064260678,Fail
4.21248053294072,9.540158041191871,6.816274983597768,8.627313125917448,6.9719551443722505,36.16818182802006,B
8.55408162104288,9.019880942931561,4.6433044139626265,5.044855132675563,2.896244578050269,30.1583666886629,B
6.87962840118709,6.963612669164726,9.005885678697881,0.3377217364227314,2.1191264598008264,25.305974945273256,C
9.421854544896386,1.699962967480012,9.160255193519479,7.3581976904642605,3.8020593843239805,31.44232978068412,B
2.788719262609649,2.6357448820138387,0.27792789967078013,5.816137198198862,9.618873381917876,21.137402624411006,Fail
4.045273855738697,5.400657152841718,4.336459247320299,2.593180844189722,4.2192284967822955,20.594799596872733,Fail
6.791716995379929,8.424721285933579,4.508836964276144,1.9839095148730668,9.890007874127104,31.59919263458982,B
8.660638895004084,4.424913136680374,6.521083405159366,0.5057868516673747,4.46921291836839,24.58163520687959,Fail
3.0721641702127087,6.16291790254461,0.3928368222679046,3.5862041761681027,5.8937047593199035,19.10782783051323,Fail
3.739210470128136,0.0351085091065062,7.634448955760645,6.484288754599776,1.9017422599527722,19.794798949547836,Fail
1.3008624013063197,9.411403351458404,0.8680457371463524,8.712685228204219,2.5310152442610745,22.824011962376368,Fail
7.260848514838505,4.875022786202798,1.0345828370495302,9.41862194091722,1.4933545627041978,24.08243064171225,Fail
5.423589504923214,5.527057661628776,0.5160835415052822,6.257477787208709,3.880899715580571,21.605108210846552,Fail
4.874311982495136,5.949160209188715,6.966664676636619,7.107190732694113,6.428633249017549,31.325960850032132,B
1.68858463370395,5.46279104790284,1.1301262534697842,0.9835450569014548,3.145070059691154,12.410117051669184,Fail
0.8696702025593306,5.862678431932681,2.2300018103847785,1.12246007544896,6.816024648068017,16.900835168393765,Fail
3.8432664715968166,4.08221822588232,2.454105920874615,5.417304293339415,1.6599350195882967,17.456829931281465,Fail
8.812975456140917,7.596949977999118,5.642499547629907,9.528391896565022,1.5136899185909503,33.09450679692591,B
1.5737851486886756,5.683627588475938,0.029340578026765263,0.22664474521924105,0.46020793734093735,7.973605997751557,Fail
8.779743204450694,1.4447569659460535,6.046247722022537,8.622264205966983,5.193264920246539,30.08627701863281,B
5.277011090862999,7.139145840836343,4.382274945490999,4.73223736106158,7.476395333862431,29.00706457211435,C
7.28470945558592,8.123688028737808,4.713372403206141,2.914824310417311,2.9437944665439506,25.98038866449113,C
0.49158523621427586,2.4965009275830274,0.3537921517331999,6.888036640705155,6.851894556906661,17.081809513142318,Fail
4.3776505498812845,1.170414826884435,3.7025478392243008,5.398434359818509,3.4637898730045835,18.112837448813114,Fail
0.8325765805063212,9.08382547371264,0.8186440399484562,6.582179935580489,8.02098654602109,25.338212575769,C
1.248208139668483,2.720841575779777,6.777365995807832,7.094967405934915,0.9819566620770726,18.823339779268082,Fail
2.746658697879054,4.074356527661438,4.283953489256587,4.837068288999439,9.60948045987792,25.551517463674436,C
9.657472098197475,4.735396468988905,2.5582302504804186,1.604991188540813,1.9399263702604563,20.496016376468063,Fail
1.8741194409758222,1.0258456033102081,6.404061169196741,9.663753479943995,9.929839489081049,28.897619182507817,C
7.040314525916569,1.9416207741450964,2.5327089566747016,3.059879297398341,4.258961621713717,18.833485175848427,Fail
2.382896705530916,2.0050952355088745,1.8605003280869947,3.839299883884766,3.180600704858855,13.268392857870406,Fail
6.965071834768891,6.521108572187282,8.155994368807745,9.75523845281894,8.848236912928693,40.245650141511554,A
8.260646845482855,2.1675771132198496,6.184434719336769,2.4248617080729638,9.867520113463506,28.905040499575943,C
5.928401805081101,9.91507688278502,2.7883661321069617,4.84523834086599,7.850755078773174,31.327838239612248,B
1.391967013456955,1.496734645836011,5.8897543476152014,0.09000705863749792,7.560578865662154,16.42904193120782,Fail
6.2066047982458405,2.9593696767154123,9.640207229572281,4.761470089248401,7.858606940600303,31.42625873438224,B
9.628704940018096,8.619099483043794,6.038233722281834,0.39535593154691795,1.2251044846314063,25.906498561522046,C
2.3754332492387764,9.217274205310659,2.9445689275411713,2.632088499332925,0.40743837839198216,17.576803259815517,Fail
5.434844285830145,5.446880934339767,4.653154744851009,2.8388696212311526,4.112859291647601,22.486608877899677,Fail
6.077627687434245,9.466317459653377,5.0421986609940275,3.4565459896172457,4.15383400692745,28.19652380462635,C
4.432534414749622,7.632935525589475,3.5526181313852834,3.5758086869558547,1.7608341875242162,20.954730946204453,Fail
0.052296135429127366,9.74872533431243,2.1544398711178916,1.8943019728307753,3.153473889305859,17.003237202996083,Fail
1.322687150984817,4.155595321233165,8.260820696300232,1.7116437475830626,0.919956057523027,16.370702973624304,Fail
4.189697737795244,4.086576822098361,4.487638884268347,7.370075180616848,1.8411914296162124,21.97518005439501,Fail
2.100473372920696,3.179760494466215,0.6928820309031203,3.191544598969276,0.1543748806239731,9.31903537788328,Fail
6.802277792083533,1.8289377232919923,8.360030388086294,1.773104854277091,9.457774131399049,28.22212488913796,C
7.803655030068817,9.583485836309421,7.289654270978811,1.8713284969512323,2.1731584963688655,28.72128213067715,C
3.665511873792262,7.166624181336969,3.3600616309881226,1.9481069956992547,2.6955426832295357,18.835847365046146,Fail
7.561922341067805,0.5815112056640115,6.333478501891623,1.8896464253538203,6.065477388811637,22.432035862788897,Fail
5.214456890435894,1.134274267458415,0.8503245350193722,6.684213704056709,4.452235931825501,18.335505328795893,Fail
7.336143805614021,4.379977478955541,2.923801127152638,1.903451518035183,6.185636224370442,22.729010154127824,Fail
6.974202672468399,7.027828771659749,3.4104413519020915,0.4496650795130497,6.192838608167906,24.054976483711197,Fail
9.899602323899453,5.892117234526204,9.814103203679057,9.194358760288427,5.823826127333706,40.62400764972685,A
3.9631262549822055,7.802269166178947,3.050716374793491,3.4867477150759987,4.565887862818485,22.86874737384913,Fail
6.501871664456534,4.63328901546273,2.6505423198888733,9.546302985644676,8.49302090471716,31.825026890169973,B
8.597478056850669,6.6742800600698935,7.738033312474814,9.966285954246219,6.567396268523469,39.54347365216506,B
7.305146540263267,3.772857243712399,2.3368028441447652,6.263765963255143,7.640073920945492,27.318646512321067,C
2.594234334312925,8.421660300613832,4.336200853127659,1.0109843234705662,3.692965649266392,20.05604546079137,Fail
9.294034838491537,2.4299759286082976,1.9283116571334147,1.3090992325771877,7.863681693444088,22.825103350254523,Fail
1.0590580440375763,6.535607255451929,5.929053414052634,1.3136567765945972,0.516363876262188,15.353739366398923,Fail
5.313307926731757,9.581135288993192,0.4411015949461905,9.10990486623165,5.06042355034503,29.505873227247818,C
8.967884099060118,8.597287835022325,0.8564466587406072,8.107417039291889,8.09827000315139,34.62730563526633,B
4.328399210571723,6.538383898166263,7.414198908629999,2.0821521487627734,2.5383908158589366,22.90152498198969,Fail
0.8483771408519192,6.9374129869832855,1.916033575185323,6.236669082566248,4.641302792192557,20.579795577779333,Fail
1.879035887984165,0.7484282147140509,5.532591871619299,7.919630482545475,2.9827779054177683,19.06246436228076,Fail
4.785283699195225,4.201345541831004,2.652898777489179,9.73421310694105,9.451870536778255,30.825611662234714,B
0.1802900895891224,2.057042949765698,1.1916026519487422,0.4288768700732837,0.8371440856980528,4.694956647074899,Fail
0.20584494295802447,8.860739670955251,4.144767274075693,4.354760923618203,9.072964199207282,26.639077010814454,C
8.209810172991409,4.0552115520353595,7.009928939891488,6.191884631049116,5.023257893301956,30.49009318926933,B
9.31944139654372,8.02866372397546,9.257418447767598,8.069086197233739,6.397684520689753,41.072294286210266,A
2.8161604210563174,9.771453328004059,0.8572296842928229,8.323455270336302,8.502611987020916,30.27091069071042,B
3.995187845869348,9.955202282643787,6.862250031859936,9.820847400575781,6.43183339794481,37.06532095889366,B
5.612771975694963,8.470120353890835,4.09558732916755,6.673786395408251,7.727878058714607,32.580144112876205,B
6.899643571263624,9.287241979920445,1.9709701465908724,6.108912001414972,4.214685271740372,28.481452970930285,C
2.3381283309306413,8.986930538021609,9.075063492653966,3.3600055720760835,7.022382964947168,30.782510898629468,B
9.095644273803012,4.36487349307707,8.24099289633507,0.695089173342438,6.223983922933474,28.620583759491065,C
3.821234944599732,1.942329296955817,7.1434253305448125,3.843503343441493,8.173547004036422,24.924039919578277,Fail
9.094295036858766,9.403483776701918,8.31586485672828,3.7486169382239884,9.528319968261197,40.09058057677416,A
1.485067816436808,4.146901541657863,9.831264099816142,2.3086756580117274,3.968710510447775,21.740619626370314,Fail
8.226005606596583,3.1659634841264674,5.183981907879688,1.6713836177825625,4.768796149560194,23.016130765945498,Fail
3.166024348274129,7.808258334109281,0.9262479967781723,2.202032866812381,6.914090463586891,21.016654009560856,Fail
2.168142759291083,6.717727263622298,9.182086009087742,5.922488153893509,8.612502400009282,32.602946585903915,B
4.7786735491313586,2.9107888137564633,4.4944179824132835,5.991606670679249,7.3116786128613755,25.48716562884173,C
5.069204379618347,3.3956484556352873,6.125003778578084,6.520247914130005,7.123223250352605,28.23332777831433,C
9.06653296951999,0.747966479969393,7.295710968570751,7.427298767612854,2.078213372619382,26.61572255829237,C
8.459214396777321,9.45844409062715,4.559232737003752,2.078338967494382,3.528231914667032,28.08346210656964,C
3.2467592689005995,6.340505083067194,9.781568756368221,1.5421474848858063,9.475816023172964,30.386796616394783,B
0.5709907844517637,5.4076823282733635,7.813126284286044,0.8376919992754761,4.447661176593323,19.07715257287997,Fail
5.0836054691628,4.266739806158047,7.903682248650875,1.072519568234711,4.879261446570547,23.205808538776978,Fail
8.026433097957105,0.03745094711284813,4.205485991200517,3.7829155242927124,8.164591840602085,24.216877401165267,Fail
1.2566114557958274,6.659300312206798,5.498391211507286,3.6415260451446763,9.27744822943114,26.33327725408573,C
2.053681846899853,6.894117084305128,6.419515709043047,9.585060696191366,7.591714021400438,32.54408935783984,B
0.19327630917601035,9.213975880001964,9.014436858492466,7.53306738176401,1.6147048151904642,27.569461244624915,C
3.9371916965303755,4.114362374266624,1.5262130785023031,9.457217549233222,5.4677047695779795,24.502689468110503,Fail
6.971358058918092,9.905652127567347,2.4536205598643592,1.0825449645131868,9.456093504782888,29.869269215645872,C
5.180774980403448,5.981938785178935,8.174352692338845,3.8830614107943817,2.41958460536694,25.639712474082547,C
6.9415057350983105,4.8477806009044695,8.655750626971209,2.953432211722827,5.599180165693619,28.99764934039043,C
4.200110042956629,8.867263831449891,7.980155187044523,8.737460984085104,3.557395138364857,33.342385183901,B
8.336440104751723,4.0826677392642585,2.1351849044336424,6.712805779976581,1.1615377906616131,22.42863631908782,Fail
6.906227420813416,9.89723132554715,2.8741561708062013,8.328489502717826,2.662250253265598,30.66835467315019,B
7.524092332120093,1.9251887181979799,0.5809665399018993,3.3712292252560525,2.4838655800892817,15.885342395565305,Fail
0.22564511705347234,4.337278828959778,9.416309195000224,0.2426954698938666,1.6939392235987905,15.91586783450613,Fail
4.768434683178171,9.863557955057411,7.858283238902645,7.928927110044324,0.1524631578035518,30.571666144986104,B
3.7736317679665077,4.177361945115626,6.577370789874724,4.45920951735377,0.32466019233702403,19.312234212647652,Fail
9.407845205031078,0.8395166149978384,7.790448701974321,8.619292271158162,9.215625864538753,35.87272865770015,B
0.5357655960740793,3.603984051195146,3.9553439606296337,9.517505158226008,2.7964137902915165,20.409012556416386,Fail
5.498769211562104,9.962420986170207,3.5523303206654013,9.276943997518352,3.806632669309986,32.09709718522605,B
0.8778823705815997,3.270996654000793,7.6455146427049,8.042728854710338,2.4646476456918487,22.301770167689476,Fail
0.4900464497127355,7.525186605703621,1.4033636679250594,4.9097395499503,7.3145455828722525,21.642881856163967,Fail
3.4171187934168836,0.915920341444687,3.6257624916900832,8.336295994572962,0.9388810422118299,17.233978663336444,Fail
5.726072328820225,0.08100941647322446,5.8588224498959205,0.4060949030289074,7.363362265466443,19.43536136368472,Fail
9.866625932671464,6.042395103321423,5.9493484349737304,8.423276072603297,5.776418333259878,36.05806387682979,B
8.953460891531693,9.443322357482916,2.2177550978089067,2.5825760095285655,2.772552934910694,25.96966729126278,C
7.5840367303420315,0.8022429180102997,8.897102734758487,8.832027176988321,7.117754706017781,33.233164266116916,B
8.379083748518037,9.164683486660564,7.308608230445699,1.6691221283779878,5.155823303286579,31.677320897288865,B
8.118616998325841,6.902333334145232,4.654244137418773,6.92865869535289,1.958645595018137,28.562498760260873,C
1.9583308413427003,4.879479092570649,6.640723676838556,9.138407421392136,4.41308191155138,27.03002294369542,C
3.2314521727941727,2.649071934978201,7.395563750993044,2.454582784004493,4.6993613384427215,20.430031981212633,Fail
5.64231816684536,1.9169927116163443,5.122230574475389,4.449519310694172,1.1411326519726817,18.272193415603947,Fail
3.540645623550941,7.8429470478872645,6.312101368487814,2.481729198083744,6.23457124601091,26.411994484020674,C
1.0251596406647445,3.100218462161024,8.607903810304645,7.333595640903878,9.543905280515112,29.610782834549404,C
2.6517074118335557,7.98613015923451,8.657076055250357,4.890322573130509,2.2743638911476327,26.459600090596563,C
4.673873354479254,3.3596364855365213,1.4725446191863945,5.481020188221994,8.897632599139047,23.88470724656321,Fail
2.6859893291459747,5.461444704633772,3.8811869072037544,1.4136780451064146,9.430401144914944,22.872700131004862,Fail
5.325894325515859,1.8436823801969382,8.816149409898381,8.493187318800468,8.947412762830783,33.42632619724243,B
8.895193110437631,5.378378231493077,9.376369703165807,7.2121800639239915,6.141915464162311,37.004036573182816,B
2.772584163491861,8.747265052212082,6.623670951866806,9.78697884791029,3.4416002961191197,31.37209931160016,B
9.263826067300867,4.326424806040359,8.792686260864679,6.2817114595254715,9.442530684824714,38.10717927855609,B
6.72702994208898,9.743176372044141,5.232470752399799,5.090160483036771,0.3734627816316882,27.166300331201377,C
8.429454824561972,0.6852598759698814,2.686116399104609,4.711755901487261,9.323537943249873,25.836124944373594,C
7.684210711172421,7.0038513314329345,2.3241884434437687,4.6716931093212954,1.8049506574384377,23.488894252808862,Fail
6.773931298888728,7.89438398815455,2.230489683220238,7.506920585755004,9.590177098113609,33.99590265413213,B
8.652957589089125,9.402341928728895,0.8360228102441403,6.630110034940242,4.655824782844121,30.177257145846525,B
3.3930526730956743,4.7998306552899175,3.852849260339827,2.4990944935006043,1.400812079005932,15.945639161231954,Fail
1.3008066982894695,2.149922235883912,3.4192630457806406,6.603263021817297,9.65421921808863,23.12747421985995,Fail
1.2897890792716526,4.338080365183268,0.16117304487764272,8.875422738414947,0.4470837457744048,15.111548973521916,Fail
8.087994445011507,4.151976391419092,6.637058197957714,1.1898584399968082,7.688066955890585,27.75495443027571,C
9.110156999792201,2.077300822017781,8.059404029893551,0.6157052364719473,6.112037244076158,25.97460433225164,C
5.353477680616567,9.843813126186033,6.70930792954109,9.273328408283612,9.635930056037816,40.815857200665114,A
1.5828305069937365,7.3855704063355665,1.0417807250800692,4.051584044000358,9.336785863468288,23.39855154587802,Fail
5.757924711223097,1.5916753447981447,7.958643141772349,8.106066125290392,5.5875548964905875,29.00186421957457,C
8.50574528015116,9.112697889835111,4.388550281680058,0.030344279029228538,4.676586100273209,26.713923830968767,C
9.108262646863153,4.231134309957863,0.3443596964652218,3.826386603333657,9.712350066137422,27.222493322757316,C
0.8162998203058958,3.5617853432842104,7.595807500150725,0.7598178239692288,4.965825257752878,17.69953574546294,Fail
1.7562646556800232,0.2443130930768811,3.7405349452253667,1.427144847281061,7.89261818807285,15.060875729336182,Fail
3.22901068577901,0.5097206881888994,2.0834236434304776,2.2390844118877853,8.655713314655792,16.716952743941963,Fail
7.746729371817983,5.964561063072833,4.547125610831078,4.6947951157763015,3.238049543867787,26.191260705365984,C
1.8802473461541613,8.957191747480014,0.4147986289445238,1.3779646777374244,5.983910639391691,18.614113039707817,Fail
3.83534512433977,6.094615860107644,1.8801715355357784,6.3949267500548,5.809901077494719,24.01496034753271,Fail
0.8870253375705561,9.112561518342881,6.893408646762126,3.666173031084857,3.558215643511139,24.117384177271557,Fail
7.875490858587792,9.431631278533493,8.494115879493195,5.3002442552716715,7.750205742654014,38.85168801454016,B
0.5853660008005013,7.214695378714872,0.10788496262492231,4.797343143725287,4.65069873712692,17.3559882229925,Fail
7.764129607419968,5.453628521336417,8.620064722685882,6.906798621824968,7.3655464200219125,36.11016789328915,B
3.4993785357071405,7.195016550477659,4.669582985454108,1.38450146884879,7.534611058715836,24.283090599203533,Fail
7.160630534195581,5.2178476671488605,9.384663140188765,1.3780666978693379,6.070635034109309,29.21184307351185,C
3.385540274370513,7.707726882106072,3.2292256091067406,8.008976576664178,7.760066213420586,30.09153555566809,B
3.9447939083885752,5.2948288237939405,9.512237456396052,4.171296891728798,6.202351078862255,29.12550815916962,C
4.937955963643907,3.828242079635038,5.769452426439603,9.184359876671188,7.0538305500049825,30.773840896394717,B
9.193919732144174,6.296412342324573,1.6056237780817628,1.786419905855794,6.409559830409944,25.291935588816248,C
1.1644552408471143,5.014970955360637,1.4873433308238138,3.6432542336615303,7.6642449258403715,18.974268686533467,Fail
5.592181317684581,2.6665965838820114,4.790919210492291,8.561713044512535,4.3553249448245,25.966735101395916,C
3.885581012703457,7.611105884852579,7.408626299617734,9.986725543512803,0.8413178797102505,29.733356620396822,C
8.669410428305124,0.5566614605619913,6.767759517913641,4.237341971818203,8.347097094826742,28.578270473425697,C
2.6558283295860607,7.972590256481075,3.6655093816659026,8.015246291165584,8.663955802085633,30.973130060984253,B
5.783869170064091,7.9698765475898545,8.954756057523937,8.153778695827738,4.129345596669642,34.99162606767526,B
5.411880558570243,5.600043640772588,6.7418741080865505,2.8683966103302683,0.5515227430997982,21.173717660859452,Fail
7.889851599207933,7.146874494349541,2.470666454242089,5.165186868244531,1.6764548036309423,24.349034219675037,Fail
5.756652529974197,7.106672459428351,1.2028859342571152,0.06980324456127063,2.000280679975468,16.1362948481964,Fail
4.873748079212449,6.97141350492399,1.0400848905891968,1.6917539094941048,7.962763392602725,22.539763776822465,Fail
6.773418460815163,3.584022386938166,0.7416994878416205,0.8879310741690927,1.830697205291727,13.817768615055769,Fail
1.630191138148862,5.3239868722691295,6.974970102885748,1.8645392131105443,9.244673902125077,25.03836122853936,C
2.2267607912308494,9.803220727278259,7.813865697237005,0.5513673516127238,1.4203479256325313,21.815562492991365,Fail
7.831614309236972,1.866839259143167,9.835203077227346,4.996842553164812,7.454295592918713,31.98479479169101,B
0.5115020562039763,7.605020044172398,0.4484043683991279,2.5865366479038867,7.898860519359116,19.050323636038502,Fail
9.332764123790668,2.0907128530034913,2.265036554448958,7.642009688517643,1.4718473659918352,22.802370585752595,Fail
0.2442688294063322,0.2066185159343159,3.747217101923378,2.337370947943188,1.1542121669674532,7.689687562174668,Fail
5.931582190394682,8.31435619292711,8.180948950458799,7.6662427221291285,1.5926706063463814,31.6858006622561,B
7.144241640712422,7.556817770495199,6.373136296671326,8.229658401774229,9.653562870583144,38.95741698023632,B
2.0131210782243327,2.4480896141213337,0.2194146759756399,8.161186366186964,4.742211450027309,17.58402318453558,Fail
8.850153245472587,1.1374301941372433,8.890709254881639,7.787975558471295,1.2751233568975173,27.941391609860283,C
5.041328419184383,7.658523040370094,7.44804752971554,8.216821559219019,7.509053286779004,35.87377383526804,B
7.739913781527625,9.35905585319816,3.964061537256561,3.6170490554399093,1.7183842765268742,26.398464503949132,C
1.9462383670487193,9.983069303819882,6.96221915004867,2.208498165087537,6.19217346604435,27.292198452049156,C
2.9122914019804194,2.602113679357536,2.41713732091318,2.912485752700574,8.15972107778095,19.00374923273266,Fail
8.111237699334708,1.756155343311664,3.983100570133833,3.6761701480941147,5.372881862058948,22.899545622933267,Fail
8.670601823789474,6.8444904846319705,8.944687604754439,9.166000757823358,9.049316080587571,42.675096751586814,A
3.6973781087268875,0.5651462438806232,0.87486689627015,0.5181192169630677,5.366930697557386,11.022441163398113,Fail
0.8291458139448116,9.011312392861718,1.980007342202541,9.086448711192034,2.1678744763573974,23.074788736558503,Fail
8.202533189448896,2.689043045614814,6.314982826872883,4.891025817546673,7.997871914274612,30.095456793757876,B
9.788560151782345,1.5226013011187667,8.385586427461407,0.36944685951663114,6.55799709319913,26.62419183307828,C
1.1323804584075525,5.959268121167338,8.147017590666545,6.030682627528046,4.523248288825533,25.792597086595016,C
0.1276542651789736,8.8948999039953,1.9326922690316484,4.928052557880904,0.827447627040645,16.71074662312747,Fail
6.522242595454725,7.071375179356865,9.334114295517512,2.2297330746757926,9.131716214131385,34.28918135913628,B
3.554930104413574,9.794205136775997,0.7531232345712979,6.888113215287561,7.700044132524325,28.690415823572756,C
5.6701626098666775,0.5859088771013543,0.2483440748001431,6.016687873456102,0.40546471648478577,12.926568151709063,Fail
2.625086042665441,8.406815086175822,3.040394618905642,7.980348107978418,3.5388895671531917,25.591533422878513,C
9.706680277938705,4.896900421608815,2.5511636463975806,7.950960623702693,0.19742747897898427,25.30313244862678,C
3.6459372819754,0.4356068057242002,6.501723135725108,6.008703020856181,4.724519203665329,21.316489447946218,Fail
6.780161525590636,2.161885738704754,1.4105092107023653,8.790789882621565,0.6610309637495904,19.80437732136891,Fail
2.598132087450342,0.4278326824726786,4.409753884464087,1.3680198070314198,5.122226399073675,13.925964860492202,Fail
9.069855184382437,5.496842558532363,3.355862101881838,2.3845411626544957,2.7058071272534567,23.012908134704592,Fail
4.467264687026406,5.588172349183215,1.2546538906806026,7.754453962777647,1.0185816420304172,20.083126531698287,Fail
1.2903640888942491,4.333194902328969,1.0841984541543337,6.514402315818234,9.291512856799244,22.51367261799503,Fail
3.2093543831944036,6.295590559951465,0.2761637610492962,5.345174242297022,2.0121239230815413,17.13840686957373,Fail
2.8888493890916567,4.175228061075304,6.577962650257493,8.396839704720332,1.436194442746317,23.4750742478911,Fail
8.229838050417674,1.8247633109922934,2.526742119575769,6.301022828824417,0.7395429226115213,19.62190923242167,Fail
0.8011484638467514,1.0816035223518217,5.524104668680087,8.379170061884501,1.0745634613663502,16.86059017812951,Fail
1.9695363020872136,3.3592128162390633,5.9002597160886285,3.6009535742132517,4.355007020987424,19.18496942961558,Fail
4.2983125751300255,5.492200998868637,1.5856522944435125,6.7737772825740805,7.306306081068676,25.456249232084932,C
8.368634222265923,4.272471962317043,6.313685291006369,1.428338756754275,8.884271200067028,29.267401432410637,C
1.8452101935637732,3.576405495889113,4.9859803239701534,5.844304365565719,0.17510481414907964,16.427005193137838,Fail
9.760138232792135,2.5888874197050447,7.152429571211359,4.636393585966357,8.419827278722764,32.557676088397656,B
3.8040054897040965,6.795080227365554,2.9085997394293086,8.117572653772116,8.609195781966871,30.234453892237948,B
2.434426167654107,7.101108919062131,6.185779158655062,2.0917541723282085,9.30682803125166,27.119896448951167,C
8.78530749207156,6.773215879614743,3.6098152903385916,5.949197502142216,4.195655249589017,29.313191413756126,C
2.329594747536338,0.4027816273538787,3.8645641400057373,1.737141032076227,0.24328820578248478,8.577369752754665,Fail
2.6799726688437797,5.507657263721529,3.873437396580346,0.4254756927063563,6.408462328964416,18.895005350816426,Fail
2.6979605789236416,1.6306586736006357,0.8280902896905251,7.739486689309331,2.4720585453660213,15.368254776890154,Fail
6.589427939347427,1.214157653119542,1.4121030927745326,7.230637335531867,9.579716247356753,26.026042268130123,C
5.027203900924792,5.266422635251975,9.568260377492805,2.2698993234776097,2.6623540752418426,24.794140312389025,Fail
0.9367476782809248,9.650316229099188,6.218240863057747,7.639760846452411,7.065229631604173,31.510295248494444,B
4.543454230676551,7.619697445971535,6.07773223877402,4.380155222496426,7.745910311105995,30.366949449024528,B
3.689136395697724,6.536029525352265,0.2908761858897435,5.12013245768795,8.870257078951523,24.506431643579205,Fail
3.8649372286391372,6.883531995402283,7.056372943682398,8.778601787162891,6.432972599800372,33.01641655468708,B
9.198709341305428,6.61476768856287,5.187364357889943,9.656110522860295,2.44967417913339,33.10662608975193,B
7.8189091299688975,4.625339853783005,3.9248980123423016,6.04390512210911,1.5787171409440925,23.991769259147404,Fail
9.68326960099255,9.431630524604394,0.9133493840730822,1.2531925790785114,9.450918506276247,30.732360595024787,B
4.663097561401701,5.5751826466727525,9.016454232550885,0.3039379383285523,5.828409419940833,25.387081798894723,C
6.751298858444197,2.6532407006466716,6.921862883801171,4.095732719687612,2.296530470060806,22.718665632640455,Fail
7.823958086444591,1.1219856447056409,0.5922339717249658,4.594049941860368,6.931832684562178,21.064060329297742,Fail
3.1130769915600363,9.714018486086463,3.9447744098211865,3.4555875287744486,1.7714375370537905,21.998894953295924,Fail
4.505824928161174,5.030294807967007,0.7700349250621596,4.898170878669137,7.883366635189697,23.087692175049177,Fail
1.629344270814297,8.211105277415161,6.018098088569807,6.765919894669901,7.349374151493361,29.973841682962526,C
5.333866287653626,6.815145354423379,8.159045863814569,8.353596470603865,3.6709333448224224,32.33258732131786,B
2.212378198066837,7.4574113655140275,9.240573153600069,0.5797444605791302,3.168442264953246,22.658549442713305,Fail
9.246586095822467,1.792098495610257,2.279005075416997,7.136122925865822,4.95030503257413,25.404117625289672,C
5.516879678064617,4.086049707232401,9.460436442804255,4.749514658749855,8.445459513422936,32.25834000027406,B
1.7711067940704894,2.7457231555102157,2.9520900087836246,0.6643716250603005,8.54508891170706,16.67838049513169,Fail
9.640784164901081,2.403228807448307,5.046151100994622,0.43263173628787954,9.875115406311474,27.397911215943367,C
0.8920655881696382,4.26569004711536,6.206026775939913,7.7235042111324335,7.3905511081147335,26.477837730472075,C
9.324439783773508,0.9793836538285594,4.372149690046685,4.1384420179739525,3.1316120581379026,21.946027203760607,Fail
2.5666168989591442,9.06019455776488,5.8805606733896365,6.349988192605773,2.322116618922574,26.179476941642005,C
3.0978785920909924,8.676188661891324,8.640705031454688,1.253708926226419,4.106747942108353,25.775229153771775,C
2.688615449790066,3.9485367440367836,9.08011627464215,1.0668776238322297,2.7314903864193463,19.515636478720573,Fail
8.797524022943437,4.682885676728679,3.088189135888453,7.659000780887979,6.439769710302393,30.66736932675094,B
2.3305318798485866,7.742221911560132,2.3626040687463687,9.161195834337331,7.9702798556239305,29.56683355011635,C
4.35583314812933,8.288971119758777,2.7295486764047117,9.637335466282927,0.8672272800729774,25.87891569064872,C
9.154882975880419,3.978785874773685,1.2420329396377383,2.0426360210287378,5.3269335961870565,21.745271407507637,Fail
1.8854060574925113,9.067423725725538,2.243139093057851,0.19050195316844043,9.365196216642127,22.751667046086467,Fail
1.1633172713326123,4.496616631129226,7.3961088740076795,5.241239176639966,4.768790556076464,23.066072509185947,Fail
5.456959688130258,5.032046700749639,0.880052503057015,1.7998631400565357,2.8389314103115826,16.00785344230503,Fail
4.686516369963853,5.083470960136365,6.61332160699671,7.042934486927267,1.2876931589994722,24.713936583023667,Fail
9.27752283195213,3.621787575581461,5.838372605023246,9.046034835440228,1.6284968942203526,29.412214742217415,C
9.655179182347664,2.4787557232395074,0.21299837926929466,7.090352413257717,9.884348472741083,29.321634170855262,C
4.6068497348213375,7.412376971371934,4.668235444073195,0.2478833203688846,7.026381208885781,23.961726679521135,Fail
3.321725220617325,9.791532397514885,9.09870874080447,6.475663657622588,6.251750083098483,34.939380099657754,B
6.725072626736491,3.1518729015396385,6.39573873332081,5.87768642968168,0.4593380705578487,22.60970876183647,Fail
1.5873676337430953,9.059552097493825,0.8179911382744975,7.91932596678449,7.596164284505898,26.980401120801808,C
2.0093368865905648,7.605581155199229,8.286618044544195,1.6654844978558303,2.6426283543145592,22.20964893850438,Fail
4.377814772996199,2.324690402167634,4.911328898204841,9.682546148133305,9.935905973180187,31.232286194682167,B
1.7252387694636206,9.086555613403597,7.723409755538425,1.9619149374208367,3.2177869513826094,23.71490602720909,Fail
2.874616648972501,5.792200352275579,6.886891509311674,4.987694515551306,0.16194175996961602,20.703344786080677,Fail
7.587762537573251,1.7870612093260885,5.754668888529871,8.872986699241999,2.0168995970671286,26.019378931738338,C
4.888465802569202,9.794198731378522,4.833506633888832,0.5051511797024333,5.546780940180886,25.56810328771988,C
2.197227501103969,1.8676841627000884,3.044739016157151,1.4749431408659697,4.600520791287783,13.185114612114962,Fail
7.524024537194673,1.9964801918133412,0.8783431501234051,1.4183682948502274,7.413707378316422,19.230923552298066,Fail
5.174610093842912,6.813655755805597,3.336011791641921,3.577406719720199,0.4104024091236047,19.312086770134233,Fail
4.290623693026659,5.929542729274033,1.7536780254037732,4.0369421002270975,3.921713457221615,19.932500005153177,Fail
7.464914051180242,3.1505649660759936,4.3944228129548755,1.0046657930436131,2.688580834188552,18.703148457443277,Fail
6.2399848552898245,3.9963848249393576,6.568733022593589,3.2719774085555886,8.3791449736047,28.45622508498306,C
5.097570669008714,6.564703938869427,9.11311582175626,5.640462659186179,1.1212971768177415,27.537150265638324,C
2.5364247434137557,0.8516716671055635,3.635290748895772,4.108214228582527,1.9963585646365045,13.127959952634122,Fail
0.7695320162920916,7.987718291146285,2.6850804196791844,4.241789912069983,5.898583191430653,21.582703830618197,Fail
7.330001072226232,8.02992017867153,3.6714315931207375,2.6656605704218164,4.464071980060199,26.161085394500518,C
6.618345851139981,4.335431028038011,0.9620574166259455,0.9703601137216322,2.8155816103067055,15.701776019832277,Fail
3.838388830449795,1.0557564221946336,9.511370464417864,9.58122944561771,0.4689336668762567,24.45567882955626,Fail
4.108163955674278,3.9512488477456733,0.7663787515457876,8.954373855003151,7.267366689403146,25.047532099372035,C
5.444890979608496,5.5764239334315855,0.8734798848142922,7.224414032485758,0.12328685538640416,19.242495685726535,Fail
8.17443561738441,4.738084349601387,7.846399144689324,2.0958893835967896,4.747571233962561,27.60237972923447,C
7.092961271407681,6.454905391663529,8.09860632805359,3.5908527059202267,6.525009014377375,31.762334711422405,B
5.381210100398132,4.814936785493943,1.5881589617356784,2.4507586149304537,7.596529184538446,21.831593647096653,Fail
5.79792843832955,3.0510919021208216,2.305351219917174,3.4823693096602524,5.86190354795926,20.49864441798706,Fail
0.7623921797356448,7.177033617093369,4.512450533654485,6.919811251435176,5.231532734672452,24.603220316591127,Fail
7.746535311811819,1.1478627866061242,1.0366913548223677,6.045412266117042,6.4838748117352605,22.460376531092614,Fail
1.2096066223849233,2.686677846278276,0.33240324986610115,2.4070082371300505,6.401597975823332,13.037293931482683,Fail
6.542925523249618,9.95608711514426,9.271847450602092,9.19241540924613,7.599391490123606,42.562666988365706,A
5.551337867531885,7.740617069461161,0.24140777122333645,0.9219736823784097,6.276952471467862,20.732288862062653,Fail
8.28469299449117,6.532715658327437,5.871033550630374,0.8974783768838346,9.888707829796914,31.47462841012973,B
0.22504327428686466,9.024535392055206,5.424501591012509,3.3549831819382825,8.427698370589184,26.456761809882046,C
0.1914486799683668,1.5545229215645728,4.532321650999274,2.8401953003345417,0.8533298229916564,9.97181837585841,Fail
0.3667142693354297,8.811973395556409,0.9432409665177222,9.553672807311738,1.9809804921509777,21.656581930872278,Fail
2.0990559309558576,6.258583970701172,0.40833545353063383,8.886557623804684,5.072651595901213,22.72518457489356,Fail
2.026326341353432,4.839907503325399,9.490868158193733,0.8700469046109982,2.063153949437134,19.290302856920697,Fail
2.30084491857475,6.909741511515639,9.045041412180788,5.0836866846070405,7.189118136725778,30.528432663603997,B
8.940995361061592,6.020495435493508,2.5876147263355707,7.912309696503835,8.979664922780659,34.44108014217516,B
2.9265509766740783,5.1455309133378,6.296257182641684,2.6078244386675777,1.1170588974525786,18.09322240877372,Fail
4.956539208832471,0.9007386294689113,9.664816590367437,4.907729863223262,7.5693065294858455,27.99913082137793,C
9.615507321375663,5.612755148562122,2.6650983724399833,3.9285944303363762,5.725880505191555,27.547835777905696,C
2.257895521506291,3.3345702053164725,6.674431761818748,5.6917302780734635,3.9561279752725476,21.914755741987523,Fail
4.988510237442743,1.057352679264505,8.659566019448683,3.6219914086976432,3.4667759365763984,21.79419628142997,Fail
9.711509073682858,6.989851081744856,3.0509498115351263,1.5873684059020476,7.716644148675904,29.056322521540793,C
0.10046981054831594,4.3176753819855795,2.445595509312893,4.599837895990399,5.745293378042062,17.208871975879248,Fail
5.435528611139886,8.677473900817306,1.8626718231289385,1.0934520731350295,1.8704884683708478,18.939614876592007,Fail
2.7785277608971226,0.4236193195278204,0.7518058501402591,9.354204444235243,5.45855434376638,18.766711718566825,Fail
0.4530400977204452,9.274228364827623,1.1277055848915307,5.221292935847855,7.721263550540357,23.79753053382781,Fail
4.24850842868087,2.608351628039763,5.606978174642661,6.0970368476162555,3.10822129799892,21.66909637697847,Fail
4.366141897687661,5.214220423483239,1.081319723393751,4.204554925677611,7.479823764731832,22.346060734974092,Fail
1.2626474156450274,7.532134387388773,4.0922759408409775,7.587466215125707,3.2633406818210444,23.73786464082153,Fail
8.193982309664928,9.782236685813746,2.3300494797759583,0.8852424324578279,4.600787512678252,25.792298420390715,C
0.5122429640431325,3.3811092073613214,6.953785340059841,0.7120450525649369,1.077197014590825,12.636379578620057,Fail
1.6574977982015593,9.244300917842622,4.469380373650883,5.5308345139799195,7.137873259931339,28.039886863606323,C
0.9390071578941839,5.450084157239406,0.6903441679766653,5.796748278319775,0.9874033853295494,13.863587146759581,Fail
8.586001069824983,9.831622899114084,5.180044523572533,5.253717061761564,6.953105398212477,35.804490952485644,B
1.9557064710152305,8.630259611201758,7.530369619509139,1.884831544985418,4.133432444023837,24.134599690735385,Fail
6.417343972985582,2.008512160511163,6.625239103837039,4.621171765262815,1.0307878263373516,20.70305482893395,Fail
9.891253191087333,3.4093588031419566,4.485690978307623,6.4007192448715475,8.689175700889626,32.87619791829809,B
1.4879596940511564,0.6477219952520175,0.36835817103303303,9.386213488143857,4.531759332912553,16.422012681392616,Fail
2.0707580921085524,5.529755860174398,5.14813290181972,6.7831903598529175,4.4090505371633,23.940887751118886,Fail
9.976722632646592,2.1941563855690385,0.7432886063293709,0.37871009361926,5.211381950557675,18.504259668721936,Fail
7.43946292572677,2.2687051633149413,7.520794375295791,0.3128203077167946,7.268112577006373,24.80989534906067,Fail
4.824930605276629,7.899117002228051,6.904141408952129,3.2065241428469813,3.595650660046903,26.430363819350692,C
9.941393612211675,3.2136995574087033,3.552166141315596,4.708429515340482,7.06916108282778,28.484849909104238,C
4.323348010426019,7.6484789321998345,8.511034459651455,9.046033735174436,2.2364658482359214,31.765360985687664,B
5.541697216110001,1.2273931954430894,5.037754338390707,0.7108894824421708,2.2222660235960303,14.740000255982,Fail
7.072283283354233,3.596367431790025,3.9257072040315832,8.856427496513948,3.130960334946984,26.581745750636774,C
0.23638586046336396,6.471595611269574,4.703963528439723,9.529383904262618,6.622468735307563,27.563797639742845,C
9.986173191643847,7.8814401396791105,3.1025268625049076,5.572383178632652,8.556908548250707,35.099431920711226,B
0.07357829625414536,0.800413240914406,5.936033556722048,2.149044949379406,1.9167685634615905,10.875838606731598,Fail
0.10811083635196339,3.5513321531579067,8.359455374108105,4.903708724988637,7.289519791815165,24.212126880421778,Fail
5.117074471147008,9.242377008141329,9.296864524641508,0.21208050631415287,6.689059986872773,30.55745649711677,B
2.5464065476376385,6.621858857118336,5.310680198223631,5.555174259309789,2.783166604117949,22.817286466407342,Fail
7.2571950838836,2.735028658297071,2.510061787743733,6.165466891494674,0.47043664528668927,19.138189066705767,Fail
9.209945210965758,4.207602077764607,2.939786307580683,5.79194940352795,7.5856859460656265,29.734968945904626,C
3.5097562392609136,8.500840213306361,3.504862838980766,6.874506996000068,1.2323589291126125,23.622325216660723,Fail
4.607121713482755,5.430125100143456,5.996412039474883,2.613825034292645,1.6604722872012578,20.307956174595,Fail
6.15214896596914,6.8257813709008275,5.468869000288528,4.374489194248349,7.137082264816779,29.958370796223623,C
7.785158800616635,0.3291858676395376,5.477504591506191,7.2581053086112135,6.6412071776733725,27.49116174604695,C
6.292191930082921,5.890946758165811,3.054887554003497,8.036498992925544,2.3787197333640018,25.653244968541774,C
6.332689173374889,3.2456428425547634,5.889818435891958,4.3807281684762,2.9092075043326204,22.75808612463043,Fail
6.760930341645768,1.0671497186837553,9.941022832107262,4.156882276766362,2.333502549522517,24.259487718725662,Fail
0.8701721830278875,7.467216016840621,9.153289446656505,4.751932834074434,0.8687116640248338,23.111322144624282,Fail
8.364421924698696,6.780725123219167,9.901728054184318,2.684674252746291,3.8675420041642994,31.59909135901277,B
4.36046974118579,6.491892846364932,7.064086402755006,9.850156782726405,3.484093573599413,31.250699346631546,B
7.844054732127973,1.2909634985963336,1.727310409477446,4.840186346694154,6.5226232559865664,22.225138242882473,Fail
5.956387406078443,2.8721257112736156,2.5539737416444517,0.5962223718022119,3.1304226208978503,15.109131851696572,Fail
5.281777214230171,4.243767670138782,4.964608784504126,9.926340299878015,9.522739160313781,33.939233129064874,B
9.505920130759383,2.9630204511928406,0.8522866042493826,7.15247614048682,1.2565574845272776,21.730260811215704,Fail
6.640741211998341,0.44309811238326224,2.5948770737585294,9.188561089257497,8.032676604225612,26.899954091623243,C
4.763382934943662,0.43468399323714824,3.522798933142033,4.416021405418226,7.662778565571536,20.799665832312606,Fail
4.715761885501584,9.401760633010566,4.3561981276994945,6.272089084435847,1.038629267009461,25.784438997656956,C
5.400291922606877,5.393745588240276,1.9233236963947686,7.859365074494503,8.309332443449621,28.886058725186047,C
6.262203216314154,7.733040401143754,9.490047866727734,6.5933098670493635,2.8680608538025867,32.94666220503759,B
7.683999289487798,5.784477558526964,3.2121629889636227,2.566024347759701,8.704540323237959,27.951204507976044,C
5.990110442135675,3.27726956682071,2.97419124229099,9.803043787281593,6.453449404070818,28.498064442599784,C
0.16028156455123121,0.2899274499897986,6.675621017861716,9.185951311009072,9.663853853716892,25.97563519712871,C
9.29529144247826,0.37556069740189546,7.437626742528902,7.7974077178751875,1.483947577576188,26.389834177860433,C
5.993021161394378,7.528694445035706,2.0412228455809767,4.182281552555681,4.867906244306273,24.613126248873012,Fail
9.459708898455993,5.040749468400883,2.714843468191125,2.29254872980115,2.8920230197607477,22.3998735846099,Fail
1.3812529314024724,7.71313633225014,9.83218564796211,9.593041244452252,8.215990243368775,36.73560639943575,B
9.920159693968357,4.2231387785603225,7.453502883125159,9.0616599731333,8.70403427186231,39.36249560064945,B
1.8121804361361726,4.537489539375514,4.527666092780756,9.577704238917995,0.12224243431511073,20.57728274152555,Fail
7.507902311797877,1.1211364833819615,9.725579630469195,5.221672447737723,8.119703864383112,31.69599473776987,B
6.519612595026006,1.186557031962523,2.407124297822664,4.05246327906392,9.590592736717136,23.756349940592248,Fail
7.608914729612401,1.0031949919327943,7.1031852419104355,7.045643960865894,5.142853936547086,27.903792860868606,C
1.5939488477140218,0.37231201752291776,7.7188764500294464,9.290988606919171,3.6621279853518374,22.638253907537397,Fail
2.2120944181960223,5.126880723288114,6.411531288601565,8.43069272725063,6.468336203055936,28.649535360392267,C
2.7993389694594284,0.28631193835652824,8.98672755563638,0.07107747087859662,8.243132831429444,20.38658876576038,Fail
0.9244951703706661,3.650506541055308,6.534725229595612,1.87552687205654,9.991571081942736,22.97682489502086,Fail
0.13281203458580082,6.085123425253467,8.43564292141309,9.057491739413585,5.113490777408073,28.82456089807402,C
1.5949226254135829,3.8733342085669245,7.40753801291965,5.188942350349434,6.609189018080988,24.67392621533058,Fail
0.4600264202175275,1.6641428431093985,8.013471439617122,6.4229812336937115,4.541209831483368,21.101831768121126,Fail
2.0113654259037728,6.545765141741385,8.907040273859213,4.783831976377915,6.311836617166914,28.5598394350492,C
7.5396190359678394,6.168857832608161,4.811240233697149,2.6138083537636323,5.4874696950786355,26.620995151115416,C
9.545659288588107,4.223518727007345,0.5039779424338175,4.4756376939106035,9.746860738439258,28.49565439037913,C
1.7108596685716204,5.1685852553731735,6.594593969773114,3.9524696094665157,1.2631819117354703,18.68969041491989,Fail
4.925176938188639,4.737601537387203,7.689840001764066,5.07160590925821,9.605572239015919,32.02979662561403,B
1.4660830036000316,9.482445357224686,7.468983352418336,0.41343585853998555,8.324237819352568,27.155185391135603,C
2.661013685373086,7.510329615376086,1.5035012591923025,4.648810003714582,3.233405688281997,19.557060251938054,Fail
7.120719922479305,9.409566212589349,6.8858428890751675,4.360083330858333,2.3278357130008986,30.104048068003053,B
5.9366079120853845,0.6423524805742087,2.8200256942620183,7.456486835123112,4.5569715103806105,21.412444432425335,Fail
1.1409578488793337,2.3826241333993003,5.217894112444659,2.6579626136021837,1.9090129667967437,13.308451675122221,Fail
4.036466944934778,8.678324967344967,7.934195271886331,6.745596708887524,1.2450539333740929,28.63963782642769,C
5.183654633353206,4.726647293648448,0.14679235067735275,8.075087334821529,4.217267956873153,22.34944956937369,Fail
8.861712940559931,8.50780382630682,2.9297972050443266,3.345089257642618,9.152948004344037,32.79735123389773,B
7.327234154133065,8.688334727016075,9.531423397737832,5.178202986532076,9.266428388329595,39.99162365374864,B
2.1567515239771717,9.050881233882643,6.626005028802849,7.135042751793014,8.526731640437157,33.495412178892835,B
9.017740285462287,2.915138583443534,9.485487173608758,0.2568095642359658,7.378470579089803,29.053646185840346,C
6.485048201186881,3.6164532775501956,0.6868468621938872,9.463290099387947,7.683934932257181,27.935573372576094,C
7.255682475599482,4.433956658334408,6.546209352003144,9.643460803827953,3.1067264337444387,30.986035723509424,B
7.972953657795536,2.1393378280104725,8.42627198862633,4.61285576256457,5.799307906855447,28.950727143852355,C
5.115256408094931,5.733767880015584,3.8378477041229795,1.6306727749670635,8.438672852996117,24.756217620196676,Fail
2.707446731435538,6.221669241736078,5.633630475609839,3.4214364154673724,4.957046857824679,22.941229722073505,Fail
1.0102824649125852,7.573417806725513,1.170871673548447,4.4774330654847905,9.857803316719528,24.089808327390863,Fail
4.552201490818012,4.383327756143538,8.768730434938226,6.7696548462535215,2.965079902920401,27.438994431073702,C
1.5577326058017016,4.2770117081923855,7.725521342662026,5.677969969129095,5.064007295977209,24.302242921762417,Fail
7.31496464043139,5.529468935778924,2.094523750253401,6.66566094284733,9.28059972768785,30.885217996998897,B
3.594238268308171,7.732611520799885,2.833589969623799,8.23157228072736,8.173803955200354,30.565815994659566,B
0.6431922319358352,6.4274603463361295,8.90851387359183,6.471363822124632,5.102501321559869,27.553031595548298,C
7.476518245649778,7.340042545436843,8.627095887795482,4.466683074773813,9.265074200770382,37.1754139544263,B
9.508635622504103,0.6562799533574037,3.0217015335834088,1.63375573952103,7.616533179518026,22.43690602848397,Fail
6.926259522261645,8.960283653249931,9.046734375317367,4.994867734907227,7.869470282174254,37.79761556791043,B
5.150056597097231,5.04176820338043,0.775689072621345,2.8368795961670887,0.45155812107600335,14.255951590342098,Fail
9.053819764192637,6.1017857623664185,7.063792099030417,6.002347697799049,7.701912971125406,35.92365829451393,B
5.880004634296284,9.868106817987558,6.701726920589348,7.4380451078028536,1.5785543639868138,31.466437844662856,B
4.3276687959926265,8.668735827991789,1.2507123945056908,3.483328948332549,0.7489739889809555,18.47941995580361,Fail
2.9348882320812164,6.256671806315931,7.315486825385661,6.860959915834789,3.1856826371598137,26.55368941677741,C
9.283725519807918,7.346544978530639,0.9457448620831632,8.5497079302179,9.739755312866974,35.865478603506595,B
3.3555720169665717,9.525859813174192,4.465571570340758,1.3296604802409329,2.7415200982002883,21.41818397892274,Fail
7.941345617322724,2.8995832180378676,6.033406295022266,9.897975201616463,2.6224688388785045,29.394779170877825,C
3.5982490063656645,4.712233309037432,8.109685984700397,7.775468636503712,0.8123489533081973,25.0079858899154,C
9.83521472715222,1.8595344539102665,1.714331411781883,2.9197337364128617,2.4346479416028153,18.763462270860046,Fail
9.95421512925456,4.886438970987585,8.893880924232318,1.9435846944942858,5.058560267744259,30.736679986713007,B
8.19868147527005,9.232393837281878,5.8318745557056015,8.875388849728598,4.872240567586613,37.010579285572746,B
4.677582309575795,7.676060194582317,9.19764633813448,2.4520054592816543,2.7818267569539112,26.78512105852816,C
7.986557803566365,6.541683119919322,0.20626632013764357,0.213631630969624,5.398505631303454,20.346644505896407,Fail
6.888853020500907,4.906096883117394,5.324203355333042,0.27759069220698485,4.972287007284817,22.369030958443144,Fail
3.4157038703156797,5.462479676028885,8.887770255029475,1.7246386685188253,3.8056371338599195,23.296229603752785,Fail
1.9462251182076507,6.443961622818657,6.5755487583333885,4.571093381963168,3.575419034259898,23.11224791558276,Fail
6.522640059437702,7.238710383147172,0.9824650755191189,8.656391206187934,7.948899557235948,31.349106281527874,B
3.2622050698093155,8.578009372825907,2.5227362939496043,0.8288847114532227,5.067445798378877,20.259281246416926,Fail
4.392106012497173,1.483017348077471,4.911832004296031,7.071606208682709,3.0493319410264808,20.907893514579865,Fail
4.327670817081937,1.0303713097510048,2.807419529426581,8.138396760361527,4.025410952970901,20.32926936959195,Fail
6.690223373291083,5.098740563064029,2.101176862323586,2.0954573760183903,2.410292587563595,18.395890762260684,Fail
6.062529377509774,3.288452882089896,6.515939141137936,1.944486967235003,1.3607990436635675,19.17220741163618,Fail
2.3356736106861096,8.589123260956415,5.382394482471339,8.77851210726084,3.5936660088400063,28.679369470214706,C
4.971672807176857,0.21851377207778744,7.130543960262874,5.691995521389716,1.7460555047005122,19.758781565607745,Fail
6.537779229561563,2.374766950056241,9.996956093547604,0.21415538670685685,3.0363898280912816,22.160047487963546,Fail
4.078942367801904,1.8297338341486946,0.9212260814607354,9.890227183120357,3.1400223192616696,19.860151785793363,Fail
6.795518365726839,9.941737916817344,3.665143536856764,0.14499017823157878,0.062477160769091045,20.60986715840162,Fail
1.1793867487423348,7.63246573514173,7.1367218700948705,0.6872820157239978,7.9424431759423175,24.57829954564525,Fail
9.469028994605168,0.7043998597026035,6.611210076621495,7.212294268820626,5.637737735509698,29.63467093525959,C
6.5711883906127335,6.58357092185296,4.743973189397933,6.746126264918758,0.06924297064552443,24.71410173742791,Fail
8.781151969857014,7.311311089644235,4.834435984145732,6.746776285115358,1.0903298741953338,28.76400520295767,C
8.881181889340358,2.3114034200984768,7.272156880186423,7.231427078539375,8.680301333230469,34.376470601395106,B
1.9333923361205219,2.345308719852742,4.216540068218385,3.8897812155256695,5.662779046166625,18.047801385883943,Fail
9.67761465269562,5.47737444324274,3.2645077041750303,3.2042695679697863,9.046279258001638,30.670045626084814,B
7.512789243737669,7.679375516180111,8.948370467062514,1.3645232412188035,5.207597753144768,30.712656221343867,B
7.92662476751617,0.21788949762255538,3.3398421826600155,6.041534706653619,1.034081609634826,18.559972764087185,Fail
5.095088732242019,9.106777399183047,4.525157638414533,9.545397256033182,6.982387253870641,35.25480827974342,B
8.995745732745684,5.796108992282839,9.826099914047443,9.450357350836176,9.952212533561308,44.020524523473455,A
7.6022785988968655,5.550185242052911,5.51646736098048,9.842813302596888,3.1296906015522596,31.641435106079403,B
2.8185477477339993,7.768603268982814,8.21671264368016,1.2729541400376043,3.533478592053255,23.610296392487832,Fail
3.088608992364632,0.9972360006606873,6.196496815183151,3.1780112065667545,0.17886941606900297,13.639222430844228,Fail
2.876327290436782,6.373048264283244,5.26659826111416,9.160315352853404,5.755640415639252,29.43192958432684,C
5.742935397085736,3.1506587526091403,3.9785467577923717,1.2284466096211977,7.580762522812572,21.68135003992102,Fail
9.623653164545283,9.971628142794568,1.3326372288441557,7.7275208645829165,5.777300031381626,34.43273943214855,B
9.19038277028671,7.49621155563643,8.354058788830622,6.201826315188109,5.944357009464011,37.18683643940588,B
8.860934353132082,0.9445705126871917,5.340093173071892,1.0070071762548627,4.515667139441647,20.668272354587675,Fail
4.032106331838228,6.8283726602889905,3.7598666907040523,8.198023315897835,5.877156378585556,28.695525377314663,C
2.101071929123518,0.7338401665200855,8.594657779705656,4.989187102566738,0.27651755865255145,16.695274536568547,Fail
3.9191056294390902,9.117377082773535,8.183845563594515,5.745430120502276,2.2160757731240874,29.181834169433507,C
3.1334791758514315,6.304217481689232,2.6606219032492486,9.111757080951117,5.473260773033678,26.683336414774708,C
3.4562703703615894,5.873835952686472,0.07337625223134636,1.6649066565833048,2.112823399546194,13.181212631408906,Fail
8.455108108405604,6.2520832174293,2.834422394537497,3.298525767924695,1.7038794870191631,22.544018975316256,Fail
6.6776059160315295,8.434404436647402,3.799749244584082,1.3392576248577492,0.4905744920406607,20.741591714161423,Fail
8.172977699624937,9.515803094398695,6.106420666317776,2.397479803486494,3.6155029754571766,29.80818423928508,C
4.080200912850811,6.327151243009917,9.617362703066641,6.864642943863801,6.676764926214869,33.56612272900604,B
3.302150648714975,3.230435846186024,1.6121241391836993,6.635147427933353,7.06726761249039,21.84712567450844,Fail
7.0487101004338175,0.9326012018083174,9.037299762136376,8.824013344598493,1.574634107160251,27.417258516137252,C
5.172721697543105,8.363098750156716,9.912284460886244,3.6207867090002974,1.2632550498037332,28.3321466673901,C
2.709092232468712,7.372696831257044,3.5759477719861343,7.192999369814331,5.484658135082107,26.335394340608328,C
5.1771164338471145,1.9972851912240497,9.120680598883183,7.411206925350964,6.055651059542459,29.76194020884777,C
2.5218198181926943,3.8959524843862816,5.877688676632959,2.2506676581457685,1.5412198421264256,16.08734847948413,Fail
1.3032394670232816,1.330866391727974,7.163998503633859,3.508248135198595,3.04653848296369,16.3528909805474,Fail
0.4010919141248248,8.626740703318891,5.574987596799474,7.363376389889837,7.813837676345372,29.780034280478397,C
0.03819922658583108,0.3498248830806283,7.111111340505746,6.747885275082744,8.388062763146682,22.63508348840163,Fail
6.4707016625887395,4.03487475280505,1.9799506165681624,5.517613076422437,3.5191029288410713,21.52224303722546,Fail
0.24971662117049598,8.960155229616223,0.1444210423514547,6.53924490067314,7.318023329982868,23.211561123794183,Fail
5.406984766449103,0.7336075951691956,7.421790382951564,6.980247107595022,2.9115554329567805,23.454185285121667,Fail
8.877041827582998,8.386571544924571,0.4201859126635965,7.955644613917894,0.3251987593216177,25.964642658410682,C
7.4543947418433,5.691415704542683,2.0826782126756904,2.936167806572736,1.1724942355845192,19.337150701218928,Fail
6.064097767438003,3.6282872472687355,5.799917570351171,1.1397325213700915,5.227095387504458,21.85913049393246,Fail
1.2967897822423535,2.5175938654544803,2.3808718204457255,9.348638741835432,8.56315918101452,24.10705339099251,Fail
9.146164545151915,6.794473358165979,3.264455251408327,0.8224154328873456,8.781171606848543,28.808680194462113,C
1.7169390770544957,6.74236561628199,9.049952259723248,4.281021157544007,8.229350614727407,30.019628725331145,B
7.187181132622023,8.910506169305346,2.8784029307680195,3.6382917564683135,6.0281582200512975,28.642540209215,C
0.30496547852754463,4.105329264558768,5.6253029755638195,2.575031747043648,7.190632927893217,19.801262393586995,Fail
0.27852240821074403,8.950327516051695,2.4031135111923305,3.897648751959286,9.601860156223589,25.131472343637647,C
6.3137532604825095,6.993788657332212,6.138064011754337,4.856369930776863,7.911217703373095,32.21319356371902,B
9.559800588260723,9.116830043297359,2.377180260207923,7.502403872925183,8.022188086109862,36.57840285080105,B
7.994103989090426,7.518762443691909,5.006666402227188,2.75958325753383,0.4283460149853924,23.707462107528745,Fail
3.4548085372344572,7.778121434439173,3.459574900601118,2.918099079168437,8.54920575150977,26.15980970295296,C
3.9317043456426415,1.499710594634972,3.86386042962381,3.6446885884831373,7.642328616466826,20.582292574851387,Fail
2.5775521562810964,4.662567411173733,8.388663657643962,6.120989856821137,0.7602807736940331,22.51005385561396,Fail
2.5656278370136376,4.812761505116168,1.203647617802297,9.93692175406831,2.5354681015434313,21.05442681554384,Fail
4.4085511270251585,5.123153112566621,7.987536228167271,3.318744430807601,7.872552875407967,28.71053777397462,C
9.384821582141546,0.9625058323772562,9.987928508555383,8.9786978882736,3.818668472616238,33.132622283964025,B
8.76653602658345,7.499869843799752,4.093790817702308,0.07071016338003999,5.29357227493953,25.72447912640508,C
5.821448028147421,3.902891008393338,8.26878820259627,8.966776491853906,2.575918493937076,29.535822224928012,C
4.182430362906189,5.5605733519146145,6.572131996684671,4.456749786574178,4.542177582343391,25.314063080423047,C
8.587642793494721,6.280834765714355,2.2150078100918735,8.145615561026164,2.646191885983921,27.875292816311035,C
6.830695751901241,8.254369156049984,2.1040169087048244,9.584929160587377,3.3116984875197786,30.085709464763205,B
2.9712171562317504,5.769095353227513,4.828751219726897,3.55565060217083,5.4945149445750685,22.61922927593206,Fail
1.608602934850979,8.631873483680563,6.822824046021103,1.0234203217199778,2.080716981913151,20.167437768185774,Fail
2.655875983073599,2.5422503008250907,6.313753076041545,9.310721720526612,3.9696205148193595,24.792221595286208,Fail
2.8725769487706767,3.844287330673829,5.796689129776276,7.026346006102228,3.1931706634045085,22.73307007872752,Fail
0.6656472791422285,2.199343138305813,4.858233671513007,4.629598154450056,5.589895782466019,17.942718025877124,Fail
8.283781456016463,8.469985997572685,0.22407596479367298,8.549179514805612,5.479576118578754,31.00659905176719,B
5.86936506558907,3.2859216302805483,2.0074218316574335,7.483022189052266,3.4715236017436335,22.117254318322953,Fail
9.170985051717942,0.23063386997226987,8.762030410414818,9.021058646024604,6.047404563953748,33.232112542083385,B
9.537036264917079,7.399312514704082,1.309819037679124,2.1000867128790954,3.3406149031711108,23.68686943335049,Fail
8.221031606002255,6.121498216133903,4.916387161140498,8.19467563588931,3.9995682387499967,31.453160857915964,B
3.1610488794089564,1.3032411356012108,1.0270169136137108,7.532856797906043,0.6710342526824942,13.695197979212415,Fail
2.48976899161365,6.085717243060165,6.902553594121205,8.87576351022483,2.131943011412062,26.48574635043191,C
1.6036540611974315,6.751438544438484,1.4585555888350454,0.9021592958656932,9.683415957088595,20.39922344742525,Fail
9.45629677748997,0.22220639519938357,6.8355031705760725,9.656721502499916,5.691078446433954,31.861806292199297,B
1.1674790276879554,5.5167956375263945,1.04876888349001,6.59106520995876,8.502400275958111,22.826509034621232,Fail
1.5389590633985506,6.557773017841802,5.352393369147334,8.349206432512698,8.994790625592156,30.79312250849254,B
1.6684857820557764,3.9324646479203773,1.24604569619448,0.30832772784410434,1.0012294635715524,8.15655331758629,Fail
0.9505653683256443,6.532902447594835,1.7650440908958487,5.403673621150382,5.150016399485732,19.802201927452444,Fail
0.6535634079894237,9.24147949136699,7.631898707194948,7.927369942692357,8.284754400232167,33.739065949475886,B
0.4574203381251285,1.2822994730377413,8.08708644820744,6.299400789230429,3.5604683565676343,19.686675405168373,Fail
6.692190299248667,3.90515697684394,9.042663084858685,6.8586047147224924,6.182837802954484,32.681452878628264,B
5.990993251027525,2.6062929787496647,5.544947561549886,1.059423874798242,4.319346202024313,19.52100386814963,Fail
9.671266152591704,5.949683573414703,9.542388633182936,4.153142398277927,0.8593919128413829,30.17587267030865,B
6.633107095040019,9.904716723472566,6.629492734296112,7.154074548264956,2.2819597512470113,32.60335085232066,B
0.7964512903476584,7.042632868203458,8.168960372719875,9.453642990898354,4.649474148480906,30.111161670650247,B
2.9481723834676687,2.986839838141343,7.259034642648929,1.3907533802071337,2.08968414109449,16.674484385559566,Fail
1.716792858483035,4.3308020360213115,0.19032253592738413,3.352956539609143,6.821790592258289,16.412664562299163,Fail
7.226835744744866,0.4477237251809507,8.527752041652292,5.354528826140515,2.8837221041452334,24.44056244186386,Fail
9.757788185489327,3.7143395064673235,8.51246123505876,0.35316608594883614,3.6686844455425396,26.006439458506783,C
3.4080354025301784,0.5120634919032907,0.3660971584220085,6.194581006577077,8.379992223757426,18.86076928318998,Fail
3.9312179820707915,1.6810254980518002,3.1402125058339045,2.7448517400452577,4.586265606065831,16.083573332067587,Fail
9.736921348501987,2.0679636635760645,6.151758113832423,7.943256182705891,9.852252910473494,35.75215221908986,B
8.20461290158315,7.84094700579848,3.6695711275245477,5.951165649466782,4.7599536922301064,30.426250376603065,B
6.4515008330090335,6.574713688561536,4.359599891287641,5.2982604441379335,2.9388573255354924,25.622932182531635,C
0.1217983541654144,9.780981193157132,8.472992334462006,8.701577976148979,3.6931957986289454,30.770545656562476,B
9.071950307058298,2.333954517284067,1.8499969750197942,0.9472748535779174,8.69730831739412,22.900484970334197,Fail
1.0456784033440025,1.318366178035142,4.143481084316266,1.0121374299388475,0.6524683588812041,8.172131454515462,Fail
6.233795659599071,7.169769010638771,0.7209906915017994,1.376861317199417,9.570626321978061,25.07204300091712,C
3.351188542591419,8.347984925799404,7.429791344889568,8.84207256894975,3.8919796319560716,31.863017014186212,B
1.619230066322137,8.171272821701448,8.206425472982895,3.1587826640261096,9.20098327314242,30.35669429817501,B
9.355230227588573,4.133125614011103,4.483501070408612,9.88920004495024,0.5668759895368891,28.427932946495417,C
3.0728996492628657,8.383378205933852,8.506266448136131,5.795664959538892,0.6213118519788663,26.379521114850608,C
8.204875844802748,1.4316470777757917,7.703361216968224,4.124578468548329,8.479537823472516,29.944000431567606,C
1.9809763275974013,5.023985278435356,0.5530068632834839,4.145263426605123,9.241144834023006,20.94437672994437,Fail
2.9729079030733363,7.965485540464985,5.182268934748777,5.390050448257506,6.972780938199738,28.483493764744342,C
0.45227288910538066,5.26768907269492,9.12881745222697,5.789696640162457,4.408079738551765,25.046555792741497,C
6.057792494526904,0.7171052088493268,2.451321648345136,9.838980363600175,4.336260835426313,23.401460550747853,Fail
7.767984372086307,2.5786425364484487,2.212186560774562,8.376964915685187,5.339234469910733,26.27501285490524,C
7.233303039939631,0.6718519652390131,0.6102771143241992,5.159155219608352,7.751236393527404,21.425823732638598,Fail
0.7869767519539905,8.151832322927529,2.166280875826805,8.204494569226881,2.2318255705273273,21.541410090462534,Fail
7.346083007105351,8.852828290969004,0.9658723026894567,8.568476646029737,2.5380500531198305,28.27131029991338,C
3.9375514156540667,5.265156165216302,0.7237334301750453,2.76976865961851,3.307926148462901,16.004135819126823,Fail
1.0116561961310322,8.756993729425655,8.906498914045969,5.459047098339571,6.651565239056132,30.78576117699836,B
0.38426348962324997,2.960820891354503,3.5470375812420905,7.362976662108784,0.8027718324960775,15.057870456824705,Fail
6.202348489611205,3.114157538811587,7.08210837588187,2.6069735907690115,1.5996921703549571,20.60528016542863,Fail
8.461242105302315,7.788926451025717,4.557320412800884,5.003645764437873,1.656367379685364,27.467502113252152,C
2.9186717703639973,0.40699795253807625,5.571731665549406,7.251098733418847,9.50724307024386,25.655743192114187,C
1.1203890216805235,8.750345312452586,3.671290894369199,9.851693310515357,5.647817949330726,29.041536488348388,C
3.6140377906718637,2.042647583330054,7.5265400121128,7.380032830528441,3.4644748859442895,24.027733102587447,Fail
1.7070836331248018,5.5996414714584315,5.880477183456377,7.016917514203413,9.822959649792862,30.027079452035885,B
6.478370386082265,0.5495787465006641,2.0045546130537995,1.1387620382900931,1.8170238753760348,11.988289659302856,Fail
2.1473512512156323,6.565330699030019,1.6909395695160978,9.14192077402883,9.210491764082795,28.75603405787337,C
0.5784444944716061,6.284954300890621,4.628447576579773,5.7674112702960745,0.7562511334617517,18.01550877569983,Fail
9.052989990105155,5.3814343008145435,7.7441171158690425,2.3496357341929244,4.198604260264598,28.726781401246267,C
9.174858431319903,6.566569566228452,9.86789945570083,8.4849901872752,1.8991585297166114,35.993476170240996,B
3.690530217609166,5.004948950766138,1.5837389729913964,8.212038510011494,0.7995384110163928,19.290795062394587,Fail
4.662994129398188,5.574745489756538,4.4504528331486535,7.02614409594139,2.847406454125949,24.56174300237072,Fail
2.08651913158431,4.511912805538396,5.465561451762878,3.140372869528323,6.0069059880844815,21.21127224649839,Fail
8.07957328109019,0.5694794869844821,9.581507477598816,5.4666830249857545,8.29368184618297,31.990925116842213,B
7.978046813410725,8.080147490627835,3.7675934332615024,1.5588816318704835,2.9327012161865462,24.317370585357097,Fail
1.552402459307125,0.3868495825719154,8.806188321616903,6.796612273970557,4.863170679915373,22.405223317381875,Fail
7.99157971104782,4.966238140631713,1.4708599227038688,4.081640008997178,6.57044274072701,25.08076052410759,C
7.40663581066626,2.255031025209626,1.9318391273302282,4.738708957310208,8.281932549086296,24.614147469602617,Fail
4.690407475181539,2.0026615471799616,1.9719269237204107,9.863581803892595,3.304331458340406,21.832909208314913,Fail
5.44531292904508,5.487923123698845,7.934440426487007,0.2852850892977865,5.31395643046668,24.4669179989954,Fail
2.50467898792499,9.47651653081089,2.812784500731108,9.316900644340004,2.5163774382873036,26.6272581020943,C
4.687679654645058,4.854958911658725,7.6890943954747515,5.024003394912117,1.3834421135300579,23.63917847022071,Fail
8.591303597512333,6.736543307822433,5.654057584410691,8.863628596783219,7.0059625580379326,36.85149564456661,B
6.912466637859893,5.076838246350844,4.311634931348017,9.0043322744141,7.871598402865701,33.17687049283856,B
5.658630735596195,6.079571838100452,6.479190471601367,6.844622259773223,4.995739429284241,30.057754734355477,B
8.355707099645604,3.8064614669745733,7.188292867718628,4.7563619730927655,7.223119812634452,31.32994322006602,B
5.187478471147094,9.606008100125212,6.503411692644335,2.108969758890966,9.41703134706335,32.82289936987096,B
7.807327300286698,6.848683400268474,4.231748514330562,7.679289006316287,6.8855194806512054,33.452567701853226,B
6.536564764056204,6.077227478371263,6.08592086605168,5.168806739736777,6.2987094521572615,30.167229300373187,B
2.3285855687609427,3.643682941000802,9.619153014112879,9.96919000070794,7.942006782573834,33.502618307156396,B
4.261813022359729,1.4154885098782333,4.0828351322319705,4.960014300716653,9.779033744810768,24.49918470999735,Fail
7.54940200158329,8.288625731675518,3.339994199500148,1.1654663387055808,2.776371817967549,23.119860089432088,Fail
4.820410581120825,0.8139031663298291,8.54877716807582,4.694218020554784,6.223031404675141,25.100340340756397,C
3.039464012407238,4.134165751739087,7.417594768909639,1.6701341709892026,2.0249468191052356,18.286305523150403,Fail
9.504591705752958,5.200899376058343,3.2637420531837735,5.053993025722535,7.390152896823496,30.413379057541107,B
9.09005588835703,3.1209191590708207,5.924855809527875,0.8524313707906495,0.746239388913259,19.73450161665964,Fail
2.9504070765415626,6.331068227177317,9.206160842256455,0.7951593403083301,8.233153088514998,27.515948574798664,C
8.035417768264278,1.3538204330945602,0.035664326795945556,9.431516492110077,8.239773501183365,27.096192521448224,C
5.380946641211112,7.464597592217776,2.9498238392232445,2.471854759704538,2.2963360558093973,20.56355888816607,Fail
8.655623831722036,7.554538093252578,0.8796578101305774,5.017835975702088,8.599702577085612,30.70735828789289,B
1.4562873852545144,6.104755113536787,2.1461843620869168,8.493043972535757,0.05289005377082101,18.253160887184794,Fail
2.7687764814720373,8.742965602221743,9.783402327965833,3.1943086922106256,7.238668287886009,31.728121391756247,B
1.834421964034345,0.6466554385057066,3.3223659524685942,9.939305997049088,8.421127719298338,24.163877071356072,Fail
5.833072481842045,1.4760681915758866,4.7761356971109645,9.294911920442178,7.137642677967787,28.51783096893886,C
8.448713477552289,4.8106719084747365,4.132510032332764,2.791888865648703,6.153473729998845,26.337258014007332,C
2.674020278575413,6.0137621144316045,1.4513969326614062,2.6096884798153597,0.287373016681044,13.036240822164828,Fail
7.624586857406905,5.875617721497983,9.313797192709535,3.8926029733104683,6.1505386405410984,32.85714338546599,B
5.567092565528538,7.39289628746437,4.369714336339417,7.581265321995549,9.593799067421674,34.50476757874955,B
3.4302671259002437,9.637676499423089,5.0875309262614685,0.10828300660792323,7.069409940594883,25.33316749878761,C
7.798208840100681,1.5663418119051875,1.0611346010363942,3.599863447301929,5.892534982118697,19.91808368246289,Fail
2.6702827016942132,0.2021752014779743,6.035055034496198,7.377259346348461,3.0684060297826554,19.3531783137995,Fail
5.845431132594582,4.253552743286837,3.587978571573526,8.395239892851823,0.3696128404950172,22.451815180801784,Fail
5.639195667556237,8.294466397616645,7.488812796659343,5.48587614549599,8.661764015406867,35.57011502273508,B
7.460448792654233,9.740312249720638,3.5948773385211985,1.4935331089087167,4.579453347743549,26.868624837548335,C
0.7845581631712395,5.337206613520806,8.759873317074103,7.163729729389084,0.9128275253678242,22.958195348523056,Fail
6.90322846900729,8.887357893866254,9.136327461785047,8.95381622034731,4.199208417808417,38.07993846281432,B
6.139703063252327,1.7441054321641503,7.54523676563289,8.77060682585997,8.605971773696057,32.805623860605394,B
5.259465769014594,3.6857669383813763,2.7022917320757376,2.215615174045429,0.389934529018644,14.25307414253578,Fail
0.4836271104878087,1.8288765089655268,2.8710396668811056,6.299881135929964,0.9578382552549614,12.441262677519367,Fail
7.8350150258790885,9.89548119294877,5.611123857080786,1.3462633350381625,3.247333109755165,27.93521652070197,C
4.332509323090279,8.826056237288416,8.740945201393401,5.925994386898191,5.550712292295325,33.37621744096561,B
8.549740195614744,6.2112529909082905,9.658850129433423,6.815781825427156,8.597616028671972,39.83324117005559,B
2.260289978159997,5.944738549126189,2.7882013624669666,0.18807362629798985,1.7192902885924144,12.900593804643558,Fail
3.149332274589325,0.09094180302419264,4.255843601413507,1.0471022010386943,4.159554816833432,12.702774696899152,Fail
0.4476838868848687,4.1923694149736015,5.558746918267145,8.22678268189892,6.4610888447165955,24.886671746741133,Fail
7.3750124810974835,8.518368088189332,5.888779971403043,5.080936577427876,4.605775627391877,31.468872745509614,B
9.505035615891348,9.66276251897396,9.575417053891398,6.271223040686639,1.759587380578208,36.77402561002155,B
2.8107388544511314,7.76598482196688,4.055168438263948,6.833323448232848,3.508695034798609,24.973910597713417,Fail
6.585405156700549,0.7868365694189783,8.701130411088654,6.824047106754465,3.970826078336691,26.868245322299337,C
6.742935737000247,6.409713241221375,0.9639107249443346,2.8475108032345995,6.420699995987294,23.384770502387852,Fail
4.441130051754064,2.2885827582349707,1.9891179120814517,5.131766685939557,1.804698620113313,15.65529602812336,Fail
6.208326327741929,3.6826023823008045,3.6955242067282104,3.8315580876261346,4.7527148015840135,22.17072580598109,Fail
7.570481146986254,6.5682230651421,3.0291706813101236,1.6442261151127813,1.1034126768741814,19.91551368542544,Fail
2.128500860383574,4.794462287370058,9.813487170871563,4.595851558500289,1.0076159456338718,22.339917822759357,Fail
1.674910890941077,5.582765244039159,0.9581157965679699,5.743838749754548,2.556851168066384,16.516481849369136,Fail
6.118528947223795,1.770432945283974,3.276550299216429,9.513862184004777,1.115593215539028,21.794967591268005,Fail
7.220709382027371,9.891841643660959,4.391008057493108,1.808580165800533,7.231792610922434,30.5439318599044,B
0.05864727887161303,1.8277390266349636,8.90811413799246,2.5489627056331123,1.8236645201333912,15.16712766926554,Fail
0.388736970166893,4.195007402113386,2.0826518853470475,7.390731706267583,5.628363204403689,19.685491168298597,Fail
9.06437453344411,8.859236704168032,5.7332576388906356,0.4914454395517709,3.2858541327535162,27.434168448808066,C
8.95555740873885,2.5057129142214785,3.5919929564320805,3.955899408727995,8.227292162911597,27.236454851032,C
2.0015024424481007,0.11199305255704117,2.7564423024227738,1.3470076046595614,7.859341100725775,14.076286502813252,Fail
2.1244727719547294,3.188518089365824,1.8449041185365034,3.6228927764202625,9.009264148445885,19.790051904723207,Fail
6.4087474480321465,6.2584666605061,8.60801203332213,2.3373553180854634,2.012111170637352,25.62469263058319,C
8.441704489691972,1.9187671310235677,8.571179506239018,1.0170228367476108,3.9155602352591243,23.86423419896129,Fail
5.683086033354716,7.250960188976508,8.623416119638762,5.727443860161445,7.429872548076232,34.714778750207664,B
2.431799802642259,7.026394640066841,1.2627588777512544,2.4698781593186703,5.809639180125632,19.000470659904657,Fail
7.201113335149457,6.905066320111359,0.060426968580669094,3.7779418491023877,5.20959961603718,23.154148088981056,Fail
3.353716062174624,9.69242130458038,9.43108067720132,5.574550522726264,7.31908611011845,35.37085467680104,B
5.648411332626164,8.140669059512668,8.821997786174698,6.073683503457041,7.650123626288985,36.334885308059555,B
6.3720147680828045,7.281044923677423,9.453679748120026,1.7696016803043901,1.526032910092886,26.402374030277528,C
4.44479977977791,7.511537036455785,3.4618092540970204,4.905423834646725,3.018950224328638,23.342520129306077,Fail
6.279587353429078,6.875449055283308,7.825624902926736,6.0608077750215745,2.9262885801284133,29.96775766678911,C
9.983475113929497,8.322257835039055,5.82331622234009,3.1514349554463585,8.843568097607005,36.124052224362,B
0.19192276823056686,0.055941558818695114,2.917451682411676,4.182049416151173,9.607531669484962,16.954897095097074,Fail
9.327105081327613,6.134574266312571,1.3408314219804696,0.07412126476131431,8.10064879716682,24.977280831548786,Fail
2.7138139507958456,4.65239315179936,6.329864702286054,8.9211464316847,2.2252693394359193,24.84248757600188,Fail
9.201138133226287,9.754819924477612,5.732951874701485,3.773947923300428,4.252713432286303,32.71557128799212,B
3.6097389694002677,8.704108285583004,4.552998477473435,9.294439897402434,9.900338587684592,36.06162421754373,B
1.9598018470176193,0.46448817285761557,6.050057197835423,1.7043801614279697,2.260781752290298,12.439509131428927,Fail
1.6426579793099294,3.641528191046055,9.510654401441634,2.2437985428042873,3.2531882790763844,20.29182739367829,Fail
5.466149396636711,1.6544164001887773,6.539723257107664,9.901089137531827,0.24129666560143703,23.802674857066414,Fail
5.494118320609646,6.289883872243522,1.1809175819713336,5.555395467905502,6.445037034087543,24.965352276817548,Fail
5.578791835778856,6.1200093755686815,5.41709024873919,3.5612840723314667,5.962336043728978,26.63951157614717,C
0.6239406859827723,5.926586478854467,3.6697637339645004,1.8933564791632795,4.156128366008668,16.26977574397369,Fail
2.9938337370534827,3.027553706179532,9.17098768583007,2.4610923713617106,1.323037826518949,18.976505326943744,Fail
5.104324890042323,5.163398188383265,8.349408032137124,3.657736889634445,9.073167199795433,31.348035199992587,B
2.109698906199504,7.975993494897885,2.1753117379436713,0.9113225141929993,1.3470413109189516,14.519367964153012,Fail
2.632473465180112,4.079353710542963,6.797912012713397,8.986890191939302,5.790157290087676,28.28678667046345,C
3.748705795237041,3.688825215558892,1.1852802882012614,7.510121727551101,7.226057936657777,23.35899096320607,Fail
4.495833529202623,6.338529008835424,3.771250998562521,3.5346099767417005,7.355384961499478,25.49560847484175,C
2.8684664564719995,5.058672985286884,3.753093106356913,0.6832027223221948,5.8388607552560785,18.202296025694068,Fail
2.2842585230842016,8.709206608498986,5.753682021777919,1.1744738159388335,6.717814255003328,24.639435224303266,Fail
7.616196153287175,2.3179027761657967,6.135980687694115,2.338432555961296,3.948982483411565,22.35749465651995,Fail
5.739498660690105,2.7338391811377862,6.202048319408592,1.8205404865522923,1.6339339065847691,18.129860554373543,Fail
7.204160690923429,2.7729085626842345,1.6578378622872392,3.3310936399626865,5.03318569903519,19.99918645489278,Fail
6.8723434346068295,0.5473963590993691,1.4799352443040892,7.424468588177112,9.197223894219764,25.521367520407164,C
6.59984046034179,4.947943549418734,2.3431910804802625,3.986443612377232,9.671185085126348,27.54860378774437,C
8.729458358764083,5.912429057506142,7.889583350103461,7.62754385474773,1.026648015382563,31.185662636503977,B
2.8821196844810606,9.69463529545832,9.904316982839577,1.1552180597918982,4.768821492310735,28.40511151488159,C
7.600349018031739,7.310758817345485,3.8428056845975522,0.029669595996338893,8.758890641884456,27.54247375785557,C
1.031238688359326,1.7178910947776682,7.367563453314232,9.298664839649694,8.872109930416968,28.28746800651789,C
9.197925717794362,5.010205720156251,2.8017406861162364,3.5177195555132466,2.631490835542687,23.159082515122783,Fail
4.623614472477392,6.791554027396302,1.0871173927698252,7.805752732438467,7.771976565384348,28.080015190466334,C
2.2744825406479965,2.3877500831956002,9.25738987733331,9.334193116272159,5.204081715689189,28.457897333138252,C
6.938633423283945,7.923509643549305,4.870442994699632,2.106822338503709,0.7502835754156856,22.589691975452276,Fail
1.6256706866347859,5.437901899298721,2.6280087728813903,6.63125901054999,7.501588035003506,23.82442840436839,Fail
4.3677716932331965,5.683550459866207,4.2607899186428835,5.429917728080906,0.7339965813511562,20.47602638117435,Fail
2.3049483735152085,2.236752120549389,2.442548896905069,6.906941039584663,4.35816118993497,18.2493516204893,Fail
1.5031062248396876,0.7660290835821015,4.2516787298677015,4.855250268103509,6.97829228491301,18.354356591306008,Fail
7.965372909761763,5.537739542944381,7.889219324141033,2.4681825584494455,1.9906841057226876,25.851198441019314,C
5.383319432557134,0.9163820517572785,8.926153340890316,5.490094822622833,1.4613569001178983,22.177306547945463,Fail
2.8622430723999437,9.23542756936226,2.9725854690368783,2.444878705598381,6.13245234465619,23.647587161053654,Fail
3.2533033076326436,3.1671712202521607,6.689530774573037,8.019422935894484,2.9971156954345233,24.12654393378685,Fail
4.211189044340816,9.965614195138567,8.88641031548605,8.306436649389445,0.3924424469656673,31.762092651320543,B
5.3697442289341355,4.336225869016738,0.7365043460534193,7.255001353845254,5.95107378159682,23.648549579446367,Fail
0.7697946706496628,0.3248132203589471,5.671731001852015,1.4423569661179636,8.698881382840376,16.907577241818963,Fail
8.2472316407692,5.910987992719926,0.9812605334682745,1.973463964561254,1.2349513928123457,18.347895524331,Fail
6.587077755008761,8.36924329909292,5.120008566141597,5.910277959591252,5.733458084199712,31.72006566403424,B
8.973973183215863,6.508834851238695,3.2748700887313085,4.3440357211903375,1.9341833803845876,25.03589722476079,C
8.644029871943976,0.8395570307090161,2.801201966013881,6.753115917857457,7.395354304929825,26.433259091454154,C
2.048812741507126,1.4909567867143392,1.9854020282789397,5.354926437862661,7.297528897621089,18.177626891984154,Fail
2.976502775682804,6.738379611669769,4.703396146259821,0.3745626740013519,6.374752577076498,21.167593784690244,Fail
4.050010985875484,5.499974854873578,1.801863193315334,7.294338901141414,3.684501170909421,22.33068910611523,Fail
3.8547043469973543,6.52509992786753,8.71403791426163,0.5822387807126117,7.363193948636227,27.03927491847535,C
2.951088601842853,0.9929334629680364,1.4076421869922018,8.489302284777045,8.136926366900664,21.9778929034808,Fail
0.5515659060178546,8.988110930274216,6.223152523868414,5.9719331011337715,3.2399263797218616,24.974688841016118,Fail
1.7478498788336594,2.3812207142774957,2.341842958692882,4.439245332136304,8.142209208321036,19.052368092261375,Fail
9.51403342206657,1.8029013061564059,5.605980707077789,8.999488742380606,3.421565538100264,29.343969715781636,C
4.894249636431405,3.569836921401129,1.5655067492785568,1.0990993974174568,6.886389351561069,18.015082056089614,Fail
1.9060983307444979,5.747556906554044,1.413127444941602,4.22774488832049,0.5479113435633687,13.842438914124001,Fail
8.081570490242127,7.216585494841574,3.956746099587316,9.97321547722923,0.6628117385682908,29.89092930046854,C
8.434277957090492,8.013122648554727,0.7483263511746696,7.666703010102481,5.809179862794438,30.671609829716807,B
0.3971120757224722,1.7896181713500103,1.8332304222496076,8.816437551809347,2.1387153666977565,14.975113587829194,Fail
8.146710047099893,3.096805643514559,0.16867181734858683,3.334840417694881,3.930961098149451,18.67798902380737,Fail
7.873870267523328,7.1585001552681105,9.756330653655054,2.900760833057258,3.8465067228412475,31.535968632345,B
7.227069576982284,6.040721005990636,7.723220452263659,4.187259292418925,2.7294881017653627,27.90775842942087,C
0.8114917853623915,5.648491709995744,3.214886927901909,5.377901623032847,0.5642058470721878,15.616977893365078,Fail
3.293535242499547,9.23846624192696,1.4225724497081538,8.78979184007126,1.8603174268169376,24.604683201022855,Fail
2.786943159285258,0.2163932494516374,1.2694253158894298,7.329587803851965,7.744712625424929,19.347062153903217,Fail
8.715368061523762,2.6518087513032285,1.9032122315601763,7.860862291834499,4.275274273629103,25.406525609850767,C
8.191073261776879,1.4854515150998093,1.7743678427341592,4.702351235359938,5.209586561598897,21.362830416569683,Fail
2.219721619329494,9.321617192136323,2.5013395714924425,7.663857500825573,0.4737472758140038,22.180283159597835,Fail
0.31068130244456316,9.671211782547475,8.620349472569611,3.8404819783833624,2.3347514048902895,24.777475940835302,Fail
8.635475225145452,0.6413525223738326,7.1336755356407044,5.05726180604106,0.9899022274641855,22.457667316665237,Fail
3.9245818622948003,8.54000823496369,9.7184209147679,1.028977340161874,0.5917690585946878,23.803757410782953,Fail
8.143867792687614,1.5240692003788137,2.409855895462946,3.7193080533895206,5.6974157786616555,21.49451672058055,Fail
5.906378339946378,4.521022057643142,6.657930951976158,6.371165747646129,7.517888308099865,30.974385405311672,B
4.360704802193126,5.213947362629351,8.149993898456,9.63872605645761,3.806972793547759,31.17034491328385,B
9.809873781626852,2.115286258634137,6.498223366499677,7.709793349574484,9.082841669175588,35.21601842551074,B
9.799554473582784,0.6061035711781348,7.989131677858531,5.017669207840037,3.318832379203446,26.731291309662932,C
1.0410858198457384,6.0020254709258065,5.01387768004884,3.285354769569482,1.5129379569539059,16.855281697343774,Fail
1.6622936205165872,3.921278549867883,6.935860822641669,6.1943225003123805,8.019792390755576,26.733547884094097,C
4.965154222306048,9.677543233731216,7.874257393381833,3.8430701299328316,9.831996427717446,36.192021407069376,B
0.5085396883373983,3.4808903225168306,0.6503845972119326,0.23202630581493522,3.9360768472789753,8.807917761160073,Fail
6.918951976926932,3.312138146231214,0.47348404746569317,2.879493696326371,6.2758576633065175,19.859925530256728,Fail
6.0065106654835585,3.9075034770909323,5.720946067281735,0.5721848770531568,1.3303082385298592,17.53745332543924,Fail
6.36401370183407,9.120644528763892,0.16930750257658,8.462586121909482,7.0742229369071055,31.190774791991128,B
3.9505333785679597,5.713515657069453,0.5622743011546116,0.8586059062626705,9.544195213633195,20.62912445668789,Fail
7.728095732903374,5.663907206310974,2.928059986951028,9.936698455651655,5.641649823786211,31.89841120560324,B
1.188525784762372,3.187038990282176,3.8229078852077194,5.0287532697702195,9.233405036867612,22.4606309668901,Fail
1.828133885392259,6.310657781676962,5.15186958872616,6.798825351484731,6.016930103827183,26.106416711107293,C
2.0185345212294834,8.899658687466815,3.1075660820355777,4.7736735384659195,0.8929112296506403,19.692344058848438,Fail
8.685991281894603,3.6053291785164774,8.912929267033972,1.0009951284725327,5.719858747427331,27.925103603344915,C
7.777279100677931,8.982590836748244,0.9477512139137101,5.26123611778777,2.056200663436163,25.02505793256382,C
6.711574733796887,9.609174315580614,4.182027843427241,5.527022222541367,7.338719209962635,33.36851832530874,B
3.6154018776295658,2.580438940367155,3.0346098463320113,2.3330155374123276,0.6199687731592174,12.183434974900276,Fail
2.4986746525792936,1.7111133333742967,7.6209567058172,3.0516917180954906,9.112167250045752,23.99460365991203,Fail
2.8863055324025577,9.67859924081416,2.8086066667901233,9.387329080433751,1.6875020422307718,26.448342562671364,C
3.862363952990896,5.513375426990761,7.785972795073773,1.1693593825066195,3.7583119643778087,22.089383521939858,Fail
7.339203702877005,1.2594241635252268,7.173037377050443,4.937739205686558,8.75432407147698,29.463728520616215,C
0.06788174023589777,8.77158708270053,4.119624569415259,7.041461366451189,5.542797884836627,25.543352643639505,C
8.74505295038077,3.5857887210691173,1.8738780009611367,1.322741377775437,6.552384097925982,22.079845148112444,Fail
4.523182845183001,9.448354530207373,6.12898436981518,9.451924194593088,6.7379811296890635,36.290427069487706,B
5.720486433693008,5.895053841754255,7.929855833149475,0.10255149378163742,5.631418288105225,25.279365890483597,C
2.50966661340298,2.0684103814356125,5.851223250571543,1.3591802694497956,1.4969261248271604,13.285406639687093,Fail
8.814858195889105,7.305320210053622,7.548755467771247,9.145821672959885,6.092887087222831,38.907642633896685,B
8.391803949802986,4.437948409797288,5.1687574319492615,4.30028175316589,1.2139232548587142,23.51271479957414,Fail
5.520471808519803,8.590463297066561,4.962599780418388,5.515775023584554,1.2268453803335555,25.816155289922857,C
8.324426408004218,9.278100616476962,1.3590738229269894,9.499076093309544,7.874769280334068,36.33544622105178,B
2.2152715190236707,8.290686462160908,8.179743438957175,2.199221848256674,4.950436599571363,25.835359867969792,C
7.668488978177731,5.987233410567304,9.735795542016493,8.801374714453273,0.47566543322522303,32.66855807844003,B
1.8114934953468032,9.062542367378683,5.442446209836146,5.619617982303888,8.044539233286228,29.98063928815175,C
3.924451074226354,7.761518641056229,4.525546619485679,7.2980493991549,3.5632629347541798,27.07282866867734,C
4.074052716113488,6.225784902212988,5.163541626664959,1.8547950335642227,0.5668541362086732,17.885028414764328,Fail
2.277783416178014,9.56508746234745,6.0997672173516015,4.402795234148238,4.545673971131878,26.891107301157177,C
9.06354385094736,9.02901011163371,6.75814866416092,9.814280804800964,0.39260797387108526,35.057591405414044,B
3.5310288893838946,0.4490949650873155,4.557193800652868,2.271517483366896,5.577167851507525,16.3860029899985,Fail
5.416342146608669,4.202902600542552,0.3830722199145098,4.597935340831377,2.8204112626253055,17.420663570522414,Fail
3.8943468007767326,1.9578380686040486,2.9631213844704396,8.826872509824364,2.1656567055940634,19.807835469269648,Fail
9.760201575244942,2.641103901790758,2.1711505081708573,9.362164982197484,6.404321912676806,30.338942880080847,B
2.2006625478469175,9.817796032779894,2.9078018493305366,1.1918071923236329,6.948531348703155,23.06659897098414,Fail
9.68944397174291,3.7798811620996164,8.98328435923853,6.23923901665791,8.997584063217781,37.68943257295675,B
0.9767211400638387,2.9151692815119237,2.3576151286357305,1.4556224772862358,9.428900613356927,17.134028640854655,Fail
6.331786748957723,3.71119691218732,2.043996188759394,7.343590449698332,5.682024672103387,25.112594971706155,C
0.7231647525793861,6.131219737415599,8.140596744483421,0.11817335778210536,8.226202211942198,23.33935680420271,Fail
3.2558113251901144,4.618644590001696,9.59040216447247,8.818658623375187,7.056898044271013,33.34041474731048,B
3.974879924226278,4.433200064790801,4.010048424833767,4.343197722016388,5.210109118565866,21.971435254433096,Fail
1.1323122325912538,5.811479149732604,8.332272082717909,2.6190816215046953,0.5897821222340649,18.484927208780526,Fail
2.74055220687206,6.223153564542643,8.15336477491099,8.20326195353742,2.326169944772256,27.64650244463537,C
6.86024223935891,1.6107417806946867,3.293900918172689,0.8953509712283869,1.139250563877997,13.799486473332669,Fail
1.5126428446267592,9.085240305005124,6.186119598898069,6.824510186285854,7.6207372303868395,31.229250165202647,B
6.6126530626509155,6.785298454369424,4.117495290112663,3.1139318081751535,9.184011939896083,29.813390555204236,C
2.675926767279715,7.288221800927454,8.739571227473448,7.25133711833287,1.9791803135059383,27.934237227519425,C
5.411138248788447,0.9431265146274759,1.8650668278577598,5.86760265771483,5.6100485362798045,19.696982785268318,Fail
0.7558361385406698,8.208533046946634,2.1699774606031683,3.0396960429409825,2.764163610366759,16.93820629939821,Fail
0.5404762734972657,2.9122932823126426,2.2620576580364657,4.144116499114712,3.7267136842322524,13.585657397193337,Fail
4.391349085702184,2.247500381773575,2.604352334235025,2.6327582568323638,2.1338691272290444,14.009829185772192,Fail
4.505441353100935,5.626541196713092,0.17794890012825193,6.384397217798281,2.6738425243596833,19.36817119210024,Fail
7.517469923958404,0.5057556607901037,1.9066858102117323,9.851785641840713,0.9543153476402311,20.736012384441185,Fail
3.31352218736317,1.75454970196941,6.4564679225873265,5.005622135179049,0.4977061082221068,17.027868055321065,Fail
1.6704190790094986,1.4727380849832672,5.311537308992527,4.9318431699428755,8.546835719350085,21.933373362278253,Fail
3.3028466750208443,0.7787006430636634,1.9495949603351048,5.513516251001316,4.201017139126546,15.745675668547474,Fail
0.7971507318728499,2.7369551596634887,9.512647989837257,3.100089645699209,3.2946929804694767,19.44153650754228,Fail
1.8993613645756091,0.9766631812612292,0.2749333162757006,1.7100501665378232,9.264313649351259,14.12532167800162,Fail
8.728594215656646,0.6114618104768621,7.075544169787575,8.723048135263271,3.2632415897106917,28.401889920895048,C
9.61640492315304,6.827211777353029,8.39021958334206,6.183054963630913,4.785050370989474,35.80194161846852,B
5.281892617563562,5.348181649431441,5.002247809355458,0.4136380081930713,3.1564661274321892,19.20242621197572,Fail
0.0992382112783563,5.149473515144448,7.874086284309019,9.9660777714064,2.30770226439288,25.396578046531104,C
8.106835703375918,7.059066693266582,4.22259260987077,0.43100534458331174,4.4907934496740864,24.31029380077067,Fail
2.1202785050222897,2.1824883251157132,1.2960874095416475,6.04558757691812,8.358416644219925,20.002858460817695,Fail
7.6977230738558555,0.18724713794390668,6.827624119759711,7.481737929780886,1.9295460064818837,24.123878267822242,Fail
0.760999889807743,4.562958831277989,8.018524083906035,9.72962000293564,3.467942191041695,26.5400449989691,C
1.8519556786746794,0.5174547966910115,3.140003756121267,8.966481634550444,3.295142198584675,17.771038064622076,Fail
8.650710993753938,7.442352584372388,4.749022918309627,1.3544619557182824,1.4733052605377195,23.669853712691957,Fail
8.706884554574394,1.0280856173585395,3.090542420003498,7.9860551227506305,2.951424972086053,23.762992686773114,Fail
1.67357032236781,8.328430928668375,3.2849891969782763,1.9810766454843354,7.899526383470548,23.167593476969344,Fail
2.261253312496719,8.131202726214195,9.004570727479823,3.8368152232779975,5.27003969554197,28.503881685010708,C
8.649949762077764,0.20767886710391203,4.735239649699615,8.98840907120012,0.4346548588479038,23.015932208929314,Fail
0.1795786375015096,9.74272240527946,1.02534981287696,1.657104870716264,9.843092318677808,22.447848045052,Fail
7.569268451270138,5.425702034080678,1.117061222329715,6.876025108296356,4.8139033029915765,25.801960118968463,C
3.118638579168832,8.359491109115684,9.299315989816455,5.731387563961306,2.364009998254578,28.87284324031685,C
8.860861088135163,9.442661596555508,1.8325586468906219,8.6089544872123,0.16094711507224524,28.905982933865836,C
2.1633277763082703,4.5762663258944105,6.365940276183004,9.042095480132645,8.501368891234009,30.648998749752337,B
7.419777295139859,3.342633747792092,8.440409134460754,2.160175779392154,6.17599323732801,27.538989194112872,C
0.7869857670750946,3.0360504708709235,1.2839531549766536,9.960481249190183,8.28651794257545,23.353988584688306,Fail
9.232237469852286,6.8304989802956335,7.818277126489121,5.56107672922443,4.886734906732922,34.328825212594396,B
3.4409161784944207,8.071797702024911,2.8324906227737445,3.1048047380976405,9.887154110274018,27.337163351664735,C
4.1412975252892705,2.9261272742346534,1.0493421851440432,7.654559254497938,8.777219674406442,24.548545913572347,Fail
9.666222208961075,7.338809732737419,2.1968288362527266,4.86172306128671,3.729477324464945,27.793061163702877,C
6.717088592440607,5.9098668496813485,5.566905814103094,1.9831415889368975,3.453656701908101,23.63065954707005,Fail
6.067317247174364,0.22346788426857334,3.5032187210622237,5.7201614148429725,6.039038708753899,21.553203976102033,Fail
3.4794141158216663,0.7764791535329074,5.724143779729972,2.1812803967438574,2.3861378671097744,14.547455312938176,Fail
3.0321978384425052,6.991931979813764,9.392124932899588,8.57169164309525,9.835415785215048,37.82336217946615,B
8.003641884553453,6.274151112702953,7.49753432325562,4.740026812147766,8.863657699364193,35.37901183202399,B
5.303021332491583,2.9048160560894365,3.2173651631296227,5.011828472451642,8.290060576393794,24.72709160055608,Fail
7.017382738772572,1.0155660342917883,1.9984725908556333,7.439217565591678,3.1782628436048,20.64890177311647,Fail
0.5198935197770749,6.827795001941304,3.5691490147151517,3.1481775603475946,2.454287590199952,16.519302686981078,Fail
3.1500827518977403,9.434992297039269,8.75864882581128,7.284372056846592,4.074295256664127,32.70239118825901,B
9.860279281964297,7.619628388892893,7.509707990031265,1.2526232935486536,0.354367657772392,26.5966066122095,C
4.2998521412105974,6.428035087828761,1.1900539071826255,6.395647806046738,7.652298312265035,25.965887254533754,C
1.293806169667009,2.64930886222406,8.477942230280165,4.93791677601065,2.0297237768405827,19.388697815022468,Fail
6.2850390008356785,2.0553847069548645,2.8047755164244803,2.2440241559159735,5.326111919697447,18.715335299828443,Fail
0.174982139873886,8.34449957347763,0.29639583176037543,3.367752170058491,0.5008609141790021,12.684490629349385,Fail
2.622743218149849,7.147222018094263,6.161456264079193,1.460975844531699,9.02581890024574,26.418216245100744,C
9.440947859303645,2.177626185490178,7.7410712037604075,6.132833707171951,6.841498967914552,32.33397792364073,B
3.012312947939082,8.451056409802618,8.238265118132903,7.227231504089364,5.70415381208112,32.63301979204509,B
3.067765995221412,7.394179136658656,2.8804400978485054,4.525646672340918,5.841353122764597,23.70938502483409,Fail
5.613558241893379,7.112272814705024,8.258169167543645,1.0877873023261375,0.49640921616318723,22.568196742631375,Fail
4.702490853287543,8.855990948498354,1.4743643632253223,1.186182743798504,5.160023558390371,21.379052467200093,Fail
8.301772429995873,2.435062607385947,6.801979008565308,8.209593861365303,9.841442671946945,35.58985057925938,B
7.365352283347926,2.7292172753273682,6.156151093887886,7.065808047171039,6.318116635848828,29.63464533558305,C
2.293657770376724,4.113462488815004,4.731732580213538,6.919452358975486,0.2882833515532346,18.346588549933987,Fail
0.00943415267631087,6.95329406452567,5.024417925747217,3.6337262618012947,5.189079089445107,20.8099514941956,Fail
4.380336566976468,1.0886044664665517,2.829918376652497,7.085617642859817,8.396780344607155,23.781257397562488,Fail
5.546870247883672,4.235240923010226,1.7930226474164446,7.030078177371431,0.6951494205176301,19.300361416199404,Fail
2.700584661015557,4.25458332634434,8.119646087075783,6.804043667388696,8.759706066845226,30.638563808669602,B
3.4593499254696294,9.463088992083875,8.29492636485023,1.3637298098057904,8.957910025768816,31.53900511797834,B
6.185851490721154,2.564805263681059,1.2331401227534455,0.502688511746131,7.103989651929221,17.59047504083101,Fail
9.308076723447618,7.1782977614089125,3.070419254899254,5.358676827497336,5.121482669437062,30.03695323669018,B
6.752308375620375,2.3704150891868006,7.849393484845681,5.334406828539359,8.752784497909168,31.059308276101383,B
1.418443976169852,4.677762649860347,6.359004194157187,4.299460589567729,4.864515339583905,21.619186749339022,Fail
7.374337687214856,0.05652104841184724,1.2161211495720103,5.325300390641959,0.9627054291877957,14.93498570502847,Fail
6.6373436069393845,9.899231424207285,7.69467274634464,0.02856502817182416,1.6128564146981517,25.87266922036128,C
2.2112326288901496,2.2586218162217033,4.928905691681987,7.94331823820039,4.727327934009928,22.069406309004158,Fail
2.340281753068746,5.0212809578562485,6.290614046926778,7.515339112047117,4.212696759894029,25.380212629792922,C
1.0422480280834767,9.240344924302546,9.399832853908265,5.68995014402291,8.792798330519672,34.165174280836865,B
6.3405505601098335,3.9455277839364533,5.620211823041872,8.477541615550496,6.6204391391031105,31.004270921741764,B
6.945954272532854,7.066943803425146,4.7525490260802865,8.043302395505837,6.746721632045553,33.55547112958968,B
9.956311094988834,7.549317330722383,8.456047950983965,7.9586530476931845,4.706189242944952,38.626518667333315,B
6.33849818735324,4.327064492487037,6.7505062314636355,9.161629328261554,1.3588154722685541,27.93651371183402,C
1.763869865062233,2.554282810460905,7.013698617326146,1.0636674052269846,3.261971188066488,15.657489886142757,Fail
2.2177949193354642,2.9611713061190894,8.16338186904244,6.555255479715236,2.68905076331891,22.58665433753114,Fail
8.000034817636815,5.184075447345759,6.718419718044675,7.89342451596926,6.4250407280590505,34.22099522705556,B
4.288874313502106,3.9212814696927234,1.9809957203119943,6.7837730225994575,0.8576397777713163,17.832564303877597,Fail
3.3520804737087273,4.295491235206756,6.300731498609492,1.9413102505575286,5.38615393811177,21.275767396194276,Fail
6.723838432917036,3.507023274307274,8.74101063016566,3.0385314887494164,5.112443169674448,27.12284699581383,C
2.4527930497436734,7.151719526095807,3.017829717398497,4.731227829022564,3.3782762916770848,20.731846413937628,Fail
9.994606810596732,3.769938292104549,4.124037567365923,7.46246279123768,8.655316448773112,34.00636191007799,B
5.971553059903019,3.9275018353870994,5.432678415984153,4.8766882923107975,0.8304381464556432,21.038859750040707,Fail
8.263408109501867,9.45079197807832,4.401844806169358,5.050990617494575,6.493674375221071,33.66070988646519,B
1.3521731371285473,0.4011657828851545,5.296048540659611,2.730528088382372,4.465461520976897,14.245377070032582,Fail
2.753811742554185,7.509283935167223,8.157515874571148,2.8625697235979173,0.04771698430177773,21.330898260192253,Fail
2.5683157456705863,5.10395622520099,9.743998321591455,6.952364542449908,7.098036431116866,31.466671266029806,B
9.756019191566525,8.73907238785167,6.035007956750501,7.858330250514134,9.393231394453297,41.78166118113612,A
5.205205336415145,6.991388297007991,8.651208042080107,9.846659793742694,9.276093791294485,39.97055526054042,B
9.722297092163576,4.054714728869787,9.17776252372915,4.782946554829104,7.978378692813742,35.71609959240536,B
2.143000723228786,0.8410167113160605,5.238596624082862,9.30410402629527,5.8822182459411785,23.408936330864158,Fail
0.09331619827093296,2.438390996959404,6.547625285062505,0.6370897083831328,5.722299826339304,15.438722015015278,Fail
9.688778552856915,3.270915060016386,7.575493571438894,8.510125762174637,0.8070082135709544,29.852321160057784,C
9.47565126324043,2.6943849074809165,3.7924889064108234,6.813875706131435,7.4233939191338605,30.199794702397465,B
7.322905674256961,4.650886629145451,3.9214411966435425,6.931089673581222,4.084589698143404,26.91091287177058,C
1.6732130400106038,7.177222547434914,8.81390998636897,8.718323589929927,5.078633184043357,31.461302347787772,B
6.452376445533316,7.317720250869874,9.321368173075285,4.022508883168729,5.258571792319536,32.37254554496674,B
8.679182945200221,4.752929765655082,4.103136276429379,2.5042388785224046,5.738135335759571,25.777623201566655,C
3.761904687696221,2.9352795416794963,2.7567699767594753,3.9918199018731446,1.150949898964757,14.596724006973096,Fail
9.995577032504386,6.817968112843865,2.862231010257139,2.3940665129054874,4.63081588323241,26.700658551743288,C
8.250494101800621,4.1607023555328,0.8928589891793581,8.607699047280787,0.41420543088700246,22.325959924680568,Fail
5.65415939752538,1.0855535777264846,2.600924345348955,2.1257315817322753,8.103864608656673,19.570233510989766,Fail
7.133217295012723,5.953107518434502,2.2220041307608485,1.6271868931048405,4.32400220289693,21.25951804020984,Fail
7.50160832954601,6.16838376784242,4.231516175137391,9.800123756085652,9.352694459164159,37.054326487775626,B
6.801407717603004,4.156610015004492,6.811094986442595,2.717791751378865,9.259816352081838,29.74672082251079,C
0.8613577154903629,0.4592005609126304,4.030323345425488,3.1570379849041617,6.380521089557307,14.88844069628995,Fail
2.64967061555443,1.0521847414182428,4.426778745441416,6.386640771596789,2.570487313997946,17.08576218800882,Fail
4.6618159112755695,0.01724822109840707,2.8692451375669012,2.1701640845730608,6.890351031118788,16.60882438563273,Fail
2.5217287749552995,0.4234974747641429,8.873655156029676,6.598171714565941,2.395782473678394,20.812835593993455,Fail
6.842090751884866,5.819372139940333,4.729874610064738,4.5991927056321185,5.022510574113887,27.013040781635944,C
2.0754093620570346,6.8828467036800784,1.916643870158078,8.131791287366317,3.4721344372204275,22.478825660481938,Fail
5.441986625037022,5.452357183255744,5.3370037341517165,1.341072677710553,4.503813231456741,22.076233451611778,Fail
3.9688797822491892,0.7088550580912611,8.494680259854748,6.34847734189571,8.360898529186143,27.88179097127705,C
7.780252431446532,5.671645462958707,5.400934210977145,9.678378051021138,1.1160966661186789,29.6473068225222,C
4.834074359731466,3.934354894368602,9.409354761253145,5.346747081832882,9.615500060838208,33.1400311580243,B
0.07096532494887176,9.722213709670056,2.098751090377239,1.116508066809454,7.610096303671023,20.618534495476645,Fail
4.607787680327258,2.0774927301219037,7.016749169847664,6.369195053825099,2.653955253569925,22.72517988769185,Fail
6.447567265900929,1.4687187583320738,6.948560797893196,6.932955822197458,2.131819246598324,23.92962189092198,Fail
6.734197289114326,8.614748123426942,4.235773855817206,6.3098486520746535,0.17075323024309919,26.06532115067623,C
3.4727703903050755,8.168604805410224,8.520950180470454,2.577330780591468,2.4111326830133386,25.15078883979056,C
9.271237818644494,2.2841845683193585,7.1720547989443855,2.3196304113680153,5.565484620556797,26.612592217833047,C
0.057586604981215705,5.767608474359243,7.177278672546025,7.246667696671729,9.685277391470994,29.934418840029206,C
1.9629430231106704,9.562591980273812,8.397840356173905,8.428871169425179,6.716962847722998,35.06920937670656,B
9.803687409421851,4.441442022201196,5.742666896008981,3.5340922423230925,1.7131112640775092,25.234999834032624,C
3.4773783555931557,0.9124239411372093,7.568797524806799,5.304171916111155,6.439316818931886,23.702088556580204,Fail
8.811051483565658,2.8788892937984247,8.18819386870304,8.457153238891546,7.657610241039212,35.99289812599788,B
3.409585714355583,3.234673347304966,2.2315325104174075,4.8314429926872124,3.4709006311953816,17.17813519596055,Fail
0.04939980934409616,1.0021134905052453,2.993364571893653,8.051473731044162,8.941601828226586,21.03795343101374,Fail
5.836561118508721,5.286298375366193,4.049457807988616,7.488902273187731,8.346247399086387,31.007466974137646,B
9.07838513883534,8.678285021649327,4.38501248274577,6.739777274161128,4.778925314642168,33.66038523203373,B
7.166319367020314,9.677871919334493,6.704338440627419,4.961567244945603,5.667911025788351,34.17800799771618,B
8.938925830509577,3.3908761326267998,8.4262261747582,4.764554232253223,8.882774971437462,34.40335734158526,B
3.623938991166331,8.899310558900979,3.4401370827118916,8.556366241949785,4.438636944870508,28.958389819599496,C
0.22066148682290843,4.108431774809097,7.025765699642202,8.423085646703587,0.39110183392508935,20.169046441902882,Fail
1.65954895295785,9.890744654737047,9.62261665137899,1.0292317351227276,7.043986633280541,29.246128627477155,C
9.243961953765304,9.068728318190528,5.242077189476988,6.313740799691089,7.227047126069578,37.095555387193485,B
6.713680088967957,2.4186963611379033,2.1661300146618387,1.2282024807429903,4.484944428307229,17.011653373817918,Fail
2.4465505460471304,3.527684658569558,0.19038967529248496,1.0092697502848458,6.176378171877879,13.350272802071897,Fail
0.3994797328609434,9.422611736585612,1.0081521406538851,6.298269642482484,4.358271133470933,21.48678438605386,Fail
4.019309136092422,9.37144966815122,5.521861089347361,6.802536731460787,1.1232776084763585,26.838434233528147,C
3.4594951786320296,5.717096519584648,4.1296659276464,0.3506383365595189,5.57253881830254,19.229434780725136,Fail
3.2700676849610213,9.93911988231782,3.5695156951408635,5.151871077913426,0.7948716736946082,22.725446014027742,Fail
7.066425217489339,6.339734084404421,2.5564222989960363,8.603634259297857,9.176488262358436,33.74270412254609,B
4.561272089466333,5.05063784179996,1.0779552167972517,9.243449555031013,9.930713444694486,29.864028147789046,C
8.81927758304644,6.702636868275917,5.0067707480547625,6.17808462821108,6.553762762642386,33.26053259023058,B
5.296597239456199,6.276303549017879,0.06920095584826758,9.79229815868414,7.05406289195481,28.488462794961297,C
2.769044873778089,4.265528542416397,6.531357727815751,3.4449501686312245,1.9733251354140402,18.9842064480555,Fail
5.567849109281879,1.0985975705273343,2.0508483197197513,5.327419454054919,5.523746010045535,19.56846046362942,Fail
9.629268752375799,4.50623425108169,9.099410533923688,3.6528726027994485,1.9829518252027967,28.87073796538342,C
2.153592828546085,1.9965968664897826,6.462332147513839,2.139816837271691,4.900884211368313,17.653222891189714,Fail
9.836789252634135,2.527426687484531,4.497345010699739,0.9355886183539786,2.547362776375129,20.344512345547514,Fail
0.23047088406607408,0.8159163038692696,0.5902671082042299,5.050516298435594,9.344937759583011,16.03210835415818,Fail
4.801349396383731,7.949509328246771,9.575139643216167,9.276203314574387,7.312866374945891,38.915068057366945,B
3.7870335558115933,7.1449615278434955,9.571003208802422,5.390785004770201,9.523042735732602,35.416826032960316,B
5.744731131799119,6.937579203490753,0.3826414498930131,8.205430781099762,9.745402522517708,31.015785088800357,B
2.463482472423019,9.99149566778659,9.561845674765054,2.3243007412921592,0.18139833893020874,24.52252289519703,Fail
5.244363458577493,8.430434366717034,3.529587274593391,2.146390798534058,9.054359809634766,28.40513570805674,C
7.517981635869329,1.906759467547915,1.2860035622519184,7.039350754040954,2.6469688283779993,20.397064248088117,Fail
4.084532130706987,3.991416610939514,7.9345606471575305,0.38316566041330824,6.84696928928456,23.2406443385019,Fail
7.289810616558165,9.732607433638993,2.148809720927891,7.524076428591857,3.0347764180806425,29.730080617797547,C
3.009663196316217,6.805548476444818,9.299941824196555,8.528039832764723,7.18937985833859,34.832573188060906,B
9.09202136206487,4.467215559898737,5.988423755724686,8.290218916654192,1.1169966546236598,28.95487624896614,C
4.025263554901421,7.701116522302854,5.131935546949618,7.507405608116909,1.0811365755940838,25.446857807864887,C
3.6672190859379903,5.170483546901332,7.206842502713152,0.3513420314221538,0.493920761808756,16.889807928783384,Fail
5.854859383150356,1.0844361775126188,1.5428861485809686,2.0421542765150766,8.441521695754412,18.965857681513434,Fail
1.9127737103739706,9.021173086422777,6.693911100886448,9.73128879145641,8.02256928083144,35.38171596997105,B
4.716263651952617,3.7517639831310245,4.701197660664689,0.7020081455795169,6.82599587602558,20.697229317353425,Fail
3.2389555258037914,5.1116059604131685,5.088727403562761,9.332927925777213,1.0767565606938367,23.848973376250772,Fail
4.036010023615912,8.396244958615608,8.419386306424858,7.301610048433117,0.9884249166859271,29.14167625377542,C
9.778536935017817,6.6457942800903975,8.648309327046327,9.294906120897512,2.897104598189978,37.26465126124203,B
2.7864646423661146,3.9137809336374696,8.839925500724087,1.223134840837452,6.180841171113408,22.94414708867853,Fail
7.463138125690768,1.0888161603116575,4.5064703091781455,2.732068882307288,3.4142815117092864,19.204774989197148,Fail
4.784910701071892,6.42717154745558,6.113700565595732,2.442320596779287,6.6595068114329035,26.427610222335396,C
5.682686162687683,5.52709570166698,8.801721806407565,0.7308709064170671,9.471301602116982,30.21367617929628,B
4.042897472548691,4.272030272818346,4.729837666521338,8.290404034711537,2.5068296486844757,23.84199909528439,Fail
3.0777090529314908,7.014979005657835,7.749906494949082,6.8162753078717495,6.771617296665676,31.430487158075834,B
7.9200312613019594,1.6110990518583312,8.269203657235236,8.7382301626325,7.496940159715572,34.035504292743596,B
6.635373720167106,4.713681101729975,8.77448483650976,0.9905563089697067,0.3449972241104393,21.45909319148699,Fail
3.9624734681640597,8.742720265915166,6.136063380493689,4.503196008753605,2.152064216561842,25.496517339888364,C
1.147419583381919,7.040996843974501,5.215544524029898,0.38291092487949263,8.639024487784976,22.425896364050786,Fail
8.090345502403416,6.0055765606062925,6.20381949765632,6.937459020955359,2.306983112921892,29.54418369454328,C
0.7252231695448141,7.646496115903573,2.488315556658831,2.2698830360879807,8.239342912181677,21.369260790376877,Fail
4.369958856656209,4.136447548453982,8.462773724729193,6.627476889626147,1.088104371669577,24.68476139113511,Fail
6.506065232521035,4.680816210850985,3.1855213750310285,9.872238441045688,5.620643842375914,29.865285101824647,C
8.732543566916727,9.053509023270369,4.5745465488803525,9.231769044440039,1.7142085531959717,33.30657673670346,B
4.00155272865399,7.689132100912617,4.994487193256428,7.875231409323539,8.326740171909984,32.88714360405656,B
5.368591465026183,9.986478849342207,1.427003598293508,0.7347029220420909,6.009612839658372,23.526389674362363,Fail
8.372191429586985,6.836725217395068,3.3249937267963836,5.15972596270985,9.473980363295809,33.16761669978409,B
5.9087192297425855,5.606568535006819,6.299469606983389,9.690405444141486,0.6246118835230863,28.129774699397366,C
1.6975790508754074,6.525268777504189,8.315546881815777,6.689488755160782,0.09950909049507684,23.32739255585123,Fail
0.032182636042786816,2.3094035922073375,8.063509758054337,4.0136962739872715,2.671853891171916,17.09064615146365,Fail
3.564047358496647,7.075533559193198,1.52374063415453,5.95460124162075,1.2550459606860709,19.3729687541512,Fail
2.205042634356471,2.981972981509294,7.592694196633919,2.7572225094293445,2.4765403166271716,18.013472638556202,Fail
7.635158436682122,5.938543647058008,0.03247928261508881,2.5470358235005133,8.670964915987572,24.824182105843303,Fail
2.806832155159743,4.103375943357709,8.424542043725145,5.179129427078819,0.8859820291942611,21.399861598515677,Fail
5.2739962212267635,1.1355454384349384,3.757007744220836,3.6121661886798364,1.1138323178676113,14.892547910429986,Fail
5.201635011119934,4.353893961280134,5.613903731543727,4.585152058676055,1.672361287949139,21.42694605056899,Fail
8.275378955668742,3.2233331180047364,0.2723710258421408,3.808125794519338,9.438656730860629,25.017865624895585,C
7.204567414627562,9.978847082284606,4.080429988180719,6.120767846254114,8.630766273471442,36.015378604818444,B
7.692231478381336,2.2159343043944735,5.95009777518401,9.702434519041969,4.774141797354165,30.334839874355954,B
1.383715947205566,2.036486411232774,8.10248444424017,8.046235556954315,7.472842547570616,27.041764907203444,C
8.295658314283687,1.758578813161925,4.653071964186814,2.189621249879016,9.563149999657242,26.460080341168684,C
0.6835320030995862,4.142768475898826,2.0153793698766673,3.7803790460305207,0.3572260951191042,10.979284990024704,Fail
5.247564316322379,2.401266204515199,9.72182968187041,1.0274591053942106,3.5447225043835418,21.942841812485742,Fail
4.594467684059866,0.08349737513769662,3.5673132811230546,7.893385085949973,6.622862837291981,22.761526263562573,Fail
7.264617151130048,5.603798601367683,8.630739985905736,3.717229979060439,1.4399001591436722,26.656285876607576,C
7.120140203307807,1.3802760893789678,9.605922878561792,8.555304049829036,0.017038280410561768,26.678681501488164,C
5.209579772720422,4.349801978880452,2.3725848763469037,3.2679597707504113,6.364835371380434,21.564761770078622,Fail
8.321624537291184,4.715363875782447,0.21455412287043285,5.449736307906897,0.27364003451031405,18.974918878361276,Fail
7.302491895295712,8.133433290451084,0.9136173730887676,2.802065915018167,9.267562977226069,28.419171451079805,C
7.011411313835769,3.274763867146231,2.148485095202679,4.362859448103215,3.432492178820159,20.230011903108053,Fail
0.7509364580531397,1.1376172171087662,2.0424708634452338,5.853112639502292,3.8775510868392757,13.661688264948708,Fail
5.5543170560262745,0.5413440840232076,2.059486447171971,5.011529628112838,3.640632844269589,16.80731005960388,Fail
1.198653673336828,6.239455747613883,8.318704093509638,9.393103630055759,9.080319856446545,34.23023700096265,B
0.05348988694222845,1.8669429746141208,4.037407965014865,2.088061599288703,9.272207938390983,17.3181103642509,Fail
9.568146705908777,4.687510604344141,6.064778473818876,7.04040987438654,2.1907763980131123,29.551622056471448,C
2.8869373677069987,8.914550645563722,9.264138785836977,1.0977924145817153,5.401450624841042,27.564869838530456,C
4.957170100782755,9.21755245026893,0.9382890116708476,6.305240432786317,0.3323206169494841,21.75057261245833,Fail
8.565719886833357,7.0815168774060115,9.995983822000198,2.7089522357585305,6.996697731353438,35.34887055335153,B
8.47296745535494,5.519741952717797,9.576094831283543,6.412657532228861,1.8785398815324372,31.860001653117582,B
2.9575283462032944,4.632566043945027,7.738007982887883,7.77363318838761,3.2907248142979584,26.392460375721775,C
1.7652803200550826,3.145175722091053,0.09993774858570781,1.8708823115320727,9.225563904605687,16.106840006869604,Fail
6.381399025162693,7.954509581775875,7.063876345584274,0.15342191489879697,2.789775891316663,24.3429827587383,Fail
7.708145216643212,1.4687451296882692,9.492992869069354,4.615281081002919,3.000495794447966,26.28566009085172,C
2.3687055897448204,2.536968299958108,1.7519785423816125,0.48971384285520947,8.94522900206162,16.092595277001372,Fail
3.806232934765801,3.3670566889753353,4.772398748089312,1.4213099369205462,4.99063914933418,18.357637458085172,Fail
2.059881841884732,8.710142873937492,8.048253636154794,0.12582470101539123,8.46404084419634,27.40814389718875,C
1.3031798809129091,3.4854665160337763,1.2834956243352469,0.6560234690746336,9.445400439950415,16.17356593030698,Fail
9.880139620654216,0.2554740112160414,6.076135260332347,5.522343802290683,0.5113159247739574,22.24540861926724,Fail
2.621129720167965,6.426396706650265,2.206408397567634,6.847814818023758,9.553781936563274,27.655531578972898,C
1.4086860395086132,3.066739716880761,9.087045241967932,5.874858528644627,6.1412516444586895,25.57858117146062,C
8.473879305713737,3.326545009050512,5.614490173110046,5.2056064109546,8.926441095693956,31.54696199452285,B
9.062545805210366,2.42329811453739,4.7704993771688216,2.2437546928024177,2.3549728515607002,20.855070841279694,Fail
7.322192063122222,7.99891304268817,1.7981556998102377,7.419214544713593,1.1304784815305169,25.66895383186474,C
0.40775141554763916,4.981507202511484,4.562996417905558,8.21849930396189,2.3881507701317926,20.55890511005836,Fail
2.419316803155296,9.47917078934497,2.3116581965392022,9.149612820107569,5.6378429601921285,28.997601569339164,C
6.229540441833818,1.3062396686929179,1.3131243617855026,0.12678377055762802,8.548784159750777,17.524472402620646,Fail
9.490693936454214,5.518799421186391,8.13369486313056,2.1491126973729466,6.146477248863553,31.438778167007662,B
4.596147517329264,8.731592873828264,2.055896612472435,1.290214190567951,8.937840392969635,25.61169158716755,C
4.516389955188379,1.1468124237867017,6.272527880187008,1.0038667699361636,6.969671070798783,19.909268099897034,Fail
6.154007547092398,6.226878136965483,2.2008993208691683,8.584872939214344,6.835066846953113,30.001724791094503,B
5.105704087285035,1.1984066154120387,0.10303398453738954,1.8655572678807009,4.082302131032531,12.355004086147696,Fail
1.705303893937753,7.8020349685676145,0.3283668063012335,3.5096377105070156,5.435715915061403,18.78105929437502,Fail
5.488417555934738,9.965567392347491,6.217501969306781,2.8450384751352855,6.976986953405354,31.493512346129652,B
8.559251895912979,5.21002172948357,0.48869958707065564,0.30284192840991264,7.613064117672069,22.173879258549185,Fail
2.117981498815027,7.871228629394419,6.553685611117578,0.3209764048507824,5.371536243190823,22.23540838736863,Fail
3.3281836109167195,0.006116351555870425,9.061048893549762,9.986000639496602,3.0893539955052187,25.470703491024175,C
8.96256716471579,3.585326833698439,8.243069088192069,0.6143951068611331,3.335118789588105,24.740476983055533,Fail
7.91640072183063,6.72434401962343,3.4658225379235463,9.069122586782438,6.534782184343469,33.71047205050351,B
5.487337893665861,9.7598311939245,2.207035205509057,8.249547142166314,8.100860837249291,33.80461227251502,B
9.399243728857089,3.5613916201496822,2.5729256758304455,9.142718511298545,5.268885607250015,29.94516514338578,C
4.126218408486237,8.422495851992341,4.4196535531138235,9.574645069316649,1.4530063268115778,27.99601920972063,C
1.2429722348554473,0.111545873118305,8.046224415404046,9.507680742803991,5.04083456119486,23.94925782737665,Fail
5.964670754135437,1.2409687610968234,2.174931828201144,2.233896683364285,4.617919873223596,16.232387900021283,Fail
1.5828625605909807,4.286455693151828,8.720187559206346,9.136656253520167,9.173817604547656,32.89997967101698,B
6.364302495436367,6.643442914647144,4.337282797746097,3.8303495601977513,0.39507219453954856,21.570449962566908,Fail
8.097885286881047,2.7136901502505637,8.01430406245317,3.3444387587109006,2.973471610636259,25.14378986893194,C
8.754886503958964,3.811476533610507,0.3359318907950748,4.325877569102579,2.221449279173131,19.44962177664026,Fail
9.514907101767871,7.033409545189324,6.282100771662478,8.720538261066812,9.756316151509022,41.30727183119551,A
5.731492479812457,8.083263989215645,7.974328216537602,1.9991403379329742,4.077511369898669,27.86573639339735,C
4.261212379522307,2.0022093578866604,8.444111489426634,8.77502171140835,5.734767071501635,29.217322009745587,C
5.319106968813024,0.6314920190686346,7.425812233716313,2.5846250642493986,1.8624407887843775,17.823477074631747,Fail
7.467433077981598,9.989429619805177,5.1711730463515195,5.326156163935934,4.930276724870781,32.88446863294501,B
0.455851579486688,6.307549980407677,1.037501769205339,4.556166308421591,5.31317240280015,17.670242040321448,Fail
3.5062693120918076,3.423072848275197,3.9501167001369697,8.487255704961948,5.127110614761517,24.49382518022744,Fail
6.050895185405384,4.2812805071014175,9.784342239890393,6.056781505122755,1.160677043703432,27.333976481223385,C
1.9152132205014816,1.158527770037645,6.072582053602069,3.100951745676129,7.677684310100085,19.92495909991741,Fail
9.343041141674902,9.189793255003986,8.838854632391541,6.453898876694671,9.533193104475114,43.35878101024021,A
6.866786117241295,0.3791694407363333,1.812282891837701,2.969835684549734,7.05314975221825,19.081223886583313,Fail
2.856265996835771,7.921057794149581,6.6778189903020735,1.9884868418251644,2.4252446949666675,21.86887431807926,Fail
2.178925542549901,2.1725740049386455,5.535289621161335,6.910573641234218,9.969618462112397,26.766981271996496,C
1.3924537111759516,8.476113742156492,0.3748594712534026,6.165424209890514,3.1057831212454645,19.514634255721827,Fail
7.604000672874827,2.109692897116994,9.488596501778021,6.399892250357414,5.384417819968107,30.986600142095366,B
0.9103631494544173,8.52069837828557,5.506137077446088,0.6134640989511952,8.297052685405584,23.847715389542856,Fail
3.8278410040304056,8.438849656656322,5.784472430027753,1.499415431855572,0.36182057535268486,19.912399097922737,Fail
1.271824536325109,4.438975859925654,2.3415733074387557,8.122441182069013,7.597489456323179,23.772304342081707,Fail
4.774161894803537,3.5814686640169313,1.482191098035166,6.338725263064764,7.6189960508721475,23.795542970792546,Fail
3.6121605897581177,2.733123586537196,5.415907782732744,9.300561945885086,5.632139566371423,26.693893471284568,C
2.9470136988552795,0.7979704655945741,4.424391891788099,1.148451522063878,2.396638005443684,11.714465583745515,Fail
5.3193297755279145,2.253938943168298,9.64248841036229,7.453389124430634,5.318607224430782,29.98775347791992,C
0.8350071669866876,9.937731027679316,9.218958025766426,5.986702575069637,4.32741825662373,30.305817052125796,B
5.983574842977588,0.8235299033675814,3.648210422175162,2.319304246068227,5.226593229963749,18.00121264455231,Fail
6.306352949830805,6.6504811238256,8.831964468027264,7.775878933731363,3.3432578326898077,32.90793530810484,B
9.848411989623346,6.443657004925674,4.508861914651038,7.153947466157659,1.908914654154944,29.86379302951266,C
4.027037209945602,0.9422237874750738,3.474696414976216,0.5420266350439251,6.210693720525855,15.196677767966671,Fail
9.135780114026948,3.8655787373149266,2.0103193033242137,1.3320217641375387,8.680743864256488,25.024443783060118,C
0.30353805533004263,7.006578288878541,3.03739822629848,9.191719006963021,6.339413395689513,25.878646973159597,C
5.001979355227853,9.062657925730495,3.5979095409240305,8.264192807282564,1.1436252499173216,27.070364879082263,C
8.30202884345762,0.5671513828222552,8.251163709100883,1.7882917219275873,5.026988280097075,23.935623937405424,Fail
7.754095145924946,2.172787787671364,2.9713861956796714,6.525319062168563,0.19293437018403692,19.61652256162858,Fail
7.622851347766158,7.2610606836941844,2.5669067386606317,2.4668386538755724,4.034619699068904,23.952277123065453,Fail
1.5016900081704165,8.182120013704631,6.692040049557654,7.180691026971051,2.141406609159487,25.697947707563237,C
0.6536615756438524,4.489554374782375,5.6638180061020735,9.529366992517264,0.5010943904106757,20.83749533945624,Fail
1.7088758739006582,2.4735137181774283,4.781653632766916,9.597705144601216,2.515100392589893,21.076848762036114,Fail
4.988956645359419,7.922507001640183,4.710674777451407,1.3695368918985973,9.066165100099576,28.05784041644918,C
1.8887018676285439,0.8579108826203652,9.764706728481992,0.1346757242144958,6.645189335375971,19.291184538321367,Fail
6.586613549397669,8.793234248697198,6.7289380398928875,1.7060005330656391,3.2582624234013604,27.073048794454756,C
1.3063438155735974,4.326601076907169,6.857624417600562,2.2838503672686206,8.688321830003762,23.46274150735371,Fail
3.735662860390806,2.975295533954889,4.440478428379937,1.0014952669911092,1.8341903809175375,13.987122470634278,Fail
4.538465638069116,2.259527108532539,1.4610399957566589,3.2967789538533743,4.695728430874009,16.251540127085697,Fail
4.473324266661878,9.416948315016594,5.078448532241586,9.287572878882363,7.888468991316159,36.14476298411858,B
3.982502348634128,3.425392295096077,0.05346329003939165,5.307641115114377,9.694238985796158,22.46323803468013,Fail
3.1171107608941098,2.3213391280015614,3.136976380699026,1.6309800615162018,2.610697597337043,12.817103928447942,Fail
6.075448519014383,0.053391419696885434,7.854450308522393,6.316401899250133,4.507238033908041,24.806930180391834,Fail
9.214577362165304,1.7218852755576275,1.6777970610442305,4.149360209091651,6.6853173049420285,23.448937212800843,Fail
4.751708660226282,4.532846463376582,7.050840346141091,4.862205132075558,6.178864171948737,27.376464773768248,C
8.707534503372592,2.1237065530249777,7.288702930971633,4.828880420104019,4.65905182004139,27.607876227514616,C
8.514249577450958,3.5533970821954695,8.404066555637142,3.896475079681758,6.541513607592644,30.909701902557973,B
0.39343540668509647,9.255443258622234,0.19432672408497886,4.4717428683442755,3.8269972210203607,18.141945478756945,Fail
5.92493479176405,3.72423696175007,9.711037439891593,9.305260007083332,4.425133536145573,33.09060273663462,B
7.752345388990561,7.492753368241044,5.187619458015079,4.335345944544313,9.642422065371678,34.41048622516267,B
2.277497361032096,7.0550266066313725,5.622232498442106,1.2367263745485835,2.441411245660705,18.632894086314867,Fail
3.977934409290982,5.2317800983950065,7.138474496287268,2.251266271435788,1.5380970248291403,20.137552300238184,Fail
5.37416938599807,3.1341058621962494,1.1589971924275377,6.163376672361268,1.4585295326085113,17.289178645591637,Fail
1.1706701642760586,8.377290986226564,0.07420307880650179,0.6025729087173359,6.7190268198373495,16.94376395786381,Fail
7.172618758657564,1.558603675870771,0.9509379980272936,3.3411926964843817,6.05043280615374,19.07378593519375,Fail
8.824163684073387,7.599971583309685,8.123952417460469,3.485204443423208,0.8033517068771412,28.83664383514389,C
8.034809303848485,1.9415269661854906,2.3081173135994915,2.921438522052976,8.590002829433704,23.79589493512015,Fail
5.172690564416094,8.26257729332069,0.00048123894311746795,1.1207105056007316,5.566235669555893,20.122695271836527,Fail
5.831302190995835,5.218157013832556,4.8889314286374255,7.950367993628954,3.0074704911640393,26.89622911825881,C
8.911431136980712,1.3221152282029969,0.5202984694984503,1.3208704522218495,1.467979359416668,13.542694646320678,Fail
4.2748968792061515,4.635114803585509,3.9785801823725606,1.7383447497804716,2.655376767727672,17.282313382672363,Fail
3.662863862065222,6.397477120376795,8.681155732234805,9.125819603869264,2.2549422139854935,30.12225853253158,B
3.4562016890078953,7.034851104965666,2.5205935186955752,9.991787463354404,7.149578560421189,30.153012336444732,B
3.5071181545171015,3.4636350310849426,5.509622214187242,9.925619586654541,6.742686896143166,29.148681882586995,C
8.361177032072488,7.121879819794923,1.321561973043227,8.547123947532588,9.605992413530393,34.95773518597362,B
2.0406438854660056,7.6873479337880255,6.278124290700053,4.649212223951922,1.0207115362753638,21.67603987018137,Fail
6.949701331214758,0.8240443458404445,8.025422571573417,8.374176088409689,4.5561784162285885,28.7295227532669,C
1.2037814950553383,7.129588155595261,7.096823230573113,2.663351743900483,3.7498531293638337,21.84339775448803,Fail
8.388980864459342,7.57509822818506,5.586530119300095,9.04660613024945,7.5241195521538735,38.121334894347825,B
7.580404210112165,8.523554603874851,4.410056009311637,8.536026579600795,8.096402163229344,37.14644356612879,B
9.331929170490183,6.40891664837207,5.996544250464792,8.553829789356982,9.121605496009476,39.4128253546935,B
7.055858626438246,9.585162750026058,9.387716110143899,9.825729370023883,1.2350452844489768,37.089512141081066,B
5.898343944397556,5.840191798678459,4.9031381896330135,5.957790784178173,1.787852830141048,24.38731754702825,Fail
6.282065970930439,9.453581344565325,0.9662146953709327,8.848035361863323,1.1291083707111405,26.679005743441163,C
1.6122128725400442,0.3574839446586464,8.30746554720556,1.8912548309806887,1.1231072907230022,13.29152448610794,Fail
9.864140184828889,2.497690128593153,4.789669116791464,3.356776435588654,5.9162380646028465,26.424513930405006,C
4.813441516353237,1.6465468825602958,9.840595723854111,8.48698815229742,3.252316876781838,28.039889151846904,C
6.979904714977925,9.92151435230048,4.773640243842032,2.8137706071264237,1.5816354841965719,26.07046540244343,C
8.689049844787181,0.24970900434131194,1.041707266620383,7.430094088769149,4.445634856555435,21.856195061073464,Fail
2.502428981645953,1.908094914463071,9.849042491349124,9.271074607455871,4.2669611871355055,27.797602182049523,C
9.072431672770787,7.936649810358012,8.306661148234411,3.626820700676147,1.6008517640479736,30.54341509608733,B
1.9497519990028922,8.630269481496237,5.102132023643105,0.24971024839682388,5.4758481056316555,21.407711858170714,Fail
6.195893374598407,0.9843754900099078,4.607055269213715,1.627027020316949,8.687498165405088,22.10184931954407,Fail
4.426937019674359,0.7686710338175484,1.523612843653982,2.2435625734668516,8.904169226102256,17.866952696714996,Fail
9.888757121375434,9.251548183905436,9.382453534707986,1.1179775182045826,3.9323355678403757,33.57307192603381,B
5.657815548409964,1.7935335926455187,2.7649039568487876,8.42772759425472,8.1959614676862,26.83994215984519,C
5.817366474211867,2.0388647546052385,7.499174220717196,0.16868011467858324,3.310400174212166,18.83448573842505,Fail
6.900468884094496,9.205352312396275,5.9214559998886385,1.6385831726871969,1.0406450858874738,24.706505454954083,Fail
0.5739184368827355,0.4770834145387204,9.7548449335038,3.8127182294524795,0.8122665859978317,15.43083160037557,Fail
8.707971723381132,4.750167569934188,2.056452234493954,8.15816300765119,3.9519239778080726,27.624678513268535,C
1.828377798688171,1.479547387739707,4.954601331723603,4.449476022853545,8.90798835160478,21.619990892609806,Fail
9.390676985128962,6.546214957970551,5.5787631586885045,9.45769295678697,9.940414525161517,40.913762583736506,A
5.402994067614997,8.805824431209665,5.782046056765962,5.945316688527504,6.399545883495158,32.33572712761329,B
9.480532818528904,6.958946514633787,1.9882069085075416,4.492527300517865,2.8490409433964636,25.76925448558456,C
1.0789142699330445,1.6814108589474708,1.9289374368137735,6.577786070045399,4.877218631811652,16.14426726755134,Fail
6.066893231978858,1.72754646011967,5.376776168742563,0.5139967293911185,9.861781961128854,23.546994551361063,Fail
6.895267510315612,4.236931519996423,1.3370268210966996,1.7756823480965112,3.6008913801433193,17.845799579648563,Fail
3.062392452284004,7.02548080553777,2.450950073048921,7.01329730488689,1.0031054689195729,20.555226104677153,Fail
1.492494697414739,7.904152503192102,9.80329132876381,3.3719544203067042,0.594225569099307,23.166118518776663,Fail
3.928390764814024,8.131512009875106,6.9760450139436205,7.749804994670782,8.007680411173688,34.79343319447722,B
9.414742375060655,6.306084716506094,5.837614208779857,3.328812610571077,3.600391310970105,28.48764522188779,C
8.038145451934467,0.9284508653062051,2.7871210374694577,3.338626614745709,1.6194175467117866,16.711761516167627,Fail
5.679742973160805,8.085132732604109,6.253923997135148,3.6126315579476573,4.586904410781899,28.218335671629617,C
7.3436567649221836,6.365444885767242,5.843376360811218,0.6888273421867164,5.616771454259149,25.85807680794651,C
5.471276425689005,0.04373679100979522,2.9334723765860438,3.397686377882642,5.522460249325004,17.36863222049249,Fail
9.487904976919182,1.6962409303157244,9.75710566283908,1.8289248485736476,2.7768190890666524,25.54699550771429,C
5.374937536732345,6.098116579787016,5.758460579035704,5.847822031080313,2.7633047763629417,25.84264150299832,C
5.31169528001032,4.15916532932716,0.18349876454093472,8.987971942691196,3.0543379185698747,21.696669235139485,Fail
9.540510272587223,1.0455445815102427,6.406912676167008,9.314039483761963,5.392553602901523,31.699560616927958,B
0.5662555737755803,6.796758674906396,3.9411457618546053,8.187251375359647,8.523371097477204,28.01478248337343,C
0.658921650319727,4.49130565893491,8.522087853108866,6.611889325555593,7.289559654860657,27.573764142779755,C
7.507696492110557,9.412195287456575,9.779000472861888,5.867167452412337,2.536343204238226,35.102402909079586,B
1.3927207266338726,1.5407573247308348,5.058319371390709,5.0730023256424985,8.226051708097753,21.290851456495666,Fail
0.2568964486940817,1.5363152039326666,6.653892371680175,4.266353246452571,0.4399603007279318,13.153417571487427,Fail
2.0888272400516374,3.9460495166124057,0.596738603371072,4.5631590928420485,5.9976002791484015,17.192374732025563,Fail
8.906584554618425,8.769888309739855,8.120452385515591,7.3202858564799245,4.77978146354054,37.89699256989434,B
3.954890761835702,6.655340001700139,5.968367119959418,9.217291549891717,6.035739657761851,31.831629091148827,B
2.4837626036980023,9.588009542588479,7.106573770668566,0.8922699901396292,9.520522444899209,29.591138351993884,C
1.6279098920622936,1.8818416916794556,3.6286382989670507,6.796347933662398,7.48512127339095,21.41985908976215,Fail
9.164205445320663,6.699426133637663,3.4228184303199436,1.5974216342347758,7.285563818906564,28.16943546241961,C
2.4474507963692727,9.12602521738901,6.5011302754146545,3.0146335448310655,0.9360108861915306,22.025250720195537,Fail
4.491234139302508,6.497328487573907,5.889417840769568,2.8942154336458947,3.5949464922270256,23.367142393518904,Fail
1.9378913002335485,8.042337890322266,2.905941604996074,8.339674095513406,6.628859442830998,27.85470433389629,C
9.32133915398283,7.495862900768156,2.9446246401172194,7.303174167149424,2.6276439412868378,29.692644803304468,C
1.2718118921688693,3.3804241599703975,3.3263624690907836,8.260557504884682,6.588398446832632,22.827554472947362,Fail
2.0117523228887944,3.020488654893402,3.8827299079626476,8.133034519856862,3.584177954324378,20.632183359926085,Fail
1.1687876059093905,5.9850341405168,3.2679950479947384,9.402833470822383,0.1962410376147128,20.020891302858026,Fail
4.684612370870865,3.5897042968700865,0.2816499401676609,9.174502347897468,8.65687919103181,26.387348146837894,C
2.7859033903195862,2.0838367900882537,3.1559883528557453,9.137171438486718,3.164956420511599,20.3278563922619,Fail
3.076550873563365,6.126612471519991,6.32226695771633,7.460333144297888,8.676656097008893,31.66241954410647,B
5.708530255443128,9.946901299645251,6.138039256198008,1.7287549531516955,1.6881496459993894,25.21037541043747,C
4.7714637598904925,5.849115002718178,8.06227324127557,4.41867123801647,5.419028802702758,28.520552044603466,C
2.734745153749798,5.568151179693931,4.140671665768362,4.200462751309336,4.274434265073425,20.918465015594855,Fail
1.0383938611092758,3.642278811462111,3.941308487726265,9.758804705482135,0.33486150767497724,18.71564737345476,Fail
6.46407375228089,3.639388834040429,2.0673530564157385,8.489920452379168,0.5419822888226744,21.2027183839389,Fail
8.85977748236187,3.68374507584734,8.6952608331733,1.9719586453039162,6.6457385875584585,29.856480624244888,C
3.5230888420917825,2.006436829571957,2.3210896287977603,5.59406238543415,4.1054548364237835,17.55013252231943,Fail
4.110284698067047,8.216465971645,3.218618563899062,0.5283723779298488,8.602223650589737,24.675965262130696,Fail
5.7789111269408835,8.711703319609725,8.215085168980918,8.883099664809112,0.042059212830138915,31.63085849317078,B
2.685621674536426,1.291839178087495,9.272714445333184,4.0811195206173245,4.567852033910947,21.899146852485373,Fail
3.410663510502585,6.793166653135535,9.315393301575323,0.9584538668483178,3.0383930748667587,23.516070406928517,Fail
1.5210428322227287,0.7661981392964867,9.743458249772864,8.004935465951274,2.6265956302202955,22.662230317463646,Fail
5.49529535895017,0.8987828010063803,8.608416030974757,8.296950649328547,2.4329207681628064,25.732365608422658,C
5.9295085143492745,1.993501289446863,9.232892682362865,6.932570158395017,0.4117639775380566,24.500236622092075,Fail
4.23358027350786,0.9106635598747259,9.97319527161746,8.622085717629398,7.649583948988818,31.38910877161826,B
5.114675400426174,5.590030700748308,4.739495158492975,5.001973458645037,7.873779693470139,28.319954411782632,C
8.062012797930613,1.3452549228918453,4.373630628517775,0.20413450685129342,4.793139381338563,18.77817223753009,Fail
2.8918744629594983,0.4593003222908998,4.158399814305689,2.6827821251271344,8.804220324199033,18.996577048882255,Fail
9.728943893876949,2.4102973233592575,3.933168111187052,4.5824218216327,5.38484747934319,26.03967862939915,C
1.918673247187429,3.8504123784041164,9.56419622177728,3.032148933004769,9.09536501549831,27.460795795871903,C
7.718360352301099,2.6530637012041893,3.4602628402674718,3.627532023167838,9.146027913502571,26.60524683044317,C
6.694869551981901,7.857821503937544,3.155392707298547,0.2880713778461996,1.8608333164093849,19.856988457473577,Fail
1.0948236606899397,8.89997482581132,4.201165219594439,2.02046124795901,6.359616799906118,22.576041753960826,Fail
1.2784973699346702,1.5574975979894434,8.187641025513349,2.327904281532013,0.8116977044734075,14.163237979442885,Fail
5.312940183509319,8.39859572674042,4.307854685287673,5.483141213256585,7.109562227677339,30.612094036471333,B
9.092202058615602,2.110383302086154,3.2561450712746245,3.7993547566652452,7.963189563706656,26.221274752348283,C
7.600055449620985,3.4209500575942577,6.188063073304236,6.309938379436958,2.156916023934241,25.675922983890676,C
3.60059901930726,1.142946811423835,8.83485742335523,2.974252153628866,2.8500272995102973,19.40268270722549,Fail
9.246417911286366,0.3567441636053237,8.308351454680961,5.4131638164205365,1.563869984335241,24.88854733032843,Fail
1.307173235897573,1.8076991930090314,0.44920055242135604,2.7388117354971686,2.924330409633514,9.227215126458644,Fail
1.2324745813255145,0.7691063873533466,0.8181890456473806,6.599183331425894,2.5947402585501145,12.01369360430225,Fail
0.10670127006162766,6.713298173865903,4.527299936209327,6.1122525204814675,0.5634207857262175,18.02297268634454,Fail
9.845758963761131,2.6282302621238873,5.931073576836771,1.1548951367775118,3.799837453907612,23.359795393406912,Fail
8.52048415804693,3.4238176600918835,0.9826520581332032,0.9404417950110544,5.123872350950229,18.9912680222333,Fail
7.8580848424435,3.884078338719519,1.2711896903970854,7.043575176200818,8.824893803470212,28.88182185123113,C
3.9152569817782936,2.446861881232726,7.500340979469039,0.9907693734462719,1.919442878630242,16.772672094556572,Fail
7.443682043039907,7.790979397931701,8.355101545820595,9.75597255597913,5.19592176221145,38.54165730498278,B
1.0347506364658465,0.442954309969924,1.4950630987379698,2.6376084565888283,2.839369035327505,8.449745537090074,Fail
6.482975272988015,9.418212689647268,5.616729588389444,9.756201157158642,5.7142121434925075,36.988330851675876,B
1.6823657910849188,3.4467314101254773,8.51377205286058,5.124684135884778,9.175483844887637,27.94303723484339,C
8.49975371480662,7.495266088079098,5.859372296875067,4.347421137695533,2.330722930991146,28.532536168447468,C
9.019161078378827,7.564838490999165,4.524998508199809,9.054964322508418,9.501209238295331,39.66517163838155,B
5.830186474441364,9.503842943791176,0.5968299845957925,8.019186807179437,1.2673035264875487,25.21734973649532,C
5.832523923125567,0.3498187351615356,2.1020121445252027,6.2365718971148345,4.609971885902796,19.13089858582994,Fail
0.8698675991141014,8.355355012681668,3.3855781255497943,6.87556741068803,2.7341877913954704,22.22055593942906,Fail
8.644332468683642,2.624563029848903,1.0742448793707626,5.801559099607742,6.7008887049270704,24.845588182438117,Fail
7.833872199958384,2.535497759319092,4.921339923973399,3.3997290303401306,6.944351071908832,25.634789985499836,C
8.345717902556277,7.481102411599355,1.8074030653922157,6.937368023295722,0.7460907779961312,25.3176821808397,C
6.884050184921369,2.608084271927763,0.10906995317794821,0.6497394247897537,0.8271960104746645,11.0781398452915,Fail
8.717835665922017,2.3190112176891486,3.586368678745754,4.206704748494045,9.998905646313926,28.828825957164888,C
3.5499630583193733,8.056369252749182,0.753842546437552,7.710291805805191,9.86977271675699,29.94023938006829,C
8.950851727663146,9.716506046194931,0.4352208862330964,1.6528900308527805,2.8833345677290225,23.63880325867298,Fail
3.6770850812754317,0.22561650757327634,0.8944824842484578,9.20571993142085,7.471991062647437,21.474895067165452,Fail
5.994611396587166,5.784732510018857,2.367722614039034,1.7020783883816892,1.496244802569967,17.345389711596713,Fail
9.725682356497368,6.603864402713439,5.33027504862702,3.908516806325096,2.744197187451871,28.312535801614793,C
0.04187443627957865,7.998294540499016,2.992728927440308,5.717421521924967,1.215619686917434,17.965939113061303,Fail
0.19972932578028124,0.23995945800073026,9.14548079101156,9.483213199987064,3.9732146395725,23.041597414352136,Fail
7.617427064695159,7.863639366024132,0.4975379141364322,3.3470448627078166,3.257455301753179,22.58310450931672,Fail
2.111259425580374,5.932594701753773,4.090271209146483,3.775476880865476,4.776091681792522,20.685693899138627,Fail
3.565589211768887,0.6981630148556195,9.346267325275784,2.4765890102910104,0.03508349553436041,16.12169205772566,Fail
9.000231233980111,8.48587657030878,3.8108077064230574,4.609063117688671,6.456960795682218,32.36293942408284,B
9.420582194885954,7.167136096019267,8.486653117871795,5.0504802001123705,9.129657091858457,39.25450870074785,B
5.078974160033809,1.539609941044262,5.271180905684043,0.7056963851700548,6.636969878549185,19.232431270481353,Fail
3.4395768655768553,7.6824777764631635,6.093563739279924,2.171898708258986,5.478647498950689,24.866164588529617,Fail
3.389699261728214,8.221448795703731,8.007120592184847,4.308876185521453,3.612677208966769,27.539822044105016,C
6.908839765508228,1.1220136676564285,8.178751571851274,8.57596530713787,4.763120095094502,29.5486904072483,C
8.52538740855967,5.343644288593793,9.590617769846656,4.844858829354877,0.8696536551614964,29.174161951516492,C
4.866689414247029,7.99265965959968,2.559956205265771,6.942038890626518,3.220693609848009,25.582037779587004,C
6.62522284353982,6.1935130593629895,8.580780722249438,6.356089965451698,9.492541298167893,37.24814788877184,B
2.6336361899807925,3.5564843283169676,4.437407795297357,2.391553989305585,2.4451290554094616,15.464211358310164,Fail
9.06472110964547,4.510760718248596,4.033098879929114,8.4383914686334,2.1303215809692446,28.177293757425822,C
1.212648933591367,8.087422290211197,6.691830270396567,7.3775669781167075,9.592434679225741,32.96190315154158,B
3.9593722619594987,8.884317051440961,4.683001989551471,3.9351506264888805,4.372723484432996,25.834565413873808,C
5.4647636102537644,8.837774582085865,7.903202454797547,7.8974472633297825,2.5331933667239657,32.63638127719092,B
5.489096316400717,6.8454443303132395,4.218367323682938,8.41138182705485,1.7972241191214866,26.761513916573232,C
7.021074541137926,5.097768447035125,9.516040689185482,3.8842384674562727,6.1653797137076705,31.684501858522474,B
2.7528821345186016,9.755431937239534,8.043696250082402,2.458871500823858,1.453836549508597,24.464718372172992,Fail
1.7478671504515797,7.551177893054172,6.564983125788873,3.034388473302715,6.660276828463733,25.558693471061073,C
1.3566146716037775,8.087153968854397,5.528668195368782,2.9906309821668033,3.307919697162005,21.270987515155767,Fail
1.8262513025310112,2.366553794797138,3.8592953693126084,5.555974529099683,8.984260030279893,22.592335026020336,Fail
6.043044198214789,9.414256718178798,7.069291351881851,7.439205814696411,8.171013201751595,38.13681128472344,B
4.4332032077269865,5.739174439595789,2.085690283289283,8.621807919496653,9.483609984570618,30.36348583467933,B
0.09827552569787845,5.085779218687151,4.251168989117971,8.115700780746833,0.5117795906125566,18.06270410486239,Fail
3.673907286970705,4.892722258976082,4.621597136246315,9.86660904911076,4.389841638968451,27.444677370272313,C
8.328935948872294,2.7402469403848584,1.4229899675869284,4.746802908250788,5.903780645737569,23.14275641083244,Fail
4.837968965827963,0.31108584187416133,0.7422711586845465,7.641233479651333,8.474103424070455,22.006662870108457,Fail
5.791298040350491,9.928587751846297,9.415405000545917,4.547584910834164,9.629431913026789,39.31230761660366,B
8.940913692578455,0.6205105263543276,3.371650128568918,6.372455994870999,1.7975926352696325,21.103122977642332,Fail
4.37777271889569,4.055252214579435,2.874853631425153,4.320778192485024,1.0555554694435498,16.68421222682885,Fail
9.505939659311244,9.950517532750057,1.8208093325025487,8.872117227318535,4.229756988103447,34.37914073998583,B
1.0178247262040374,5.889436485073487,9.666536713277424,6.807121206133804,3.848461181744145,27.229380312432898,C
4.110210752655457,9.700573600380695,2.0488722869177547,2.559040428296555,3.872352563648084,22.291049631898545,Fail
1.4692192358377076,0.5267333182969713,3.6273381821694417,0.7054700436853134,8.031018708054342,14.359779488043776,Fail
3.7975152291931744,8.887160946127464,4.768612917912744,5.143521611529165,8.007071263655877,30.603881968418424,B
3.985020288039803,6.933970262725346,1.4492155233813653,8.93655360061889,3.0900424833238036,24.394802158089206,Fail
9.575810150838173,3.56089673754747,0.19007400025671362,1.3789498329967864,3.519910622576543,18.225641344215685,Fail
9.823786169086064,7.718054684782346,1.5110015917459863,6.06629848052722,9.21812406156527,34.33726498770689,B
1.4368762518421274,9.660120961276053,5.165393253077428,7.680081386425545,1.324760485102776,25.26723233772393,C
1.0986311374078295,4.198387823550767,7.710442979389816,5.886241399273143,4.362838911681629,23.25654225130318,Fail
4.860575419026809,6.776737747680467,9.888791192550135,4.848098978706269,0.8367436213987012,27.210946959362378,C
8.398022856356173,3.097585632586206,2.3909539298661517,7.536459805991754,2.9104320643975115,24.333454289197796,Fail
3.7216702383751334,0.12290661155670901,4.168697833644374,3.952540084845555,9.195063741758853,21.160878510180623,Fail
2.6241608169621444,8.32478000031909,4.425112319453147,9.612545187673149,3.8169872067320587,28.80358553113959,C
8.309224908218505,9.174069260927485,5.994537733200799,3.827104278762671,3.6810020451165,30.985938226225965,B
6.739942081457304,8.342555035851719,0.046005457258844196,4.82920697812003,0.9032700778367742,20.86097963052467,Fail
8.262173757752201,4.530240136012064,2.434309250098028,6.241476228698323,7.2364461384580805,28.7046455110187,C
3.559577734706405,6.757909636279851,5.695211466330335,3.030067007675159,3.038630766313405,22.081396611305152,Fail
8.736185287372153,9.322678388381672,6.354125831353503,1.66500860404579,5.4675176057362105,31.545515716889334,B
0.5204583875613145,3.7242675117596824,8.404216925407944,7.451788992133986,9.502218357374424,29.60295017423735,C
8.391466080707525,6.730091009630524,2.3002882987906004,0.12371182866931951,1.237046442108931,18.782603659906897,Fail
1.2331849107529225,1.0150385830353548,4.471114074817825,3.5567596810974367,0.38128178808144675,10.657379037784986,Fail
8.575306077519237,4.587288242002408,1.8259874952854016,0.31094613824664274,1.2399826083488463,16.539510561402537,Fail
9.50061967050805,7.85202867912825,7.235592919944186,2.0761136556844284,3.3692301615983578,30.03358508686327,B
0.8175903194887191,3.482746153631915,6.315781094790865,8.15976665609654,2.2509685391235834,21.02685276313162,Fail
5.097260752881797,8.887277285517147,2.3623149530988785,0.9111737436619727,0.3284488274899766,17.58647556264977,Fail
9.476861770642795,9.08153943227503,3.8083588018280903,1.275984068329381,0.9401555029358444,24.58289957601114,Fail
4.547398556338591,1.9280190266645925,9.202859446364178,1.6772065287028681,5.084486863787977,22.439970421858206,Fail
9.000831830164808,8.322257805043787,0.5078363923675133,8.729272983110747,4.814976371546779,31.375175382233635,B
8.53629928527957,9.539024611292499,6.391406559794214,4.142820747234062,7.482883657618686,36.09243486121903,B
3.846110759787682,9.929034908992644,0.46433655391047934,2.6639715397668997,0.014444659153213246,16.917898421610918,Fail
4.352622796565538,1.899965092022845,5.427223669382548,3.8204058568674135,8.097331012292843,23.597548427131187,Fail
9.222233181548601,2.1292595048260123,5.4001398625928125,3.1606778996412,7.617522660360172,27.5298331089688,C
1.221099140100268,3.757058053802705,9.970920176102485,8.180251088367763,0.1031734930352135,23.232501951408437,Fail
9.47306899236962,7.905083811731562,6.989326268452631,5.861711848156849,5.106413686943158,35.33560460765382,B
1.206358711006008,4.0375661047834654,3.929401278174004,0.6477136048283672,3.4319406746729078,13.252980373464752,Fail
7.7985098889334985,5.633837406661656,6.337881989072919,5.240253831905152,2.85568375803956,27.866166874612787,C
0.11302536589022472,7.692312035414377,8.753051567568017,9.575793775866064,9.776126016471455,35.91030876121014,B
1.6427044945592806,2.5435953880638182,2.327659642933532,5.909534697203844,8.797445728015546,21.22093995077602,Fail
1.4954931855694453,0.03926056989265403,6.272119190453525,5.308916245180772,7.5962563439312465,20.71204553502764,Fail
9.666548190436696,7.873258374573952,2.335118585932646,2.890080443409515,6.441239201441022,29.206244795793836,C
4.026114383401627,5.03068463478831,5.375177369454923,0.09148535726037244,5.036000342532465,19.559462087437698,Fail
4.581868867378926,5.321574849848356,5.895842877533504,9.937937966371216,2.182905247421095,27.9201298085531,C
9.195310246560497,6.566219494731291,7.35624150217509,5.452244192741004,6.970251137120221,35.540266573328104,B
7.940144502659628,6.561288043672019,9.857676058248133,9.256145840098307,1.625948539470542,35.24120298414863,B
7.798755458576238,2.341944256168129,9.530677862704582,7.731789782586551,1.266528057097951,28.669695417133454,C
9.01158010490989,8.48752700565235,3.1800641939440033,5.604225186158684,7.976039294333857,34.25943578499878,B
2.58226813259983,9.907250552476052,8.92023305711089,0.9743516310154798,6.510805836569036,28.894909209771285,C
6.4490632386491695,4.292949178610133,8.900970353936911,3.2544113182860865,0.04198247840519587,22.9393765678875,Fail
4.926251042908591,4.591591303759114,6.228189228581973,2.9594375465949363,3.8500296810510415,22.555498802895656,Fail
4.147358025299938,8.622925295542114,6.6815043211620795,8.560176567508357,5.959606345117608,33.9715705546301,B
6.502969740735076,7.055631903608371,5.645631411774749,5.338430930386354,2.490440419820348,27.033104406324902,C
2.3290183864948166,5.4693485244821085,7.358116038161786,3.8722554544305443,5.807305288922068,24.836043692491323,Fail
1.213849394224289,8.646591138898916,3.315276910314969,8.218090528872505,8.662949600217585,30.056757572528262,B
8.782524677323465,5.727532592481626,6.022001233327833,0.5250916607906064,7.822464303109049,28.87961446703258,C
0.2784105126258629,5.264985273282413,5.405987060556619,8.25801842155263,1.449893485154472,20.657294753172,Fail
3.6318912371622503,4.396615323705905,1.4783379456878265,7.7945212189582636,9.913060815589539,27.214426541103784,C
0.6728461292151455,6.157897989801244,9.112821722034727,2.9816305216677383,5.6549730520709565,24.58016941478981,Fail
4.161609464061577,2.346835328852502,8.858630260756602,6.118181227776478,4.007909449844936,25.493165731292095,C
3.3161684910783396,3.327637153356794,4.823161043863218,3.6867138350132156,0.5348962602691532,15.68857678358072,Fail
5.243902693275801,1.0814594233719865,4.289659756867637,0.6690362901245717,2.904874991943305,14.1889331555833,Fail
2.8713795808457556,6.164793585412445,8.620308742935098,6.3690219281253615,9.438438734645459,33.46394257196412,B
9.00018641848105,9.291163526913257,1.831656544938871,0.798469675723642,0.7501668262212002,21.67164299227802,Fail
8.194956853860523,4.292107795416998,2.6323100506527664,7.811152576042886,6.000760186548199,28.93128746252137,C
8.681422543775053,4.842130657597906,4.963748079728542,3.9376192128327245,1.0389920308764233,23.46391252481065,Fail
6.181557343181191,2.6248445471647672,2.762181685109498,3.427201297779794,9.532368029110623,24.528152902345873,Fail
6.376882468959355,2.2301264141187804,1.2230431629372385,5.386717253567179,9.902686968900596,25.119456268483148,C
0.05324190571064258,8.959989516809134,4.639972243669551,8.301664596598446,2.1131245902843707,24.067992853072145,Fail
2.1120825858795165,4.44385026638056,5.6989703917030194,8.847962030441728,5.382567211654883,26.485432486059707,C
3.7698616728684167,1.1033477382520296,1.4351966414225625,6.866573860341668,0.3049793808428203,13.479959293727497,Fail
7.326990505902804,8.470469188705549,7.848799094992822,6.148966387647306,9.479630180564332,39.27485535781281,B
5.126677259564164,3.4450185514246168,4.8880590773494195,9.169438921695093,7.630002484540389,30.259196294573684,B
2.71949726128631,5.286858536788197,6.3004472064135335,9.04747658174387,9.814380721324325,33.16866030755624,B
9.345438807155155,4.819442793927208,5.040451831234613,9.06483930496211,8.609463431027535,36.87963616830662,B
2.626336123660736,0.45109006285336095,2.056280814707704,5.123504114398905,2.0126048455574663,12.269815961178171,Fail
6.587833667107174,9.486561577065649,5.515342496463607,0.7555126661096212,9.053016651825711,31.39826705857176,B
6.831142857230466,2.693458790611043,3.607846415915289,0.15292314067509527,5.10604662339801,18.391417827829905,Fail
0.40285518777998464,0.4884162332074393,1.1601851127913954,1.0139393862720725,7.925646408976549,10.99104232902744,Fail
7.549325397850504,8.155869805157685,0.21680011666961763,1.3677806106397639,9.39835424848324,26.68813017880081,C
0.4869484839992977,6.450826919667863,9.38431815412743,0.7413511455314181,6.348940779267531,23.412385482593535,Fail
5.597556836383825,2.741738575114666,4.169420162710593,2.1964643085814095,3.0034980273672396,17.708677910157732,Fail
4.420334209311235,2.0942838613893358,4.575671235723014,1.3380140150141373,6.4338410861385045,18.862144407576228,Fail
4.1176554158450855,4.370780827574751,9.204466238957856,5.885398505753723,1.1146622601217537,24.69296324825317,Fail
4.455178144931612,2.3143663046342464,6.51665995687557,0.02220322010195508,8.412059983581768,21.72046761012515,Fail
6.311386259972629,2.6175286903702366,9.903260945268656,0.4642712240606006,0.47131524131305835,19.767762360985177,Fail
8.35825927910516,7.8362274244342975,7.085615685819504,3.9362868421155084,3.2568283154101763,30.473217546884644,B
2.0831539000851795,0.8667856115083072,8.430143548449626,2.341627516737365,6.005983239467579,19.727693816248056,Fail
2.3833721062799693,0.5337549417726084,8.575641403991252,5.228842916487276,2.0442379066440406,18.76584927517515,Fail
9.403970339455443,3.6768952253635314,9.79890322471206,9.358103487724852,0.973466781281449,33.21133905853734,B
5.918079076633259,9.948498070617926,7.400075127727784,1.7346249631794308,6.307272630585855,31.308549868744258,B
1.7067743530223367,2.180164985319386,3.559397100173025,8.2692498593507,9.313305164158708,25.028891462024156,C
1.6080805141749865,6.293549426289385,1.921428486965544,6.617869334649232,4.151791358982695,20.592719121061844,Fail
7.077213502675274,2.1334657456012653,0.06990785399174082,8.692175321661997,2.4305789180731443,20.403341342003422,Fail
2.8193688434175845,8.433611288719895,7.30079026495016,5.144772488756965,1.6976344010755906,25.396177286920192,C
3.6928077021554104,8.844713135755276,3.3612942202808704,7.136956593230961,3.21658633319457,26.25235798461709,C
8.043744141377006,0.8346929518195723,8.595923912473854,8.570546524729952,2.930337463464525,28.97524499386491,C
0.3756622954398059,1.8693534504167642,5.202887308715046,4.836555156846584,3.859255683177578,16.14371389459578,Fail
8.139702695060189,1.2705626535767434,7.075528311402199,9.858444501105103,7.926209382074053,34.27044754321829,B
5.8271444934468155,3.193841168336852,5.95884338256031,6.93413602661093,8.930701915150737,30.844666986105644,B
7.036578593800237,4.170487283209009,0.33730107457718983,7.0853252689316335,2.9331063652223044,21.562798585740374,Fail
5.506604592365642,7.608016717561018,3.3474346695732526,3.9940899974612245,1.9723438668886684,22.428489843849803,Fail
7.6876418072116035,2.2730240723852377,6.500336842370485,7.982618539601381,1.078001408957271,25.52162267052598,C
1.6290265447739405,8.198821312594477,4.239430849398243,9.189367014936865,3.985678452279493,27.24232417398302,C
6.948207298717207,6.63713252520194,5.865038814724253,6.439152085747962,1.5271278534313093,27.416658577822673,C
3.9759439796279428,7.026271063236521,4.508194114586759,3.539066240102308,5.0486077837573164,24.098083181310844,Fail
3.3645035181751015,4.216816468528943,2.763808211062686,3.353056350834067,5.685986361064636,19.384170909665436,Fail
2.135374778839514,0.3133746067672627,1.1931910388921085,0.7450246901818314,8.930353404422275,13.317318519102992,Fail
2.1050693966534295,4.690144305527879,8.696865810608529,6.291697312350313,3.054401323754071,24.83817814889422,Fail
8.131420044817254,8.744443882061596,5.795014416659242,8.218413938586945,1.439110326480394,32.32840260860543,B
2.0201566840249,7.227620328396967,9.302394910430536,6.353203906855965,7.164147129435092,32.06752295914346,B
5.951316749056815,7.340640350231079,9.972051439743012,9.259288904032438,2.1364925076663663,34.65978995072971,B
8.90220670554556,6.112086528155425,5.796704351975396,5.806313511690445,1.2833306708244874,27.90064176819131,C
2.7746467972495403,2.4691649510879046,9.74499883262783,8.948157500609353,3.8570125875126884,27.793980669087315,C
5.679452305526294,9.312666274013377,6.851726903015472,4.373299335910749,2.1382437786949415,28.355388597160832,C
6.516797948784269,4.6198082566641,3.8851944037868282,3.1523625603437466,2.1068248780096246,20.280988047588572,Fail
1.616714362369619,3.2366278103580024,2.9066212134826355,7.958904332331343,5.164529133876775,20.883396852418375,Fail
2.117458620524195,8.487524666688433,5.8646777204054725,7.627318334188839,4.7655358179143885,28.862515159721326,C
6.423255259052274,4.658713086963684,4.8310109209391,6.985275629694127,1.5147476821682637,24.413002578817448,Fail
5.031362585800877,5.783291027043042,2.8292792908290387,2.244948721866308,6.969165453013787,22.858047078553053,Fail
0.34431308573314556,3.0515833053728967,4.057296929886684,3.2661268026179426,8.601854434355191,19.32117455796586,Fail
4.999589919647884,4.89330831624236,4.293427372996557,0.9244321199054073,1.7772147384827708,16.887972467274977,Fail
6.764679372263622,3.880492700584143,7.670116940184214,9.766211013513589,0.6717186250784213,28.75321865162399,C
1.9957161589593875,1.570588840991387,1.6996006255617446,8.111074130136876,9.702928642145679,23.079908397795073,Fail
3.933206703851887,2.78628333089757,3.018312978744836,2.9131339115513466,7.687984021056897,20.338920946102537,Fail
3.5058755880659698,0.4657994208654159,6.104112036936661,3.00180737618987,4.56491694537182,17.642511367429737,Fail
5.944763351861731,8.94538852240591,1.8397849761090879,4.1698002358955595,9.312209203689806,30.211946289962093,B
4.406648834242936,1.9274350721236844,6.8419774347468065,8.432554753126531,8.463432881590819,30.07204897583078,B
8.3704112524294,6.811376990723906,6.410862839596584,3.853348013536074,4.761578811292485,30.207577907578447,B
3.834811225750425,6.614020331187831,9.995087956637745,9.876802783068333,7.740609747685232,38.06133204432957,B
2.0408766115576027,8.188328992141178,7.126828160440627,8.739856201488355,7.777962941135569,33.87385290676333,B
2.972378077086172,5.5029552318312955,5.255860926993005,6.750034707086266,9.961289812536492,30.44251875553323,B
5.8008620783781115,8.766052783705984,1.506544886606338,7.661876834534036,4.96233996921005,28.697676552434515,C
6.728716685980798,1.715129976480222,0.9174405087997728,8.14980585209581,4.365794994867417,21.87688801822402,Fail
8.6465892185814,2.191843456523317,8.93520754589041,5.24355242144181,6.521967422558731,31.539160064995666,B
3.3444252711810405,3.550947663631898,3.368785451388722,0.9568578156654728,5.15275100307745,16.373767204944585,Fail
6.674155305338311,3.600209378545035,4.142821135633178,8.361668152704784,6.331172449563899,29.110026421785204,C
0.04632023004602859,0.5521762675040565,0.53972632550913,6.66341068034788,8.178638603085613,15.98027210649271,Fail
9.261929864146266,3.163220570094807,7.530834596732056,0.6142424452694228,0.5085642372867716,21.078791713529323,Fail
4.876670686212644,9.300067198331663,6.152941190885403,9.678262348435803,4.703557362729537,34.711498786595044,B
0.7527871665167363,6.707257400787232,2.1061653849286177,4.0517924466792525,0.6000676498476121,14.21807004875945,Fail
6.232981268275579,5.5695209166417525,5.072136816780898,9.242557264380007,4.398995095833555,30.51619136191179,B
2.192139873580443,0.4669781788511307,9.652276595056907,1.5740408228536418,5.18808101243624,19.073516482778363,Fail
4.071737385988753,2.7151657773307134,5.15096932602959,0.20327900145589828,0.2767455486713466,12.417897039476301,Fail
3.330019130581979,0.2500411285059212,7.930127248793653,2.241520661785877,3.4608872385951317,17.212595408262562,Fail
4.524395161326934,1.2162289068009424,5.36329825286106,6.5387731809713365,3.00200557647633,20.644701078436604,Fail
2.2044600424541896,1.0349750359356769,8.690758150677024,0.6183072131212153,6.445180911880727,18.993681354068833,Fail
4.250024141231975,8.034235690981628,8.681760527142883,1.1712793074230998,9.005675272993175,31.142974939772756,B
6.754560453364256,9.854373843696603,3.871577061334354,7.381569779852874,2.0949352395193865,29.957016377767474,C
0.061838226408966745,0.7660361631371004,9.3514670625037,6.352460934539895,6.193273971572379,22.72507635816204,Fail
4.811256918168456,2.026719063073047,0.9865289627089746,0.9508787837353638,9.125384993991307,17.90076872167715,Fail
7.087446977429765,8.14792001635896,7.210651073028873,6.694118751671491,1.6043696682415765,30.744506486730668,B
1.028425921574767,8.802912630134301,7.267805523552676,9.311380008386784,1.0277056024930697,27.438229686141597,C
7.446036790033801,6.2920015744966085,2.637461952768266,9.3429689903713,1.100133477898897,26.818602785568874,C
0.6750254668382194,6.344399411683524,0.8970487704196783,3.911109731998943,8.628626053556875,20.45620943449724,Fail
5.484191629935626,6.815350002084708,6.208897045993514,5.5958814105338925,5.035582738767,29.139902827314742,C
2.648163217783188,6.363026718190556,4.553677044654809,8.969581595077242,4.658476559532664,27.19292513523846,C
5.099850793134971,2.3009079204003955,2.606915481531138,2.0265177128723177,8.825490392158184,20.859682300097006,Fail
8.341641082084413,4.570023093769406,3.5561683020557022,7.4830027838639825,1.517314399239269,25.468149661012774,C
3.433867021776442,4.645384635244191,6.4445236416473985,1.5784141087292058,4.78057948825382,20.88276889565106,Fail
4.585230088818907,4.6596674818613675,0.9162648449929123,9.922766588813447,3.296975314463709,23.380904318950343,Fail
6.242379959139921,0.15366250734723308,4.70799414935808,1.0959377456687358,4.919063705604325,17.119038067118296,Fail
1.2907124693088146,6.0831940140006715,4.408802331348641,2.5742742767469586,6.417924654568271,20.77490774597336,Fail
4.299310773901482,2.8480037424955085,8.685891415610017,6.281439774931253,1.4096410260214332,23.524286732959695,Fail
5.205438373048584,6.574940592562511,1.0902316071949314,8.003866965598391,7.793523739302797,28.66800127770722,C
5.548067582739479,0.6297644014666071,0.08395492084141698,9.339576481267644,2.805572416618366,18.40693580293351,Fail
1.5633143839283858,6.477557612860042,2.8755956509069893,1.7832174625724762,0.04028269702193499,12.739967807289828,Fail
9.489162181887151,4.014510076123719,7.9336001223668,7.587559284351473,6.948777063858891,35.97360872858803,B
1.6336675839842019,9.620753780372231,0.24420102643931352,8.512371660218465,7.627294262739243,27.638288313753456,C
8.747470734889747,5.884438276405231,1.2167189300387526,1.9474628627619295,3.1457242551894815,20.941815059285144,Fail
6.906153123866363,7.533775452463684,5.265984301668132,0.7082339829292572,9.23752804283779,29.651674903765226,C
5.924077846595176,9.859743176855195,0.2052251171251529,6.809383802246351,2.1933364211701454,24.99176636399202,Fail
6.032221356579637,4.968773916867955,1.2760918276449174,7.374779465674818,8.892193754279237,28.544060321046565,C
0.4814283597835345,9.771877391324184,3.6080039325916924,3.689159158800762,4.97066525791658,22.521134100416752,Fail
4.712871673981645,3.438224912587524,2.019021533999392,9.525956719465615,0.7970161703621403,20.49309101039632,Fail
7.423699370897818,0.9760999822970751,7.5576740094929225,5.0170853047811494,6.496955175844024,27.47151384331299,C
4.759063274732007,2.3517023912461177,7.683680685907631,3.712751404044883,6.122993621300797,24.630191377231437,Fail
1.005303586918359,1.389459359427484,3.957839471914162,2.45952914027852,8.679214923416584,17.49134648195511,Fail
2.872212092051508,0.6197100697941027,8.737537919937804,6.464751010955725,6.334619255033205,25.02883034777234,C
5.866084631754741,2.760751360694104,1.7420150867648287,8.552136262360012,6.098590605371569,25.019577946945255,C
5.12093058299281,5.131415015132771,0.4541015608370369,4.957924232990393,0.9648710704955055,16.629242462448516,Fail
6.993129211553038,9.151937114245666,2.6703233772149515,3.5109903499955744,9.634662434629446,31.96104248763867,B
6.5678010472429404,5.661859843173752,9.105160099320063,7.39405770718251,8.534935718467485,37.263814415386754,B
8.388538619040688,5.530378439896012,6.974254581555552,7.28891678129727,1.6319045938663224,29.813993015655846,C
8.973857174637148,1.4908974876824777,2.0261570069617676,3.3585140246135783,4.456498013243925,20.305923707138895,Fail
0.8579428489948948,9.604797515609775,9.440425017358079,1.87136139808327,1.9934283971219269,23.76795517716795,Fail
4.2024960180754185,2.988202348114175,7.004850100498131,7.330707735118515,0.8462134214257766,22.372469623232018,Fail
2.913610728377445,5.800435552980984,1.9963064867317126,0.08643821496913451,9.907812599667379,20.704603582726655,Fail
3.3734554676909267,5.212708068918691,4.273363899100506,7.585914560983835,7.895216204779495,28.340658201473452,C
5.824226582072464,7.716681063107458,3.6273686812087647,6.520366033936521,8.9928230727436,32.68146543306881,B
8.030455246758798,4.633834858663198,8.572766360412897,7.623974775461484,9.614773046181858,38.47580428747823,B
0.3671294348306664,6.919100266195619,2.786503405228183,9.184694001013575,8.371602038404454,27.629029145672497,C
2.4461627405226603,2.403057495159391,8.964322885091256,2.301039548771385,2.5616798613387646,18.676262530883456,Fail
7.8811893994521895,8.440563327871356,9.436600258034737,5.786507284152311,0.4619173956109668,32.00677766512156,B
6.704343337969175,6.105061740418192,8.064003601313297,1.5400470548211243,9.411360429419314,31.824816163941104,B
4.0663652688497045,4.6810204444960535,1.1102594821168899,7.562627109876129,7.410331022073613,24.83060332741239,Fail
7.1704793870710475,1.5509427086070948,9.062289371518714,8.754747749452244,3.653508216842545,30.191967433491648,B
4.983677727394797,5.066912010062987,2.0870041614180934,8.466396317724039,2.05182062542299,22.65581084202291,Fail
5.203236261913857,5.274410455577785,5.111738487177347,2.10390740217231,4.908026944251355,22.601319551092654,Fail
3.2679470585777737,0.1367765110464414,2.387136918487337,0.7440209493782213,9.572458683415508,16.108340120905282,Fail
0.8389796062890931,3.7803076687431036,0.7341882408462808,2.261946248449862,8.087091643431323,15.702513407759662,Fail
6.687532544498137,9.343756796404207,9.268033664397855,7.746007463887835,0.2519131427191146,33.29724361190714,B
8.371196278306522,8.697592495676883,8.048854979915287,2.762563456017686,1.8747427371364067,29.754949947052786,C
5.426960831582485,6.538299638276777,4.268427888956227,0.43034183306694396,9.01362243842069,25.677652630303122,C
9.785254683891406,1.9946268683305202,7.873824254158056,4.309148926788603,0.8261743080131867,24.78902904118177,Fail
7.475206367465049,0.5539073002093919,4.925116583336338,6.619640186141184,5.675065337421009,25.248935774572974,C
4.50536539067076,6.496631634695276,7.0016212481327065,2.910100294109561,6.65140876898702,27.565127336595324,C
0.7056874740042984,4.3550502745325925,9.299635757805099,4.818281098175908,6.792613226543476,25.971267831061375,C
8.025607481516278,9.247395651994635,1.4237446559261635,1.3647147062515075,1.0471847116866473,21.10864720737523,Fail
6.712708252291325,4.189936853102311,9.57324848527204,1.393552582606905,8.25297411019376,30.12242028346634,B
5.413353827012672,7.126210793483219,0.5769322148886213,9.48800250796301,9.845147773534846,32.44964711688237,B
3.978657030174272,2.4167122597260104,1.8129247201391252,1.5162652935422871,8.524800101446774,18.24935940502847,Fail
9.384476404104076,5.376246007473546,6.9132602701279655,8.994411978245862,5.236769720629788,35.90516438058124,B
0.7410542257486707,7.27242319569979,0.029801307823309475,1.5139346418444732,1.8474413490598363,11.40465472017608,Fail
9.459246440320864,1.1396198135815228,0.1859205862303337,1.3183316808497914,8.359558994960897,20.46267751594341,Fail
7.050632842053791,0.6110295648660358,7.137904504916113,5.366103232967017,7.169075951190083,27.33474609599304,C
0.973668937912211,9.815413930443128,6.864123437411651,6.3049127218726255,9.30296101471251,33.26108004235213,B
0.43159911950576113,8.059281534153586,2.0021599708450175,3.2363766833912164,8.107110989073822,21.836528296969405,Fail
7.349258473948942,4.8168232245519205,2.656697558564416,2.3378610364240715,1.1831141271603962,18.34375442064975,Fail
0.977072753867585,9.129854064310086,8.370028687209183,0.5947354659111881,7.610729072241664,26.682420043539707,C
5.74287575090211,2.2676955335076654,9.666499966821124,8.07580401404455,6.518800716730721,32.27167598200617,B
1.4730304427897034,1.5073699303116839,7.389715319532896,2.018476685437104,8.060204271662561,20.44879664973395,Fail
8.617856210135173,5.25102398142244,8.717390879121647,3.4273426986737663,2.1421715215298254,28.15578529088285,C
5.780750491848316,9.016441777703093,9.353443086576682,6.01051036228891,3.0876736600331824,33.248819378450186,B
2.229500085577536,4.677322711144704,4.432864835522295,8.054950979666007,7.266065225053029,26.660703836963574,C
8.232732126800302,6.726487394323711,5.086833276877293,5.942321252412441,1.2475985602594675,27.235972610673215,C
3.759712219291391,7.463726747923538,3.3974076823740083,9.171395151932842,0.1927197163878458,23.984961517909625,Fail
7.021460961818295,7.2575887545327555,6.6161149650839235,2.9534220226890673,0.1501972807401375,23.99878398486418,Fail
3.5232705425253927,2.3037482236602402,8.695697449426461,7.187089930641832,0.45783265163332754,22.167638797887253,Fail
6.95677663215339,0.8809285071188666,6.614720556049603,7.1170379454535375,6.760465849045786,28.329929489821183,C
5.727702766869458,4.605091599081788,0.847636602245635,7.050803918953237,6.840111438446408,25.071346325596522,C
6.522811128184463,0.989523016865349,6.955162563474939,6.955863480416035,2.088897262664551,23.512257451605336,Fail
5.8585212243316835,7.799157791054099,3.6793861167761275,1.8530579600981067,1.432628725238746,20.622751817498763,Fail
4.277731337358624,5.311094225441555,0.19529280296919027,1.8935578853839985,3.7420899419529965,15.419766193106362,Fail
8.616909037873452,8.931387183794335,2.8421058691906342,6.188901169800792,4.583430174922796,31.162733435582012,B
3.0430759182086433,1.9323599148486714,3.490937316824615,3.1121337180368447,2.8722236724491514,14.450730540367925,Fail
2.0353552248180486,7.591624811633812,8.25896269292096,4.4337813425560215,5.020952334139177,27.34067640606802,C
6.415796812433943,5.231922536086929,9.890963774569228,8.633529389667489,5.729071893683663,35.90128440644125,B
9.888405413036631,0.25025101563866614,9.119757436817586,8.114298926822551,6.334447282887446,33.70716007520288,B
0.6903693691137491,1.2323466800980398,5.775212879124432,3.601449727982943,1.8477263113925457,13.147104967711709,Fail
4.933415880523805,3.1708878727412557,9.714041531669595,2.45463258019441,7.882764421149684,28.155742286278752,C
2.0015421124936683,7.197872624682846,0.5220470959509826,9.344739302466316,0.9039099208220636,19.970111056415877,Fail
4.109329049627583,6.340369734136086,6.649810252380308,4.26990439227314,7.738304178508307,29.107717606925426,C
8.154614284548341,3.0372095359118867,6.909178219410328,8.362191377553202,8.22954875406459,34.69274217148835,B
4.838602188643114,1.6051541528069124,7.259224369960053,6.702031815564018,4.968953615618763,25.37396614259286,C
4.832942849663252,8.250389106233616,7.171713920582679,5.771594175860625,3.2601171165176126,29.286757168857783,C
8.088585390335654,6.670015326808647,0.5502771397236739,0.7514194956786002,1.9783050504077881,18.03860240295436,Fail
7.896736137927557,7.713801887202277,8.520366172817615,1.2633364142185965,8.226342309888384,33.62058292205443,B
9.691026301408113,8.749894950244215,0.5847926361591138,8.023539573607813,8.399395069380008,35.44864853079926,B
7.7447741927598335,7.512301889080821,3.1213048673851427,6.334378188697185,8.946206393445259,33.65896553136824,B
7.533129318792571,7.0940276971933125,0.5984718972688852,9.637734552603064,7.542852531308287,32.406215997166115,B
0.0735304455442698,4.57813650084625,5.007446082025288,4.373507049632278,9.040533557661165,23.073153635709247,Fail
9.846544775908395,1.589650940226306,8.240876121707437,8.545718068959795,7.242470472998113,35.46526037980005,B
8.925589984899778,0.942103636124938,0.7812143078974421,1.0082533605373134,0.0932550597489068,11.75041634920838,Fail
9.368224620330919,8.54916958559771,4.859884945659059,0.25507597953713157,4.780719044478559,27.81307417560338,C
6.733914790298352,5.297249468086674,2.965123516367174,3.459732261630669,0.5621442100679463,19.018164246450816,Fail
9.50772707731338,4.118974783621113,3.1401471024483483,6.4982206196782455,7.220460731816351,30.485530314877437,B
6.085272726964666,8.768477741541119,9.425902142769116,8.02801343967917,7.052033520018945,39.359699570973014,B
4.028732826326371,3.8573232789983325,5.528400087640528,9.71071930282969,2.591131058118753,25.716306553913675,C
5.588408709546665,5.401074389217909,3.088976022954041,6.830773179262786,1.925584251964374,22.834816552945775,Fail
3.4264514652252154,8.891449619957854,9.58309362702935,3.6933339780475705,1.3285583445875804,26.922887034847566,C
2.7325952699820935,4.412878027999434,8.716689092695127,3.3877634500953038,9.863455230903472,29.11338107167543,C
4.807140564843559,4.017852451627589,9.381595606064593,6.30073929696232,7.114981587134917,31.622309506632977,B
2.3207857786616506,3.283573523272054,9.372616097888756,7.4398642990023465,4.692780511323537,27.109620210148346,C
4.165658284822921,8.477902703628743,9.692459342110903,2.131008721584414,6.081183493670718,30.5482125458177,B
9.444485826943033,0.4001964073900599,7.137081022743242,7.623099273666036,5.139653185695876,29.74451571643825,C
0.6245759361907144,3.213523058152253,4.483363414581806,4.06098341669268,3.1542031099078303,15.536648935525282,Fail
1.9624571670616564,8.88325814702622,1.4909789446939492,5.97174359328049,8.519428602187867,26.827866454250184,C
7.483558536657398,8.403362382210831,9.032236249709362,8.93907106577483,5.107428616499083,38.96565685085151,B
5.638929210554023,3.2830871035791196,9.70641246749888,4.817440798981889,1.157148283436752,24.603017864050663,Fail
2.905045056714204,8.370077958031173,6.971445504103851,1.0188082793763598,9.746225396019199,29.011602194244787,C
0.9966392207677588,0.9309599854301709,1.9696810308937651,3.863092341154034,0.34481661725059065,8.105189195496319,Fail
3.867353463005374,4.274419208565599,0.23146251027063802,6.184484702528894,4.377786791253568,18.935506675624076,Fail
6.2358568800275975,7.272924772395685,4.971308034842128,9.176532959148666,8.792823174295144,36.44944582070922,B
5.383263720099121,8.025265348633159,8.139034722724935,7.012685794417175,3.5203152183860666,32.080564804260455,B
0.7103488904400213,2.5734198818953224,5.87389474456213,2.220330962188198,4.368142585766849,15.74613706485252,Fail
2.4723107440317706,9.17524727230348,5.561700680497534,0.7447748318903558,3.047921341479578,21.00195487020272,Fail
1.4224936868719618,1.2108129824146274,5.447755956720238,2.981311240826443,4.077876524921352,15.140250391754622,Fail
4.4210703467972,4.243381397962756,9.133047149587764,7.758605753793967,4.95869613082618,30.514800778967864,B
0.6616518883444045,2.9095843051796164,0.5732427086440584,8.329614298586506,1.749382446783464,14.223475647538049,Fail
6.07089578718754,7.7683136944828854,7.008024813019439,1.5596711801780982,4.018708020005471,26.42561349487344,C
6.3755747135521315,4.1674906062405315,0.6706562854137565,5.964756793950441,0.31688849541319675,17.495366894570054,Fail
5.640740288335177,0.8390254182819801,4.133422641488154,3.233975763532512,6.531538951838861,20.378703063476685,Fail
0.8693956069225417,1.4171520824757244,7.90477449141857,5.787633933021351,0.9558408116675032,16.93479692550569,Fail
8.264574661077416,1.9566629562534243,7.092620937795001,1.04411214753941,8.27087877458445,26.628849477249698,C
0.23110668467792195,2.171441578399188,5.784069497708648,9.71937992570468,8.856433155478564,26.762430841969,C
2.7592269438054684,1.2073835270898647,2.588303100692805,1.5629028098184117,3.2926707047147383,11.410487086121286,Fail
1.5652921341574122,1.3118510392079863,3.926450818362083,7.675834675428291,6.586518558565276,21.065947225721047,Fail
8.88272196511506,3.826411550655715,9.321019599743645,7.825070176859029,3.488851600321837,33.34407489269529,B
4.4404374920220295,2.2633083973707455,2.749591103969032,7.8098213687407245,9.51112717543369,26.774285537536223,C
6.74130295536063,1.3706794254044807,9.164653062325394,8.072455829934738,5.569612103064583,30.918703376089827,B
7.266709920703232,6.350245661416096,8.798567688426544,5.841399311660009,6.8901696838288355,35.14709226603472,B
8.445493985350703,4.691660485673986,5.886075856938554,8.409232614634595,4.981170203728008,32.41363314632584,B
8.000544079513714,6.191515515743273,8.380356018481747,1.3311161322235876,2.365559985123017,26.26909173108534,C
5.072348086883924,2.6011598301539918,2.0126360226089246,6.879829040075506,2.792277353055279,19.358250332777626,Fail
3.8551190473692234,4.83354303058899,7.252231627851354,6.019461625727632,4.248206329354602,26.208561660891803,C
3.380844093662614,4.8901738034659425,1.6345110898092696,2.0646600213843023,4.926275323004795,16.896464331326925,Fail
7.372276772498267,5.9825293051705195,7.492581153459287,5.025813088137891,2.950606709978908,28.823807029244875,C
1.4249554290151323,8.167452794726815,2.0753013541280216,8.729861363924075,8.664661472904807,29.06223241469885,C
7.984535050511905,8.600167529095454,7.718631310005108,8.189605029436212,2.7862014757761044,35.279140394824786,B
2.057943769894217,5.065538158814177,2.5398744920502168,1.623194953220275,3.6470463222306435,14.933597696209528,Fail
7.371324139566391,1.0001809002432227,5.6234788893532,0.9653255551189388,8.962719004132516,23.923028488414268,Fail
8.727302504846019,4.678699136339316,9.528876128848596,6.020994855533104,3.665845354756975,32.62171798032401,B
9.840834691992951,0.8897553586933837,4.704134760448099,9.615792611591885,9.003191216633942,34.05370863936026,B
1.9648696695621115,8.673455047021125,0.541154678036494,1.6682033591600731,3.4577936909229057,16.30547644470271,Fail
5.879916294638328,1.5116195818822653,2.4986494271936674,8.946261889843734,5.557023156952715,24.39347035051071,Fail
0.8337905376875954,0.929116613297033,7.32463912934035,1.656738979576241,0.9773923530627415,11.721677612963962,Fail
3.041552544854651,4.63244145483808,0.39102435342243336,7.289882951455372,5.375554226322046,20.73045553089258,Fail
0.2564206580643569,6.762337350404774,8.266830272711708,3.62024526857741,2.4566932845424274,21.362526834300677,Fail
4.48160873369002,6.522565177735441,6.16412820093165,0.8026459052524759,3.6650912770698563,21.636039294679442,Fail
5.5526332260794025,3.815388424735465,6.4219970800574835,1.4570977286872888,9.25212706696798,26.499243526527618,C
5.030683226320281,0.4016781395058122,2.916218893674447,4.83435057640221,3.136218295403246,16.319149131305995,Fail
5.270709385134583,4.571205742680441,4.4806940304534635,3.3425208274860307,9.570668750624415,27.235798736378932,C
7.5982365842838835,7.360540144827896,7.403284847553586,4.898511732168032,9.149152418088551,36.40972572692195,B
9.69470433275369,1.881999816798623,4.0483213398522535,4.256852391184339,4.094601641851863,23.97647952244077,Fail
6.141862443190114,0.43223151417778993,9.856598475582384,0.6537357044630365,7.74409789268012,24.828526030093446,Fail
9.656531747664124,5.851831414984135,8.213617926691576,5.519360472466593,4.761399855903964,34.002741417710396,B
8.206415603544787,7.839607870610179,4.201030314057465,6.984673664116263,4.9961136894624625,32.22784114179115,B
3.143559810763267,9.81415721833664,3.083892129016607,1.162038629973171,6.550744330011887,23.754392118101574,Fail
0.46965966775055046,7.023961425404268,9.447301283260302,6.49366681137815,5.606825264240842,29.041414452034115,C
0.6709373262987872,1.1116933275384122,5.580482412457673,4.437633015093759,2.8994690286279945,14.700215110016625,Fail
1.0445451810015138,2.225297824988858,9.749745626029103,7.782734939976157,8.092418168001501,28.89474173999713,C
1.582407418152627,4.156014668646678,8.963433041346933,2.421132408326333,1.813578486078259,18.93656602255083,Fail
7.497257467835433,1.880487531469086,9.037419493093276,7.651218034658861,7.297080318117405,33.363462845174055,B
6.193899693665019,0.7361826153368167,5.319689607791834,4.855405998669826,3.6062347480709223,20.711412663534418,Fail
4.327291360197046,6.933950025983777,6.639000921162911,6.645536639564066,6.019907169345467,30.565686116253268,B
6.48256954077822,0.044016090037862776,0.6057008316394452,9.165923653643954,4.075643122381304,20.373853238480788,Fail
8.634914504628183,0.4891182527848703,3.7852304346325316,0.0597484072593657,6.1523625356819505,19.1213741349869,Fail
7.288614422699469,7.64563718057102,6.209664277671586,6.126322077892984,6.4974869877109835,33.76772494654604,B
3.3197150473584545,6.9460761162672835,7.690970925853038,8.564776938434237,1.0795817625538906,27.601120790466904,C
3.3421533726011465,9.719056826516706,5.038982044028466,3.624494640139333,8.857723912469462,30.58241079575511,B
7.748584021819559,1.5087804682460448,2.2149485232884047,4.568745219910437,3.553103667758055,19.5941619010225,Fail
6.633626109564928,5.198353671551348,9.475873997767074,3.397327053450291,8.498437319035123,33.20361815136876,B
2.347544217249713,4.720778346800132,5.156399740198452,4.0800342532969855,9.196073225243904,25.500829782789186,C
1.4745252670628395,2.7244644110883165,5.5038323530837285,3.5334867086613975,5.92423822077805,19.16054696067433,Fail
9.437663822120143,1.5854153559161044,7.116807696613873,7.54093158264862,0.3597364969938166,26.04055495429256,C
3.388606493387516,3.8291640732977408,8.469234181097953,2.23369051657887,4.784699767620504,22.705395031982583,Fail
8.207358408157303,9.903977960919647,1.4820413266871335,0.607552730899803,8.591247282515013,28.7921777091789,C
5.738658496770963,2.9814297114814026,4.663641188326113,8.875905625316719,6.927134638762467,29.186769660657664,C
5.7654498995114,5.651975211777511,1.374594390853764,6.939275814876245,1.5550155172858315,21.28631083430475,Fail
8.700249255201657,8.94558002877383,6.674991196239858,8.920521533188271,2.7619426561236136,36.00328466952723,B
3.4450589339406323,1.352286541180523,6.116090627949935,5.219119302768327,3.5744795476593705,19.70703495349879,Fail
0.7928028463119174,0.12642601400018494,1.6210935543020144,3.2092550174334686,5.488017266010815,11.237594698058402,Fail
0.5637549665092711,8.921120156910813,9.367194793273512,6.116349540090713,2.500240394007278,27.46865985079159,C
0.3113408288451136,6.277327355622657,7.993251672586197,9.395404510306184,5.876365146882088,29.85368951424224,C
6.411476328852973,2.0246754209575,9.371530063257659,2.779869162011818,0.5984603858624693,21.18601136094242,Fail
5.8660173740456045,4.945862512026458,8.512519666342522,7.610199623959116,7.520087457798646,34.45468663417235,B
9.51423220845566,2.757296369807559,1.2278479811915077,4.837541516759025,1.9197940276874248,20.256712103901172,Fail
7.627990528758054,6.685131814678218,4.662481278433015,2.937735950418671,4.732793878877798,26.64613345116576,C
7.764474464997246,9.106125073726052,6.515926064807247,5.271920710877785,0.4758466563783914,29.13429297078672,C
6.407102247272215,4.527506518580359,4.190785300453842,7.916407775597333,7.734415610996611,30.776217452900358,B
4.0451952445823505,7.634178142206718,1.7623283815091684,6.279332130172843,1.9163886231518135,21.637422521622895,Fail
8.119462346378834,6.387234088170059,8.72617970196613,7.071839273124577,9.673252567953257,39.97796797759286,B
3.7783921372718665,0.972542158555324,5.780918387686846,4.014779826089589,2.4447184418721637,16.991350951475788,Fail
6.102251494776413,9.600126572527186,4.142442515210034,6.293505910275453,6.9216839372151115,33.0600104300042,B
0.8922216805723859,2.421721230472771,3.7793410634505307,4.4601174843412235,8.61567682659192,20.16907828542883,Fail
9.137274940064593,0.5967165568249666,9.380852595161539,1.470895183298,1.1304568905408297,21.716196165889933,Fail
8.933044937881228,3.8185762522183255,2.197104627150517,9.288075753949819,2.0948104160941883,26.331611987294075,C
3.350085699576958,2.254021147688002,9.920632895391284,7.356618825495312,7.7174236270444325,30.598782195195987,B
2.560211730615131,5.125839669342332,2.957090956049928,3.2579465976080515,9.446637509339444,23.34772646295489,Fail
9.640288471655138,6.80213370933668,7.6150730967652365,2.876448863592307,0.2959727321213035,27.229916873470668,C
7.661571015827779,5.330432878885832,1.292963711713574,7.979927719914027,0.40579613905202816,22.67069146539324,Fail
9.269075621458642,1.6228082431402369,7.0582689528211,3.3496069730521416,0.8829716966669532,22.18273148713907,Fail
7.195584132654349,4.0065500177303175,6.0832834590449325,4.101495546725834,4.544822988678807,25.931736144834236,C
4.308875236618059,7.636319155471341,6.304065185610449,4.2274880397061505,7.401277102277271,29.878024719683268,C
7.60160929790159,6.519737139229607,0.5570689569342413,7.597208030624838,7.6290083258929,29.904631750583178,C
3.4695895037758584,6.244004874721631,7.895021761153926,7.38856934882911,6.892407219679578,31.8895927081601,B
2.342033709263341,9.324958745137396,3.204896372653623,3.484324182207026,6.5223933389031155,24.878606348164503,Fail
3.187525029320699,9.243163550074291,9.862498564718843,9.695752884813924,8.46729641707759,40.45623644600535,A
3.7546892846650035,3.496533804622377,2.532233075133896,9.938118130350443,0.3061476470633684,20.02772194183509,Fail
0.5050747083228213,0.23052783445210112,1.8045671678168085,0.6760203127910458,5.497363517962578,8.713553541345355,Fail
6.96029796674973,5.0139647859532435,9.482070618154644,4.4075172333262795,6.804702621773714,32.66855322595761,B
5.448816860293935,6.239070328578965,0.8273406343452183,8.907923537367076,8.925688352929713,30.348839713514906,B
9.583276864813868,4.945154569583185,1.5993930943956403,2.6061137080809993,8.092895921098178,26.826834157971874,C
2.5349375325719037,4.715946722767938,2.8789077409521244,6.9712054745212,3.3281160418149183,20.429113512628085,Fail
0.166715505996331,3.6564216270421133,0.7881463914403419,0.26439883073913095,2.7899284750027045,7.665610830220621,Fail
3.8042000750756233,5.492512713778943,5.117949167011911,4.165931096831718,9.944618477442527,28.525211530140723,C
6.447199773818176,3.8107067643442227,8.19068824806407,7.738931389784842,6.746034511599999,32.93356068761131,B
8.137950197069486,3.180097048142981,4.859817845641028,9.574154865182017,4.481959177674338,30.23397913370985,B
5.126152441032,2.979574289583591,0.3317275703518896,0.8940588119920767,9.496834273044536,18.82834738600409,Fail
6.546211935154629,4.924422608665015,8.409420244918254,2.5681814763992703,0.9689869144560836,23.417223179593254,Fail
4.2549333444807536,9.51603562499788,6.398435062778967,3.166206831966254,6.807923269995851,30.143534134219706,B
1.4161135061789931,1.8514088504203552,8.728793133283332,4.315590711710837,8.433957380496013,24.745863582089534,Fail
4.8978586798824075,1.4331003627561067,0.5475993118962807,4.895396852523033,6.296194490394306,18.070149697452134,Fail
5.989785081772105,2.0941981680028086,8.615903527724992,2.1804964018895023,7.149128266295598,26.029511445685007,C
2.4235369513676233,3.440997640297365,2.8705660611915573,2.2200483525247727,1.314807293797291,12.269956299178608,Fail
0.944429607559284,5.032283453861176,7.9002676164228465,8.675496606935285,2.657483575030042,25.209960859808632,C
9.449847855558431,8.71132121082168,4.575991308038691,8.11597237465462,2.394632389357878,33.247765138431305,B
2.187156129979273,8.527299652785477,0.21831876352423119,6.140626783536163,7.719931957400133,24.79333328722528,Fail
4.4973984245054,4.287514083413543,6.446420066063492,5.631985966066786,9.534793244825952,30.398111784875173,B
3.4041155611425964,3.6147833409427554,2.314531713196404,3.0876752864435653,3.543280557684829,15.96438645941015,Fail
9.030975070493097,1.7181617830127693,1.0382708601111934,3.4166914004441686,7.627374676970476,22.831473791031705,Fail
5.058092225923297,5.960985276700957,8.883944175470226,3.2364416810994556,6.224464595729414,29.363927954923355,C
8.054323292999863,0.8947838298241739,4.675709622524175,5.367562386668164,8.875969176082204,27.86834830809858,C
1.6885928936703531,9.646855564468417,1.00352713906379,5.797934606979056,1.6870697807449753,19.82397998492659,Fail
3.9109224414822052,4.540652563320121,6.685200483882765,2.1282248565215154,8.031343567993229,25.296343913199834,C
1.368186309189614,6.986569800812401,3.136609091756686,4.378182966056196,7.676170438976348,23.545718606791244,Fail
0.9476847103459396,3.2993002084247482,0.11211023247280294,0.3099257994083482,0.6467922572660423,5.315813207917881,Fail
0.6697361202527152,5.325148697565201,8.633865647893623,9.157733589927702,7.311299986056335,31.097784041695576,B
7.798453951511436,6.002186110619694,0.4927875002908966,4.876077600551566,4.020922652413825,23.190427815387416,Fail
8.5218150031854,4.0189870795596665,4.820831988871461,9.926254734858617,4.9568814621724435,32.244770268647585,B
2.322126951468173,4.515463609730564,6.4403927252641004,6.251682323299085,3.0640182924796013,22.593683902241526,Fail
3.022767004964485,5.963798327023657,1.3801460547566624,8.770745816606189,4.27588073647322,23.413337939824213,Fail
4.585185621870154,2.5700623222243224,4.943967027742624,2.9098181626582886,1.0182648093835478,16.027297943878935,Fail
1.7522177210582734,2.1748435386297804,6.2904699358705045,5.600041612552491,5.132006045467552,20.9495788535786,Fail
0.8387373855201208,9.539059994272854,3.824350849805105,7.141737450763951,7.45085930652749,28.794744986889523,C
6.486389567688155,2.8039417859035054,7.708956832795819,1.3811147974501004,2.7006607155180653,21.081063699355646,Fail
3.980052929545028,6.982329898131301,7.064556853165806,4.313202585893308,6.599041200254901,28.939183466990343,C
4.4885136565200305,6.624984583613046,9.05414813336102,0.43531361788017864,9.244269547116623,29.847229538490897,C
4.484078410159329,3.6947872363373326,2.1304674677215862,6.523740979753523,0.4554866406204672,17.288560734592238,Fail
2.525860066847242,4.941004157584395,5.5872726872575935,2.789020507218216,9.855058148365508,25.698215567272953,C
2.739148706299037,1.8448787716439774,2.111563775406804,4.849607856533958,6.608511487903874,18.15371059778765,Fail
6.93400853429044,1.725857940492721,7.398163343882102,4.927179011419678,0.9292734001550429,21.914482230239983,Fail
8.53317186666586,3.983776756594306,3.278009686421096,7.720835424443077,5.899519830976134,29.415313565100476,C
0.9972620385336795,5.112140674591639,6.0444091634189405,7.05142438948597,2.1767503175891223,21.381986583619348,Fail
9.47090667108519,6.243355265512055,1.909820305402029,9.081983394580183,5.633813206269976,32.33987884284944,B
2.4240973241508024,1.9301498540569861,9.825878115518009,5.234580838648993,8.733152288693674,28.147858421068463,C
0.14315277667059978,3.1340556147455634,6.107842698045377,9.934359513615961,5.520979869873974,24.840390472951476,Fail
8.569501298693881,9.509681864523994,5.428949813566215,6.809716237204345,1.420298115494114,31.738147329482548,B
1.065982531337718,8.786975838260759,1.410789215193744,2.3232166518671624,3.5379766336794862,17.124940870338868,Fail
5.151670283865888,8.431099565764026,7.385232465713937,4.958437211885572,9.033279216189536,34.95971874341896,B
1.1586905952512971,9.784944646717907,4.128592706170728,3.3260514923204187,9.652169766606585,28.050449207066933,C
5.561906926300116,5.886917203634045,0.5833327228480167,9.9285609389273,7.2111893258,29.171907117509477,C
8.3629131310246,0.20249379790092115,5.615290730544427,6.092244999235018,3.9454750448487,24.218417703553666,Fail
7.1793702362256955,5.62336327391778,9.566620807447695,4.955690112705492,0.9196155269916162,28.24465995728828,C
3.8195801904526885,6.771449373291631,2.7640165633622917,6.0435063630402155,1.6801748699838481,21.078727360130674,Fail
0.09054161580370979,9.09040941314236,7.9153107116505526,8.400990156676928,0.250069703359056,25.747321600632606,C
5.708774168394762,1.984007292457164,2.938429187596653,8.88492936557005,3.0977754082923337,22.613915422310967,Fail
4.606727916549932,8.755566543496062,4.393305027932003,6.023791836451775,1.9787296804563392,25.75812100488611,C
1.2693605767417637,6.866598739832943,0.06590162829713031,1.4582718419580798,0.3000110517813681,9.960143838611286,Fail
7.102427986233115,6.7018546741120755,1.5916019772222634,2.7910479553955514,3.478525559422194,21.6654581523852,Fail
3.6176831192256587,6.286843334246049,1.1829889004072147,6.495511839914658,9.554214626439148,27.137241820232727,C
2.374334683748063,6.106427509216448,4.342277769929721,6.047156081539724,7.862960561131396,26.73315660556535,C
9.472485773838587,7.160934824899615,6.766583044949845,9.987804057487237,4.912914225452241,38.300721926627524,B
1.8015864773261925,4.666343699501871,3.3701781216078763,7.298489027491884,6.171471810005224,23.308069135933046,Fail
1.3300979890732878,3.1197154243242076,5.835801862336886,6.896032862029622,8.85340950847468,26.035057646238684,C
5.643010646698302,2.046916746217904,8.725684612518537,6.43225105725295,2.6629498377508165,25.51081290043851,C
6.657652402653673,4.8917996154703625,6.303044775601958,8.741355069947955,2.806610469806748,29.400462333480696,C
4.839893681797472,1.9764778111961534,6.8323554513816775,3.1282911677700644,8.375540750429986,25.152558862575354,C
4.32497878330132,4.955091773306383,9.82090317524288,0.8857765992995514,9.516194099121801,29.50294443027193,C
2.1070496386720317,0.12657828484162192,6.595469950926396,5.8900325779062825,9.811744233604845,24.530874685951176,Fail
0.7455064367977082,5.035768963385915,4.1572789927953036,6.333647922608,4.272347325488707,20.54454964107563,Fail
0.0638587171683358,4.858205588603991,8.661065613045421,5.077572158590171,5.527058426461825,24.187760503869743,Fail
5.4671027934327965,7.571505803074392,5.160618223609771,5.820309197786347,8.284380027437223,32.30391604534053,B
7.987832357736654,8.022888163636875,4.664470897588911,2.8500323208748988,6.095381531379492,29.62060527121683,C
3.604745051415539,0.9966115273124865,9.625287065865553,8.753799779190867,9.868216169994465,32.84865959377891,B
2.310747965880714,3.745361524510411,3.1456224046153247,4.930059060055663,9.871959744186862,24.003750699248975,Fail
3.6870717086479523,1.7984444683554124,4.721836066344674,4.916227306116486,7.220187749281671,22.343767298746194,Fail
1.9644131522278585,1.6332240971430856,4.915122572262516,4.608269893227228,1.2145772167282498,14.335606931588936,Fail
1.541450431784871,2.444522102566621,8.784858477569102,2.2718955298969656,0.9624587879348379,16.0051853297524,Fail
0.4960590834948275,5.1150836476563875,0.228207300148473,3.5423972414653537,9.294941674200807,18.676688946965847,Fail
4.069079607228706,6.863722327726434,3.6656171987149024,9.091340755568451,6.5392581186776555,30.22901800791615,B
1.0613001930901944,2.43495259185182,9.863247086457958,1.7747223826095038,2.689202764635412,17.823425018644887,Fail
3.7973740482164873,8.073143007690524,5.570768419744303,0.5502423557133329,6.0035555078316625,23.99508333919631,Fail
5.41704812410004,6.144100093171659,4.531254069036049,0.3606189227916712,4.814970203016184,21.267991412115602,Fail
7.610059829495554,9.467897767251591,6.779079397348445,2.255754173270211,2.654381912712714,28.767173080078514,C
7.948113035416484,5.1259092526729635,7.380418050142063,7.2082348956660045,3.739964062276951,31.402639296174467,B
2.4710323401014644,6.029088114246855,1.35070356305934,1.531206525809874,6.7412922911269435,18.123322834344478,Fail
4.951769101112702,1.4077045777121333,7.52046927805861,0.8300419747859478,7.231240308330616,21.94122524000001,Fail
7.222525683930662,7.489176404785196,4.5366984696709745,7.077633637968433,8.001254875113714,34.32728907146898,B
2.7454458474044463,9.708474014850093,5.999112626239146,0.8722159275041175,3.462067408870878,22.787315824868685,Fail
4.544827329553566,0.5537913414795792,4.2447650184894945,8.823663448720641,7.488956455116083,25.656003593359365,C
6.152194382310109,1.038737902788105,0.4545922559038451,1.7663451922991158,1.2863517189899942,10.69822145229117,Fail
0.3926941424165231,8.487363277539679,9.713297002123198,9.467090567193205,3.167951705327071,31.228396694599674,B
2.5824438829895833,8.237242861369873,7.18392401783846,7.122943875664892,4.171118602095746,29.297673239958552,C
0.538982903937888,5.753817036099419,5.778778532500544,4.659121627536088,4.680338224120937,21.411038324194877,Fail
6.3001868061882735,8.91868204381326,3.221944239762873,5.793582314323266,6.541203653380176,30.775599057467847,B
1.0796244811083555,4.143831693562766,2.422176436635924,9.741149177385326,6.986502552219784,24.373284340912157,Fail
8.750086997439702,4.086759787921972,0.6202087044883886,3.4799131531118443,9.146134491814422,26.08310313477633,C
3.732517916293401,2.936764133584362,7.7936583574787575,6.2388315512404455,5.259314943609428,25.961086902206393,C
7.174035554052103,6.247999220727483,0.7358148713877477,9.243453680396494,9.07224092655396,32.47354425311779,B
0.7696918300801736,5.635783427765489,2.578090484671929,2.8428660348064128,0.5155998291870845,12.342031606511089,Fail
2.713490317738959,0.37747316967433386,5.732595702642831,0.6381359040546664,7.787879160652508,17.249574254763296,Fail
3.1283419752422006,7.760489588693803,5.255051431507941,4.090553813126254,9.112260340036341,29.346697148606545,C
4.840205725094041,3.7699323536663485,1.3658893837642394,5.449822808497904,6.361380416137114,21.787230687159646,Fail
9.016312294863601,6.311742040090069,4.692718463629291,1.7669600887506487,0.5347846005190005,22.32251748785261,Fail
5.052523724478571,1.588526919439558,9.443976950101415,0.07754278173163542,9.852256677254061,26.01482705300524,C
0.14393488629755868,0.8900317798267965,7.65458447246864,2.5199153014988065,9.851270692824999,21.0597371329168,Fail
5.387017979527142,0.7433087235358016,2.4371169628118583,4.118243525339439,8.841450865293176,21.527138056507418,Fail
5.047543235655417,0.6929264946664215,7.136930471456788,3.834255548387203,2.7003419089995595,19.41199765916539,Fail
0.902897700544083,9.154768812183315,3.668100947554688,5.733456214756034,8.425655775019036,27.884879450057156,C
5.056967437813739,0.3562979539013933,6.946721084790532,3.137691915878138,2.3991430322198237,17.896821424603626,Fail
2.9980052756523587,1.126978604383252,0.7989940095189352,4.107333197113228,7.635938636237385,16.667249722905158,Fail
8.280432857742522,0.4664145092581107,7.988445872971748,6.723006386775276,7.540201262858824,30.998500889606483,B
4.549507768419997,4.397685038881436,3.3626387966251494,7.990306150844574,2.994094928674781,23.294232683445937,Fail
4.111443364799871,5.008699533821655,5.552030889142896,6.123499091480522,9.187899925876073,29.98357280512102,C
7.295214219764384,5.707687965859014,0.36832491514753096,3.1522101347073095,2.3574366615006848,18.880873896978922,Fail
9.747931621467831,1.646702625073051,5.010703207072771,7.868627237404655,9.912990786786533,34.186955477804844,B
4.711725593781418,2.5936582116749483,9.641249320200837,6.395258832179516,8.606277059379671,31.94816901721639,B
4.472025405048356,2.988030640832746,7.5156363177690935,3.4322775283536355,8.042645335255417,26.45061522725925,C
7.416414518360423,9.686629131467376,6.433024784941831,1.6339654706724183,2.0939289864805763,27.263962891922624,C
3.3490561465708613,6.513361058002055,7.4263428286752085,5.694444366906898,3.246228910498724,26.229433310653747,C
6.691541555348508,3.743370629601962,8.651439814378032,8.635995219214534,3.890397249259422,31.612744467802457,B
3.2235384497472297,6.264638552540559,7.747642097322419,1.6316742276244744,2.303142737129369,21.170636064364054,Fail
6.212924490496102,9.590070867644345,1.5931073552501496,6.088984132566231,6.68082027315009,30.16590711910692,B
7.720317859723548,6.81681590112417,6.021980796975485,3.6826804386715817,9.647024710600153,33.88881970709494,B
0.8892952275502386,1.7262727026922375,9.77629098302743,9.725395877678908,0.39418378296590784,22.51143857391472,Fail
1.4451522390695026,7.510704788480105,5.938812372144722,2.322246144223196,0.2217625656415967,17.438678109559124,Fail
1.2346357373073602,0.2864593131025661,9.334365905329529,2.7717317277051343,5.186423299175882,18.81361598262047,Fail
1.0691986437982137,6.942244891827255,7.686478356499837,3.735076297282024,3.9221400789649117,23.35513826837224,Fail
5.53427700787068,3.741051349563065,0.08073094817842907,2.8582474975496797,5.8660367339156485,18.080343537077503,Fail
8.117697880901375,5.332006643690402,7.7794330282742585,4.93302646452979,7.475079721923769,33.637243739319594,B
1.5727320817971535,6.929091515680809,8.45901667437113,4.233399706211646,3.5763219341428454,24.770561912203586,Fail
2.41601276435763,0.6893270212408908,0.5538853457805282,2.386058877840862,1.5362038137092215,7.581487822929132,Fail
2.3138063637684803,9.51032924748606,6.19094442193602,5.935201185448099,8.5499227599434,32.50020397858206,B
5.183239230398234,8.315453313427966,5.43177874874176,7.3323339790094435,8.043958015339438,34.30676328691684,B
1.0616035354746722,4.698899080414396,9.762096057964328,1.951079317256219,0.5273789628907177,18.001056954000333,Fail
3.2589014339364275,3.5990792749367326,2.930805445914376,5.815365592699639,8.672732197091927,24.276883944579104,Fail
2.8451195974244414,5.05810683519715,1.3084410410026026,3.465962292637035,2.7876680027862797,15.46529776904751,Fail
2.4399530235247227,6.228292369611795,5.134087777756729,0.4243509079570662,0.20524182145088443,14.431925900301199,Fail
3.7204356781220738,4.2749387199432025,3.8109984959262952,2.258579628056866,2.151964805394957,16.216917327443394,Fail
8.44209585776232,4.432573413593345,4.244755610707073,7.448662994885814,7.6475522227727035,32.215640099721256,B
0.6364090928664234,0.33174157755773814,5.8276511344354445,9.12890615482111,5.7799220648988765,21.704630024579593,Fail
4.189254495045479,9.664092961234289,4.0559621043580645,3.3541462802309088,8.226371531041464,29.489827371910202,C
7.881597881357064,1.1473596126091468,0.8637437952279448,0.6293850143894786,5.205229728628701,15.727316032212336,Fail
9.760705860319042,1.8023365181846118,4.265909451859348,5.793391107957477,4.5772953271215435,26.199638265442022,C
6.182180633162611,6.417754044410112,4.6856137613341255,1.9823792557702935,5.97740078257912,25.245328477256262,C
0.8838494698451871,6.344531397556031,5.849210947248297,8.240544896690084,1.9231781280399307,23.241314839379527,Fail
9.325039530973825,0.6224372615878093,0.7876951391490128,2.500774726557169,5.161092329855901,18.397038988123718,Fail
6.085715931739743,4.319334233634766,3.4208904120067753,2.951278098056874,7.036057426975649,23.813276102413806,Fail
0.7150302433163536,5.2483351380137675,8.367341825526609,2.3360952629056078,8.219572567228926,24.886375036991264,Fail
4.864827657324229,0.7398888420190508,9.516272257783106,3.616603921760989,2.5986951262991234,21.336287805186497,Fail
6.209155177674771,6.2162957804321355,5.6169337485147475,8.215685009737982,9.98036457979074,36.23843429615037,B
9.47623658520667,1.667455686259366,0.8524924501155029,9.001597071132855,7.9779828628657325,28.975764655580125,C
2.4165892081918514,8.174764393049207,1.7837500193609046,4.898833384988201,2.2317009785004926,19.505637984090654,Fail
6.100074170794857,8.62380384524274,3.9120344171442523,1.7249906002048931,7.504108986512672,27.865012019899417,C
7.378849848346062,4.260008105024094,5.398435225427023,8.437150506305397,9.077646516371683,34.55209020147426,B
0.18124041045729733,7.168841755972774,1.806365509475325,7.369571316696987,1.085738923884898,17.611757916487278,Fail
4.840770697102016,3.0605919821617587,1.3736865457490277,1.2522590120320665,3.457132889446913,13.984441126491781,Fail
4.422938054511353,5.2062246517145185,0.6438410592868082,5.669996517500745,4.128919402958655,20.07191968597208,Fail
1.0112267612279024,4.719373657552943,8.45386947592462,0.28835176078990554,1.4709405139686238,15.943762169463994,Fail
7.2344366235491195,1.724518398764654,5.633889305968313,6.8760088305744045,6.303918614022084,27.772771772878574,C
1.8677252823112933,6.7854202979075895,0.26289848880722944,2.7161679907800207,3.1255441720335453,14.757756231839679,Fail
8.21031947096431,1.2649095932025423,7.853699717110894,8.919352592396855,1.7282025543031931,27.976483927977796,C
9.07566473926093,7.030316999741315,6.263651078809057,7.541032479507565,7.622816845778577,37.533482143097444,B
6.616842883998565,1.033004778132799,9.288898266555178,3.8884399884653598,8.29164915995099,29.118835077102894,C
5.538022407123763,9.502840501704856,4.894451812312478,0.17114585872163968,8.97245478884261,29.078915368705346,C
2.7262400073353374,1.261026959874093,9.187645436942262,9.52514905693093,2.6061702796880404,25.306231740770663,C
2.7055925648799137,5.247075411822658,3.415830522895853,0.16032344426030187,3.8201921391298868,15.349014082988614,Fail
3.462660507879305,0.7102765800128108,8.25218356402942,5.057956242538157,5.549483770617768,23.03256066507746,Fail
7.249102718360843,0.6499026033876842,3.3952208647385462,9.299372032474059,3.6389273031597034,24.232525522120838,Fail
4.850729091426954,4.231181975477304,8.332736842131185,5.853410652753929,8.60088870415082,31.868947265940193,B
4.437502193045711,4.439166980465398,5.183582663019336,6.7553916216329535,3.73061708677025,24.546260544933645,Fail
7.121792213475358,9.063542110956462,8.331453038624254,5.191676888845621,5.44835743007943,35.15682168198113,B
1.691618938424202,5.976870299435007,1.0046621150850066,4.555085490319249,0.23578950556596867,13.464026348829432,Fail
8.465543224654029,6.260444704657165,1.3516380976741527,5.627812274860386,5.692702226144151,27.398140527989888,C
5.457496797794357,9.587846047250311,3.1918771012384095,1.2934063221849768,1.674699958685052,21.205326227153108,Fail
7.697466228570872,8.547783462955792,9.202582501117742,4.622341728484461,5.204984215032535,35.2751581361614,B
9.33875017527905,5.302475263662427,5.428108956481093,0.8645631509522378,0.5425636548157642,21.476461201190574,Fail
4.694348621540438,8.452517957571814,5.127447429600749,3.6696304197046157,9.441141479068454,31.385085907486072,B
6.874648040497281,8.340069130733859,2.4136085484707124,7.469410486633313,4.001388051499872,29.099124257835037,C
1.1347352124058907,4.705007190896823,6.69481004890028,7.968929647059998,5.871162144184673,26.374644243447662,C
4.141410682156662,2.7169461616925927,7.991443889716637,6.914444274153116,8.163672043171644,29.927917050890652,C
9.27900629862027,3.5976346169672646,2.6634111280240305,4.681646790071181,7.477553478624172,27.699252312306918,C
2.5933489731709445,5.078620376159938,1.7539033497361256,2.6579447348883924,0.8654561739945921,12.94927360794999,Fail
2.790082903477966,7.461505038267879,2.2340462463622646,3.739877850285617,3.6468008027372036,19.87231284113093,Fail
1.0075284395957629,6.739812723165507,0.10238002575995386,5.166856560371106,1.5794338767812766,14.596011625673608,Fail
1.4424002111810352,7.614475821271212,3.279195513714498,7.398341253467917,7.302885777603942,27.0372985772386,C
3.262539180411468,3.936761838890214,2.3207908818802214,7.91048314554793,2.3101316703644925,19.740706717094326,Fail
3.329502469623733,2.905032471986191,9.931570382255353,7.456668371560484,3.9381054694527586,27.56087916487852,C
9.217266694516614,5.395229435126496,9.055203785046867,7.025461729438121,4.656439341364895,35.34960098549299,B
9.332050877593062,2.264646916773949,8.917354610577936,7.709370374846785,9.547143676552967,37.770566456344696,B
7.722447692966574,9.363427533982279,4.199857984559502,1.1782285261993442,8.811868264358523,31.27583000206622,B
6.181282404578958,9.053731882624273,5.899606464760886,8.289539343066295,5.049469929965264,34.47363002499568,B
4.886431904046658,9.016533867127052,2.132348654455308,5.744409832063994,8.899656844165662,30.679381101858674,B
1.5482861259771985,8.393708635378903,7.607146278696641,1.3118754191801085,2.6694984662179233,21.530514925450777,Fail
1.447106361365199,3.5413063634769526,6.070599023910773,5.288805877655934,2.436620467598505,18.784438094007367,Fail
8.891305357048584,1.528281777258923,8.429280125432879,3.124186072217193,7.489076432935145,29.462129764892726,C
5.083116942766946,8.448160525721434,1.2344000969309754,0.49872540819374644,2.514984614613226,17.779387588226328,Fail
5.934964158218515,8.561495725959414,6.33042923475723,7.333399754526827,8.08913630499449,36.24942517845648,B
4.645827644392461,6.7886408908551354,1.339366988727243,9.160115471870448,5.1836363873748414,27.117587383220126,C
5.523661378172343,4.4945919318374115,4.02311321174162,8.421262495086284,7.686660560129889,30.149289576967547,B
4.084555814084826,5.964100265846462,4.502986262437467,2.3412564091857933,6.5704505776862,23.46334932924075,Fail
4.265919010543934,8.111085143428248,3.5528150259176474,3.978641301981952,6.476233870170266,26.384694352042047,C
6.589239419101514,5.437624559186557,3.040452696358076,2.519308046823033,6.833826894351941,24.42045161582112,Fail
6.317748436527554,0.8227189067620644,3.231449444353802,4.478991925230636,8.893920773052985,23.744829485927042,Fail
7.259556788702394,7.174344508782537,5.336245877266176,5.21527838554371,1.4526724792712786,26.438098039566093,C
7.9245666913926325,8.986563837544455,3.888864371758042,8.746789038981754,3.9349698108692746,33.48175375054616,B
0.34672704226066386,8.310844073565951,4.560677303972989,0.9304911298812923,3.8443056665569477,17.993045216237846,Fail
4.842661981097255,6.894891563269572,0.09577296130122148,1.4437970336572503,5.328068171089332,18.60519171041463,Fail
9.061110021324971,8.114075027006562,9.842612944157846,8.566889039943296,4.953087109901205,40.53777414233388,A
6.910558127392617,2.345441007480531,5.063615596305083,9.989697421987774,0.8356306621079224,25.14494281527393,C
4.502651934966382,0.6383099202611353,3.161070551278314,4.817335278921991,6.868740955763406,19.98810864119123,Fail
2.834611492640792,9.755766344355589,8.990973961417426,8.057984839073992,7.76914481950497,37.40848145699277,B
7.913527236523344,7.7373173693779265,0.9715974345719003,8.422411390757015,2.078017331532843,27.12287076276303,C
8.360789007952809,1.9785464967766442,5.226863911662612,2.0871949712626323,9.727497614828547,27.380892002483243,C
9.53402879382095,3.633337819162643,2.1473350238422837,5.304081234135628,5.407430471438495,26.0262133424,C
5.708539362787616,2.683783652771478,7.131539838929911,5.443899118738536,1.2289196822413262,22.196681655468865,Fail
0.5658565614671562,5.489386785186749,3.7985462876245215,2.5256972905392674,6.249140361371181,18.628627286188873,Fail
8.470608269838994,7.118820852292892,0.9488917523925111,0.9907786452015022,6.089798201757071,23.61889772148297,Fail
4.489117225927901,6.237219692791834,7.85682081776031,7.18463862068699,3.1063060410658103,28.874102398232846,C
3.793655982041866,4.506234145701252,5.510004857614442,2.7239095294880435,2.111944308545813,18.64574882339142,Fail
8.173053122132368,9.599365717988842,1.9424312143375777,5.024637593807313,6.935001527758172,31.674489176024274,B
7.892906546771047,0.01145950628256287,8.98318793327986,7.363945206528083,9.869694550592685,34.121193743454235,B
6.162907483541447,3.1954906287840656,3.4049208652853427,7.783977884116824,1.1812170486612805,21.728513910388962,Fail
1.6121881197512256,4.262809062545348,3.2199389632676487,1.3817278526310173,3.9809846640387736,14.457648662234014,Fail
0.14693388654953843,3.9745392566702686,8.228555236452406,2.0377437484549246,6.929005605390303,21.31677773351744,Fail
6.73092130911217,5.855140424810797,4.059614563395893,7.424283037280604,5.3995943187805615,29.46955365338003,C
8.452255581607398,7.132817223822362,1.2202172863117478,8.026407807774596,9.192423819415914,34.02412171893202,B
0.6845871933357806,0.6649079517476653,8.992221519747273,7.732125386815075,8.645658162598753,26.719500214244547,C
7.6652731622162715,2.7188832191852463,3.197484012265641,2.9241146510973506,1.7649846702153094,18.27073971497982,Fail
6.496328990472147,5.4188017327622,7.848683119938884,2.62267905499175,4.977461627157441,27.36395452532242,C
5.016991660064249,0.4928020144774492,7.602677763239621,6.780727815617117,0.09674361302829948,19.989942866426734,Fail
8.138291315928432,8.963645620810967,4.1293289848268975,4.200655988669486,3.531886320229931,28.963808230465713,C
8.57857783517489,2.338483690854777,1.4036273138610056,6.214531568282279,9.858908511923328,28.39412892009628,C
6.136041142374584,2.177290342470246,8.523478009526379,1.8390953587558523,6.992044277518311,25.667949130645372,C
8.940943025332507,7.127180029585496,4.3561185782222385,0.08246825273136027,7.1823293808087065,27.689039266680307,C
7.610239909429989,1.87173114926947,4.989240983592872,1.7051635854468161,7.720338675819907,23.896714303559055,Fail
7.915790437258485,1.8741128798377693,4.060057732820759,8.87427954498092,7.715913548429414,30.440154143327348,B
9.859341686249177,9.030130391680924,6.771159717815928,8.701419414094577,8.423656428557967,42.78570763839857,A
6.509734671509541,1.238805652955619,4.271439251099784,8.644293453507977,1.7776628488864388,22.441935877959363,Fail
9.38578239586033,6.469656840213087,1.1229472140989771,9.284107740382764,2.769586668974786,29.032080859529945,C
7.746526197930176,3.006205598556421,8.76954288982957,5.541792464226283,9.57114976335591,34.63521691389836,B
7.6230262450096,8.363692930100864,4.228034724488184,9.328270015622557,2.263921451832239,31.806945367053444,B
1.744092671114995,9.341553437930063,3.660005477505206,2.1501297133450006,8.310390118192245,25.206171418087507,C
8.32134177957742,0.6168029625309546,4.57319956210711,0.3382044317298316,7.996119128238497,21.845667864183813,Fail
1.6949274668609249,9.35217810170875,4.401327046176698,8.630674008104391,8.02619852451031,32.10530514736108,B
4.4844552197831975,8.25671445979478,2.0828558606423364,1.3318046270486283,7.812737544934491,23.968567712203438,Fail
1.9987297464944365,3.712349344741195,3.987653868298564,5.846470591154668,9.485018860968053,25.030222411656915,C
1.6972842857692316,4.424709269935184,2.52171105665186,5.903356586781924,1.3275431004426042,15.874604299580803,Fail
2.053329387067998,9.276382991901473,7.438831109425021,9.028384784266962,2.729861711578423,30.526789984239876,B
7.885972112245307,7.098954333814536,5.868099726353311,0.8432960983917892,5.37845929673931,27.07478156754425,C
3.251900642246949,4.814353459576055,3.883850446467406,9.847446628317465,9.289247580766565,31.08679875737444,B
4.316595462296794,3.8236459791671082,7.2032021328603335,3.1581937965130558,3.902755564231292,22.404392935068586,Fail
0.2458691645880151,3.896260173580104,5.94012700908084,2.8972555659448695,4.750898788355907,17.730410701549733,Fail
0.27536719869465487,9.720420941766236,5.783066494477291,8.603430611601265,7.350458064271638,31.732743310811085,B
4.391306608048505,7.513072956521764,9.981301159238253,3.842596300680694,3.939219086946718,29.667496111435934,C
4.9896794422079305,5.716823260992711,8.319776487488372,5.508629993083092,7.137791691695069,31.67270087546718,B
7.744856031197909,3.258355948449989,2.057705219543714,9.066223650367945,9.092963282245586,31.220104131805144,B
9.685373316998922,5.867547966913881,3.584257423801488,7.48799105103032,7.883071030264536,34.50824078900915,B
4.80890146603009,3.5247544159569943,7.81030704333919,7.169700461607318,5.76931587807052,29.082979265004113,C
3.8051770986989455,5.032704481005844,5.386724999816228,5.636949189837663,1.3235309185726274,21.185086687931307,Fail
4.196000624277899,4.913490902687853,5.955492804058533,1.5596401921829561,3.860676833603749,20.48530135681099,Fail
6.487653861593859,5.001480831643993,7.161110355892511,0.2012263184851626,4.001274502455071,22.852745870070596,Fail
0.7221318533518795,9.3778763045879,0.9060301600535803,3.442615410266028,0.8667904214720312,15.315444149731418,Fail
6.4557218142742805,0.8743269749364246,6.633258578816675,1.0485901437935663,2.2181934348998347,17.23009094672078,Fail
4.59239877596958,6.468056603490969,6.861915004846021,1.7122919366988643,2.4270031986930176,22.061665519698455,Fail
2.5903514410334716,1.8752804794656086,8.308452800594212,3.6342682803757542,3.7615895610936176,20.169942562562664,Fail
0.5227637227220572,0.7742226333284008,4.491763961563344,2.97965861420336,1.528275088440162,10.296684020257326,Fail
8.096742580880733,2.863965784275785,5.205653961413647,9.473980863470462,1.9258804673939278,27.566223657434556,C
7.690611331597243,7.861154478031324,0.2525456169115592,9.151462573581014,5.4399906174804435,30.395764617601582,B
7.975140452964858,0.8827819296840944,2.1320428276094905,0.2223994580810018,3.3989199752458243,14.61128464358527,Fail
7.024649705441039,2.4531049798597993,7.117215917272376,7.560413937141057,0.6436840502191554,24.799068589933427,Fail
4.3234622640334734,1.6071558489150561,5.47018614776702,1.8119605384534532,6.619137800671836,19.831902599840838,Fail
9.660475051286772,7.21909573992304,7.459648474782595,5.174152599623189,3.32702437111263,32.840396236728225,B
1.40324518193515,3.2618506127790923,6.309911542136424,5.430042542281274,8.908551464804248,25.313601343936188,C
5.527038900455401,6.955851743035442,8.150184978702507,5.877789918185049,2.7972065824156833,29.308072122794083,C
5.59744661333675,1.9275201041271228,8.778191725700715,5.628720754940071,1.7612860668992636,23.693165265003923,Fail
0.6801023195242051,5.041484897283163,6.988592305298942,7.226681359620728,8.569116470202951,28.505977351929992,C
6.587176387270222,8.521395638544757,8.218713548708457,7.286114416727302,3.477986133140325,34.091386124391065,B
6.778132003100442,6.5502469640509,6.829377976993461,3.7995438711233342,0.6385557426605171,24.595856557928652,Fail
8.735555762270888,0.8769670916230932,3.533841557021773,0.8146138839589079,4.353712011426149,18.31469030630081,Fail
5.5964868348691414,9.657915301069677,6.0626606353237165,2.288090036419854,0.2872713365393287,23.892424144221717,Fail
7.2893920010515725,1.4074336339115323,1.2905338650940612,9.639380394360398,8.845462868700583,28.472202763118148,C
6.229665835634828,7.584557473091266,3.4398297606109693,3.0012492809283176,2.9431267864313715,23.19842913669675,Fail
7.0468076273664675,9.304234931787779,8.049786047345435,2.960569114315217,3.7367767017238207,31.098174422538715,B
0.4758319254611243,6.862360281158181,2.806737102603348,1.1726736554258566,6.1405163824467905,17.458119347095302,Fail
5.276774662216949,7.477458209326279,8.270454911428297,5.216800325134364,0.38158973554040077,26.623077843646293,C
0.884925020519195,4.476238726655249,2.29206211162691,8.166215242927363,7.9048177866336395,23.724258888362357,Fail
2.3222469090134314,9.89206525798093,7.459668078860847,9.5763114266628,1.784370062407763,31.034661734925773,B
9.562211736436277,5.7591046741739635,0.7052205378860743,5.716032952360653,3.6308071121009498,25.373377012957917,C
9.902851705849413,0.10607423370319391,7.3491488215956675,1.068116772457537,0.3513533706227778,18.777544904228588,Fail
9.430758377447075,9.82040087590982,7.748602686966518,5.146635387419801,9.42600273358682,41.572400061330036,A
7.75877254469693,0.8650926893974753,1.8543124140473155,8.175076854055817,6.369555041574445,25.022809543771984,C
2.685796043329666,7.249131428523432,4.844713243773579,1.3028342042139018,7.338831354408689,23.421306274249268,Fail
9.747600813361952,5.993003890163725,6.603963636993826,8.340917963063003,0.19682706194301458,30.88231336552552,B
3.3156469906719375,7.5514305011614145,6.93362436701126,1.6172589247539815,8.898206513696504,28.3161672972951,C
0.11031264428647214,9.849378689708635,5.520766962812478,9.257189401671633,1.2111153869330182,25.94876308541223,C
8.583733797610623,8.269768772209472,1.4502246727019164,4.093865833022793,5.51477049190772,27.912363567452523,C
0.9664483428775228,3.5246278439923984,6.083829531497954,4.607253556042582,4.985825564345828,20.167984838756283,Fail
0.6379455625359787,9.128586899643874,3.4686187064728413,5.987831189772535,2.4616183752393983,21.68460073366463,Fail
4.765679435800186,5.27043996828681,1.2157302016074278,4.721778826475084,8.0326199423569,24.006248374526407,Fail
4.626797856696064,1.6540090450135903,8.674356023210665,2.0008214039808436,0.897193192064083,17.853177520965247,Fail
2.5339810755937267,0.665719473024351,3.4955811251102844,7.999461262084147,8.359972418449356,23.054715354261866,Fail
1.7530294235765964,1.155566988363388,6.336324372661134,9.192757577512014,3.562035980579197,21.99971434269233,Fail
8.383287047111379,4.1276307274879365,8.189483743113387,4.948946073737471,3.959555512242403,29.608903103692576,C
1.0448031675395808,8.215398609256521,1.0993457005684626,4.744489045624741,3.370559899331138,18.474596422320445,Fail
1.7708225539728983,1.9728830871706848,2.6659757683041727,3.886477231581985,9.780702798183924,20.076861439213666,Fail
9.833407684142266,6.114342367394741,0.39926251111150557,3.8183556489576254,1.0686992770778903,21.234067488684026,Fail
0.727362617771965,4.914137546228817,8.046117010253408,7.351425353471239,8.22204150848802,29.261084036213447,C
9.871000859241166,2.209981575236352,5.095294466308278,4.4529406393769575,0.3089923293686503,21.938209869531402,Fail
7.009691314591199,3.631891960908492,6.095015963905811,8.908053737012342,7.55135709770984,33.196010074127685,B
1.9524060295649204,0.03504663531058272,3.2070409336356933,7.732425032788149,9.681198015274306,22.608116646573652,Fail
7.9518619476870365,9.08258554677066,5.37630676603545,3.8380614309947947,9.488079760021272,35.73689545150921,B
4.237382536487628,2.634036119558445,6.174363798900692,1.5223330243044886,8.10525784364687,22.673373322898122,Fail
7.038570916343312,0.2885791333612453,8.165672097392378,3.25799718970492,0.00016736257934746313,18.7509866993812,Fail
6.825117301162002,8.429724020485631,8.375852231207793,7.055896633791784,5.848840339691468,36.53543052633868,B
8.802517732816872,0.44858336185385816,7.249394406104555,0.409993481596308,4.941828697679683,21.85231768005128,Fail
9.025529066795666,2.7871371514114895,3.49104115449581,6.642497838951816,0.4089368260208137,22.355142037675595,Fail
4.666931208844084,4.904595251574879,7.744809584543674,6.30541004542351,0.6574040243955392,24.279150114781686,Fail
6.718927435987284,0.8077921387434361,6.284074964385535,9.654571431781466,6.970268873161803,30.435634844059525,B
3.945723153189238,4.979380533956062,3.7786599156172205,3.2097860598372483,0.4816796835148307,16.3952293461146,Fail
6.925728000775818,5.437267348301647,9.041404723322756,0.9745610857950349,7.022560271046094,29.40152142924135,C
0.6904590631459973,9.586977413653985,1.1805889976181416,3.670815670089713,8.70793546077083,23.836776605278665,Fail
0.037196608180591895,8.83152986371832,9.153315835685166,8.20749024411289,9.25828621311376,35.487818764810726,B
4.303465323722005,2.0316003836420893,0.4360338358621263,4.605552954737462,6.381345926459039,17.757998424422723,Fail
6.287340150599929,2.570818218513682,6.5223794436673295,8.123008501490697,0.020520415206412013,23.52406672947805,Fail
8.349737856829623,3.488667217951773,1.1069559569569154,2.4812502904226887,5.554877749420309,20.98148907158131,Fail
2.865412521282844,6.190930952711197,4.205103580765322,4.927622733435041,5.8789390821743375,24.06800887036874,Fail
9.306722555623983,2.672072767565691,3.2975309228776553,0.7656361466490236,4.938848942633259,20.980811335349614,Fail
0.650007889488885,2.5696885389927084,9.87971221221352,4.734955353166239,7.516526846298131,25.350890840159483,C
9.09943143854392,2.0170455738644177,0.9500276182293066,9.394625693234346,5.193902359440692,26.655032683312683,C
6.220294792520092,4.289237077401594,3.650512693597051,0.9492723597104424,5.794862993055433,20.904179916284612,Fail
0.7379656473539886,2.9464890306250044,5.859691786998955,9.685586915273413,8.778714276763838,28.008447657015196,C
0.09538954025544943,2.3648398592275424,7.0191789346526665,0.46467445962239173,1.6253483264775082,11.56943112023556,Fail
2.2642960508764998,0.033839865739774266,5.964533811620116,8.917208757399637,7.251587659423253,24.431466145059275,Fail
7.925397676213367,8.358513211799544,6.028873890046725,9.643945883392814,4.50809575703439,36.46482641848684,B
2.420220799808772,5.256310280003697,2.1683421769299063,1.6846660523403545,8.466271078388726,19.995810387471455,Fail
4.650353247306728,0.9809436624098145,0.24613005603426275,1.9461331067549281,0.20413093225159273,8.027691004757326,Fail
8.16599439471577,4.864090989910865,0.36746876623554137,3.0736058129589985,2.173569394596333,18.644729358417507,Fail
5.442539661136977,4.119596798957988,1.930722737967313,3.9604191592486435,1.7340463771130499,17.18732473442397,Fail
0.31174909111921223,1.385474424446943,1.8909152050378042,8.669425063457645,6.776203566471365,19.03376735053297,Fail
5.218308753051893,3.8303835041826186,4.329787660574969,2.5582870454703954,9.206460351784953,25.14322731506483,C
4.434391028360441,2.8465539349359203,9.150784018170167,9.400265220310551,0.6711653826042574,26.503159584381336,C
2.7913047077426967,2.13712974852579,3.1931685041673576,9.76276715971627,1.0900798620070984,18.97444998215921,Fail
4.395629417728987,9.762312567009744,0.6085915180478074,6.993791901477088,4.6546223408050444,26.41494774506867,C
2.307345902070538,2.9766450592931424,4.213221983874444,6.374709350239135,1.4904423026041924,17.362364598081452,Fail
7.57776560375158,0.5717965453026652,5.039586376846784,4.7932507175374095,8.357847552426293,26.34024679586473,C
8.586981212445739,4.927488961293377,4.275221545602536,9.536991970119054,6.915672491353783,34.24235618081449,B
0.19155485551252904,7.943523292476752,7.184742147759252,7.210876086977921,4.924230855683833,27.454927238410285,C
2.232554010693609,3.42889329596056,8.527233778347565,4.810012537137689,9.516256604732565,28.51495022687199,C
2.2461561184385195,1.7265740109758976,4.8858114497504515,3.146948633033413,7.680497242692065,19.685987454890345,Fail
6.569551562671395,0.04644483084988771,4.5813836292413965,5.580965748906498,8.755235232204683,25.53358100387386,C
6.369023174547433,2.304219718143372,6.2439276429584245,2.177387196844114,2.2711787843881437,19.365736516881487,Fail
0.5233285730066284,8.797669379095653,0.2722841233684836,2.1274883984850868,2.8129070417549507,14.533677515710803,Fail
8.354861556432962,7.369795957211517,2.323677242396486,4.339733679938007,1.0178708528835867,23.40593928886256,Fail
7.14718833502036,0.31534628131224096,6.086901292003547,8.970868560191548,3.5207011046505867,26.041005573178282,C
4.63936263454891,2.7687051696515663,0.13497270884270662,5.120969574551339,7.535493470877494,20.199503558472017,Fail
7.072386343133986,3.5121701963848806,5.2520606945708845,7.139279481853057,3.559571634322616,26.535468350265425,C
0.11526014052985256,6.865809280212877,4.680007010813227,1.2408068097685598,3.3788990877128633,16.28078232903738,Fail
9.375503374073386,5.07002990496172,2.0645490504270603,9.293501781836675,3.2956473265113564,29.099231437810197,C
4.746308757498139,5.902533652596944,9.72619463222973,5.484581420368935,9.977250981059605,35.83686944375335,B
0.8857833963664408,9.791121697448023,0.2555428464937948,4.067668959916402,4.986220875483217,19.986337775707877,Fail
9.868869366005173,8.940546052038865,5.945984539489779,9.76359099631306,9.697360822874293,44.216351776721176,A
4.690603402211536,1.9303616221432107,3.5951769212254048,3.132922531596556,2.0676064864713672,15.416670963648075,Fail
0.6220322616470275,3.253904235612395,6.3404837643636505,6.844367641854154,2.2266961626485093,19.287484066125735,Fail
7.7132314321685005,8.345719568709471,5.52043456872418,3.460730917748057,0.7484840741361876,25.788600561486398,C
6.951445540475937,4.142005543046434,6.30516985213998,5.878450964526611,6.184782942569365,29.461854842758328,C
3.320007021176792,6.276247009230531,8.909100967221374,0.9603681188138458,0.3234245131768465,19.78914762961939,Fail
6.770737126584479,2.080466542662692,8.817544848758093,6.913231605675971,6.668710652065414,31.25069077574665,B
9.877223897360315,3.0022711154138637,2.433832792606089,5.467159459447247,5.794028299670617,26.57451556449813,C
6.236487782902661,9.739355741044275,6.304160284191185,4.2755894359723765,0.9661506853966184,27.521743929507117,C
3.836090403551584,5.103754066288621,4.053520340221738,7.6066694434882285,7.455132623435174,28.055166876985343,C
4.221922338806781,5.060053347669376,4.217814846854294,6.806145194641273,9.126496129348102,29.432431857319823,C
1.3181037349745917,1.1819681051498543,8.428926739468967,0.6180109277958035,4.2948274908113095,15.841836998200524,Fail
3.1758679526111666,3.88427221227857,7.796843653655779,1.7188774950322783,3.0469761357318492,19.622837449309642,Fail
6.652728362369108,3.3359958084227728,4.444356097745388,2.9843812688511493,6.210555545150412,23.62801708253883,Fail
5.4669741271407,8.110216892922269,0.9062443672021492,8.04775009777321,3.969244032327296,26.500429517365625,C
5.581711838904408,2.3632601760945793,5.126614453672974,6.737774835199971,1.3460503451883643,21.155411649060294,Fail
7.806993041716287,3.8416018309248168,1.7608595841676111,8.23575691312951,3.6934956216085046,25.33870699154673,C
3.024195112785364,8.593602247528214,9.825603619264701,2.4575197097118764,1.5508215557279414,25.451742245018096,C
0.9128667678613356,1.5397412974382907,4.170352245131708,5.7663279788376425,3.5160078466832703,15.905296135952248,Fail
0.8159872000483837,9.746092108632416,9.28371843721051,7.944314345690218,7.491553535420859,35.28166562700238,B
6.860911539434868,8.378257199236009,0.04275124660490959,1.1082556629151974,3.4660323179166053,19.85620796610759,Fail
3.15668481164066,9.666149922642141,6.090589161941482,6.877091886413322,1.0539640579240184,26.844479840561622,C
4.193346804192883,6.1966415161970865,2.610403333069965,1.5916677308572669,6.810162607270125,21.40222199158733,Fail
5.66605258905463,5.687691025228773,3.474383632484667,6.727886939143344,3.3476317348458204,24.903645920757235,Fail
0.6569485895436578,8.114530304136906,3.462742664774084,5.964513964185367,1.1258482846627937,19.324583807302812,Fail
5.538542844013207,0.5001882090218635,6.063453054846118,5.015949999579754,9.248168946178259,26.3663030536392,C
4.98195716453139,0.27631832855930627,9.056796353769807,1.1653282059212633,5.976424371659867,21.456824424441635,Fail
9.884209939634811,7.683649926926005,6.549035322851401,3.7958325197787945,3.1128136186650446,31.025541327856057,B
3.2166247139474704,5.307591771858249,4.110244006653927,2.923348250729789,0.352289098507218,15.910097841696654,Fail
4.376031240553919,5.455625441677579,5.230609089730519,1.870322300058228,0.8641205211886827,17.796708593208926,Fail
0.5227910326875962,4.937694913726616,5.097833657415842,3.0020273535354844,4.650766031571038,18.211112988936577,Fail
9.398321236134752,6.061935374241404,5.599404390366764,3.479305810464729,5.040394081581917,29.579360892789566,C
9.654486346006212,1.9982092034136412,3.661534627172766,3.1575186813902323,4.278501507046225,22.75025036502908,Fail
2.940674621767778,7.704893585012963,7.388742270463729,2.114489394055632,5.569873954816394,25.718673826116497,C
3.162923487256244,3.3032768936655432,6.539042371695426,9.556979410004283,6.223414632920018,28.785636795541514,C
6.231378537478253,4.59822430909179,6.121094094063371,9.935451477242424,6.171241572546759,33.05738999042259,B
9.522640145333723,0.41066373746611595,0.38947658899478044,2.3156771226649733,9.035609425685026,21.67406702014462,Fail
3.106009713953296,5.763088198890566,8.538272078327562,3.5779652289418964,5.580270391020311,26.56560561113363,C
9.089808919148641,6.423268919507984,9.474681703773609,0.52750878380322,0.11651913778953915,25.63178746402299,C
8.97508835108354,0.46813957234227543,7.478242111849664,7.645269356819439,2.2619357366723203,26.828675128767237,C
2.0179494825245694,8.50805957967449,5.285584624336817,8.365707626063305,4.170368120675194,28.347669433274376,C
2.235958385194526,7.984959636039131,4.827100462391418,3.8446098925378944,6.8968994715249385,25.789527847687907,C
4.835456467199247,4.238997519969983,8.464412084833487,5.52379008264467,8.747005614955972,31.80966176960336,B
5.242547205377367,9.145287636368638,6.018476300472299,7.463435099107118,3.0697606494359544,30.93950689076138,B
3.7909404867193617,2.1042048374151823,2.548008244770635,2.1821723553293237,9.64905662825861,20.274382552493112,Fail
5.9191440441907,0.22016115667118585,6.194955829943495,6.0011775996813475,8.031835083464408,26.367273713951136,C
2.1011777594021455,9.095689433445877,6.000165080879809,4.533389987162968,3.970838585801928,25.701260846692726,C
4.742142166574638,5.6646660597963425,8.182380281919299,8.951919995171636,3.070869310245482,30.611977813707394,B
6.007921493396191,9.033410137067946,3.469893186486106,4.636219724005597,1.3792773650227574,24.526721905978597,Fail
6.561460918474422,1.1681231681212267,1.9312724382271984,9.90750732839502,3.9110433951281687,23.479407248346035,Fail
7.721520276158381,0.040252788539707485,6.447255863408952,1.9531474057556453,6.495150309857599,22.657326643720285,Fail
7.239730554660938,5.3712074828673995,7.396099986033267,0.983938643990353,3.3296187533605903,24.32059542091255,Fail
7.583847715899178,1.2104877617233867,9.20862091946255,5.802955130852708,5.978028634151594,29.783940162089415,C
1.852703553833237,4.724603288539476,2.7618381440650372,8.070785808357407,0.34397081153135556,17.753901606326515,Fail
3.9728729056036727,2.0227318174203033,1.15562796473336,3.2310949240325906,0.8811901332949323,11.263517745084858,Fail
1.6473089608106173,7.253912461589445,6.520141271689504,2.938943998318424,2.5058585527542143,20.866165245162207,Fail
1.2291118254224498,8.155424374190073,9.69294362365355,4.735027142174564,8.989004197954834,32.801511163395475,B
0.31149092793391064,7.3320480495297655,9.21592310013318,0.8772077501351516,2.708440447716065,20.445110275448073,Fail
3.220791655831783,8.943028933186481,3.5095332472737963,0.21573776406316747,3.60279992361924,19.49189152397447,Fail
9.113391900786308,8.947141047556128,1.9402994823960418,4.92116756191332,8.044687524623367,32.96668751727516,B
5.776317543444226,2.5425240261454385,9.464728292974469,5.318393946204992,9.928545834655315,33.030509643424445,B
2.959320294366161,7.829846495760292,3.744361573490144,0.7804530935193443,4.333888558249475,19.647870015385415,Fail
0.91850337229201,5.933436571884717,1.7558371284924679,1.0907669460008296,0.5119363421032552,10.210480360773278,Fail
6.960206180537922,2.9229017270925315,1.6182866126829054,5.651565725778081,1.8120668172693555,18.965027063360793,Fail
7.592925069184736,2.820423547896711,4.2588346446502925,7.980613653048902,5.529208168517593,28.182005083298236,C
2.1123183147293103,3.7588395479567382,2.156608134036527,4.905431561567227,0.3424907035586455,13.275688261848448,Fail
3.161561049767505,7.040856686423354,7.9055623876263725,0.21688856876289297,5.940721543255787,24.265590235835912,Fail
5.65888605101759,7.2701245469972395,2.9575169726353003,7.466181316336256,7.19605849610663,30.548767383093015,B
7.314863597031158,4.6619023015553385,6.829819923269768,0.1953534698951076,4.021344535527545,23.023283827278917,Fail
5.484009367419117,9.265455414356275,2.0353471792042743,3.5915319130344114,3.40896535082908,23.78530922484316,Fail
6.067162019700039,4.40218972971002,4.1068817167577185,6.599469915212415,6.003544411868631,27.179247793248827,C
7.621745871816446,3.668683942862294,1.7004989290165928,2.8986132869956407,6.935447916629628,22.824989947320603,Fail
0.9804453811093983,0.45572521613820305,9.936469679185668,0.04613535984920647,6.668802580905634,18.08757821718811,Fail
1.0339493663004151,0.6439294646623639,8.622473692248397,9.578723348416695,0.7364926246171055,20.615568496244975,Fail
3.4609972653778556,1.6424106722315446,7.053352168113012,1.9192898688783455,2.8234238193173233,16.899473793918084,Fail
4.1510717685493255,9.27069116051185,7.553812888481568,5.053557765301382,1.2847643192877012,27.313897902131828,C
5.321134852653157,3.6831038208673172,6.005462390010362,6.226393527026114,1.3437242656108217,22.579818856167773,Fail
9.29228053631854,1.3018934920080238,4.375653251471427,9.722265979714559,9.38452083780593,34.076614097318476,B
8.753632399007607,6.382322463602024,6.4624950186038035,7.644852708609559,6.957129179290505,36.2004317691135,B
6.3414213829573685,8.608550280434487,2.2747564664629127,2.531796328092603,6.477064349190435,26.233588807137806,C
1.9479380264392676,2.928128551047844,0.618152337797292,0.9451234497651484,4.3872164011290735,10.826558766178625,Fail
7.324546291337297,8.696169984498692,4.713790609477932,1.4039228386326197,1.6652535377020095,23.80368326164855,Fail
8.48042089601484,1.956985393030396,9.416053369059945,5.732171175693649,1.125126492381554,26.710757326180385,C
6.059969672710254,2.816006102352514,7.511665107956239,3.3052823468700945,9.863299793326556,29.556223023215658,C
7.405095212183186,2.003603040034503,7.711816961182281,5.585917308556443,3.581992235739265,26.288424757695676,C
5.171208881133305,3.2283777773130984,0.059175385976920625,2.723483474550398,9.90046540351415,21.082710922487873,Fail
8.979646468477885,2.7883758357760833,9.73978095087245,8.547687692202082,5.231035047266094,35.2865259945946,B
0.057706612929679935,5.432933603710753,1.8909104435890267,9.646851724430052,0.12542520696833925,17.153827591627852,Fail
2.4995898123949556,8.459619526959559,5.248483545437928,5.228362250204917,7.7772274700573005,29.213282605054662,C
0.9328738472196851,9.793758196664546,1.4699904716335377,2.937794465503265,2.619592299176039,17.754009280197074,Fail
2.9582409749653604,6.5689323465468465,5.397644871474951,3.91399089036757,6.291737473372672,25.130546556727396,C
6.3181352701666835,9.436336706484948,1.2390803059694666,6.845397405050858,2.1126160649496804,25.951565752621637,C
2.5222313423061884,9.751924110715265,2.0169755615184637,7.803384384498635,9.263959679423891,31.358475078462444,B
8.979352934437369,4.4150674328917106,3.022999041223459,4.094342689522689,8.201470656344425,28.713232754419657,C
5.470453456155777,7.01599349899597,7.009066841294541,1.2680054285387399,6.160669236600617,26.924188461585643,C
9.78981115174809,0.3490585907310928,3.354619141411559,2.0399384069392323,7.251727644669765,22.78515493549974,Fail
7.295082286523967,9.467911722816206,7.024971168239118,3.6687956283758982,8.890668297228299,36.34742910318349,B
4.1334245987119225,9.373395631247,6.997939421248166,5.94318311147235,5.299805186096838,31.747747948776276,B
8.865954415023984,9.015856262098628,7.585507474717424,9.130698625057939,0.06595573419583167,34.66397251109381,B
2.468570275957329,0.5997927219151644,4.650441535582911,1.735746218476245,4.556974261129538,14.011525013061188,Fail
6.105467550154246,8.553361303023147,6.788833668893024,9.915601636398208,8.968866406209594,40.332130564678216,A
0.7680304831442153,8.694591165378876,9.47562639960059,1.179043670107931,9.855242537823557,29.97253425605517,C
4.938140404569287,5.751125669393615,6.902597417930808,2.1527162590638147,9.881086540077202,29.62566629103473,C
3.1521673737728606,2.26338278437486,2.3660934259097277,3.469267554965362,7.961080420937186,19.211991559959998,Fail
2.0584121003676827,1.1963043951607033,9.008798989881813,8.417941975150441,0.916004990989493,21.597462451550133,Fail
9.810294891150761,3.0645773135045062,3.3554812950630932,2.812797160595416,1.3201227672541005,20.36327342756788,Fail
0.9473891477934415,6.224833190290374,6.889130176988153,2.930318295922969,8.128534398937637,25.12020520993257,C
5.866239182836627,1.8132585610431318,0.010915410229569433,8.797826435449611,4.391344275223769,20.87958386478271,Fail
2.8740253384548256,8.081187549853212,4.300118011540973,1.346696762791485,8.862451489414564,25.46447915205506,C
7.130142918617408,3.3610964622060377,3.7201244114596985,9.695893267708525,0.9903953861626091,24.897652446154282,Fail
5.188380571260721,5.773417251963703,6.896886806622911,1.5628395850962695,4.866219069002228,24.28774328394583,Fail
6.7712063973500936,9.986984818412868,3.0116553700125923,6.459672550239422,7.918627252764388,34.14814638877937,B
4.579002951270715,8.022213189713018,4.191997098899493,8.003185685992504,4.053449893095102,28.84984881897083,C
7.418064752461721,7.728449442346685,0.21863552591378732,8.504925781487756,2.261085861964337,26.131161364174286,C
0.1260751997575904,2.725311690402068,0.8734041411394433,4.266492205710534,9.15321960554062,17.144502842550256,Fail
0.7208433599867337,4.767952239003832,9.26973570791768,4.65145521624712,8.479704463577031,27.889690986732397,C
4.502542461428903,1.9257609734684034,7.310663732984578,9.858404209468599,6.295503662567378,29.89287503991786,C
1.3320992413662869,5.618981030014264,3.7780910043243363,4.883494090806922,0.3059112784637352,15.918576644975545,Fail
2.3108085287449622,4.512153132783963,8.616672586782533,4.757496937303948,0.39761375593790893,20.594744941553312,Fail
3.027751282719672,6.454418331834964,5.37564816582714,8.249016077271335,8.987734308517418,32.09456816617053,B
8.701966904922422,0.3075294050971633,1.669863529424923,9.39837281257481,6.515608028985767,26.593340681005085,C
3.1800347497186388,8.906666758919071,9.630641127630202,7.492714856757319,4.152404687787264,33.3624621808125,B
1.3752094414599325,7.275933433047434,1.8469462949420534,4.625850710392756,2.5582308996660164,17.68217077950819,Fail
0.42334492518303346,8.008867704791795,3.7344026134833683,5.647515636282824,0.8727079738852384,18.68683885362626,Fail
9.053218283760899,5.328856366408696,5.440033237555207,1.4563855184010288,9.383035645657653,30.661529051783486,B
5.908045335179159,5.969602868455279,4.866326820448926,7.251748640905012,2.1167274883792873,26.11245115336766,C
0.1835572437914179,6.9190231408362095,4.674122870683512,5.960268785292011,3.2762288525311725,21.01320089313432,Fail
3.4164111269060182,2.374689072227457,9.157921565469868,3.1471208345074575,9.644007017405828,27.740149616516632,C
8.808707591989284,1.7963382637214076,7.001295624559528,0.15975828843382334,3.1618902016491846,20.92798997035323,Fail
4.360482979725878,0.7949174835268746,1.8784128853454496,0.947805078454117,8.221521884430947,16.203140311483267,Fail
7.161506742231936,9.012240229777893,1.7609648026745905,1.9633022399156053,2.789237446969288,22.687251461569314,Fail
3.4038483767754912,8.982730651101269,1.0357855147079431,7.4533889299986535,1.816972406222671,22.692725878806026,Fail
1.9668855823121312,5.477157081792359,1.2060882335191625,3.318833209935661,1.1941727257763857,13.163136833335699,Fail
9.432983972456526,5.007055904938853,3.501663568576976,6.58203990094113,5.1703384837549855,29.69408183066847,C
1.2188609333694755,8.514386963311143,8.66782787115657,0.3295719486543125,5.203963665168542,23.93461138166004,Fail
1.2970625799002689,1.2511615964948553,7.013927662860725,3.258797605550854,6.000699616579538,18.82164906138624,Fail
7.677646177143377,3.7432556461285382,5.896643063845693,9.187469347996249,5.393518016782335,31.898532251896192,B
5.111291392372298,4.511640036875959,9.758805437588853,5.270291636874834,1.9137354524205608,26.565763956132503,C
3.0006708290543993,3.805661329472163,0.5770046949104435,0.8766121642655778,9.998237501968623,18.258186519671206,Fail
1.9837253984770131,7.165271762214047,6.604694623687837,6.078939289832929,1.2473653144295849,23.079996388641412,Fail
2.2520710021620163,0.6490669621466982,3.6211218098087326,9.443008198998163,1.3920907717398157,17.357358744855425,Fail
6.428819100587076,6.055292748912722,0.4749422468232223,5.164051378735292,8.831523867795477,26.954629342853785,C
6.547757512842603,2.9617431460160235,3.113226793483385,4.058489004021459,6.384300963947311,23.065517420310783,Fail
9.132869475762368,8.549256565110712,9.174652255548038,7.666214782535258,4.295069224354946,38.81806230331132,B
7.979431892533,0.5333078983858897,0.757605049212593,3.1867414187200502,2.421535222138428,14.87862148098996,Fail
9.972378999036026,1.6421695822734594,7.322942661400873,6.996986637071502,5.337078078716747,31.271555958498606,B
7.193536223691586,1.1405029770539876,3.4985138703039276,2.5971108010245745,6.81517078360916,21.244834655683235,Fail
8.178342161750216,6.034175784722833,4.491104408652524,6.258759726865741,2.001540835688227,26.963922917679543,C
2.595417831760903,9.554141647460966,3.247945028633686,9.23205302892854,0.8318895788560909,25.461447115640187,C
0.43100108948324056,5.794056310866546,6.253982429914524,1.9529973592387462,1.8244362384351764,16.256473427938232,Fail
3.6524420161537186,0.9298027644479123,6.1530542912875905,1.8727308835398215,4.126372555458275,16.734402510887318,Fail
3.035101248781115,7.974199712888259,0.0882704846150284,8.273653535279964,5.856251909349394,25.227476890913763,C
7.545693612057366,0.1738874292543391,2.8050450837749064,1.027073006796394,8.261399868210566,19.813099000093572,Fail
4.8640503553617815,7.1711948553229234,3.8736258382135125,1.7059685995874696,5.26843035947429,22.883270007959975,Fail
1.2711049086702397,8.954453137667079,1.35240785624556,5.131348400537792,0.24932534665029538,16.958639649770966,Fail
9.363525578249854,1.9279043581910582,2.8265496422746414,3.0207408798728155,7.243143497170241,24.38186395575861,Fail
6.495089297074474,8.883077474377053,5.771771953713426,7.958455578738887,9.703831400470396,38.81222570437423,B
2.522528338551704,6.601194442631304,9.629726257427166,6.7482457582074,7.548897116462678,33.05059191328025,B
6.24700669406608,3.1137633690532383,6.955475844155293,4.185280467677921,5.921402568364346,26.42292894331688,C
6.727646144124667,4.829533632166656,8.245758703294445,2.0233625138346643,5.705854978648025,27.53215597206846,C
5.982252940637388,0.49291999023804434,6.097018321515439,4.4018077435035705,2.0511066075237085,19.025105603418154,Fail
4.034828662123971,5.098899482056102,7.728064074086562,4.966668199601651,2.321953785182008,24.150414203050293,Fail
6.596902729304743,7.296868057943052,9.088513778823216,0.6006498984343045,0.16359739509384408,23.746531859599163,Fail
7.435082562916078,7.618052549549525,1.3635379511075751,2.7732210102611363,9.199281627262128,28.38917570109644,C
9.877855202148872,6.395538263773112,1.3325650583301163,9.482283332893203,3.2745877459916017,30.362829603136905,B
5.402172667786186,5.578538491301954,3.993702543513585,1.9379416633893487,8.8460668147657,25.758422180756774,C
7.700890312540819,5.3929826383426125,1.6856513061344458,0.006488695772243203,6.606224631215976,21.392237584006097,Fail
4.109425523501099,4.954715630653333,4.477328896813607,1.0713148206753953,5.122769717246301,19.735554588889737,Fail
8.26464609492183,8.322628859701487,2.9299690691153204,6.935045286247416,1.736192494815576,28.18848180480163,C
3.6825010739513306,0.1734592685371794,3.9029688237721025,8.360291407276986,9.963275080190261,26.082495653727857,C
0.4929966240916994,9.208065870078121,6.2330803093920775,4.835552654009916,0.8094591577890098,21.579154615360824,Fail
7.691698695235875,5.537558363378986,7.013484423745502,9.7653346052679,8.653299883587092,38.66137597121535,B
0.8565824959643054,2.1507147146505243,9.76241032936575,5.567560243250895,7.166103748522294,25.503371531753768,C
7.8008402373496475,4.615289585400517,0.5880938791268187,9.588783191184579,7.579442021060652,30.172448914122214,B
0.516817211686077,9.112343103146713,8.436924034380668,8.299993935948246,2.1902259846226024,28.55630426978431,C
5.602414637830525,9.729257104088996,1.120281553133321,9.53304076395924,9.08981442506687,35.07480848407895,B
2.2867075138460335,9.394316270997965,0.770820263606744,0.9451564406954627,2.976755047243244,16.37375553638945,Fail
0.32443446047186963,8.764856130873655,1.923831812242498,0.19356788004049608,4.193712687118221,15.400402970746736,Fail
2.390663840750297,5.3235112651713905,3.9773195730368727,7.944706467360057,3.9705423618542324,23.606743508172848,Fail
0.5456540828269896,9.615789710389159,6.679726096692761,6.250981884311237,0.602044619498987,23.694196393719132,Fail
0.3601881829142639,4.680654604262312,1.4592897959233309,2.270733166803046,3.0039610959368868,11.77482684583984,Fail
7.5482745836233125,2.8526366194153283,2.758988169218478,4.22106047776568,3.9961465417047215,21.37710639172752,Fail
5.84448909757426,3.8203483041127093,5.0494776279008455,6.860676967292221,4.862086119883625,26.43707811676366,C
5.923503285933622,5.8977960077807845,8.749499914902803,2.287051371501274,6.585146520583698,29.442997100702183,C
3.0641544935103635,4.879576397907488,6.608175834598394,4.796154737338741,3.3351184469840947,22.68317991033908,Fail
9.327791246877345,6.357367782552691,2.1375310729948316,3.4673954080279157,4.795944453607578,26.086029964060362,C
9.117851123817713,1.1790631182028422,2.7316305608022704,0.6421321667011559,1.3534110024576906,15.024087971981672,Fail
0.4544638034145787,0.09959741204303318,3.3884295158302082,7.134080637109191,0.5699418452026672,11.646513213599679,Fail
6.056992404598756,0.5365216400969075,0.2411235954782598,3.1836041314448016,7.284985766407713,17.30322753802644,Fail
6.452777553235629,9.315776530185765,4.545754588936472,9.749804755814344,4.8086887491790895,34.8728021773513,B
6.315443786761604,3.2505152360958753,3.225294544775592,5.141986925952727,3.2492749930057716,21.18251548659157,Fail
7.311029830035621,4.239125874876323,2.682735663487037,7.85518046729897,1.9440421911804961,24.03211402687845,Fail
5.406109943247291,9.180765622686414,0.44396559169633254,8.43481224847044,5.301546281555489,28.767199687655967,C
6.974714616692836,3.678322243209564,6.862867626170427,4.824862812971867,4.324076487932956,26.66484378697765,C
2.608492459620889,0.13404814251991026,3.963306537361231,2.3267021035779556,3.2391685849269214,12.271717828006906,Fail
0.32976943682593407,3.7369716973622302,8.162703974314898,0.3969085734981015,1.314681687294954,13.941035369296117,Fail
4.447127768583358,9.350441963907306,9.34014891581597,9.095942171763385,6.782005248352581,39.015666068422604,B
7.678609231258553,2.563417283472579,8.923070473421205,8.828633305944454,0.15304425878583383,28.146774552882626,C
6.766172335525065,4.236901786604971,6.758547376271449,1.4476750274056183,2.914953128137918,22.12424965394502,Fail
3.7995995225975254,6.180324841811372,8.085527962274213,6.432310026609667,6.281660030390132,30.77942238368291,B
1.4562864670542341,6.456853251742407,4.805593543007561,8.451015789810254,4.460588316694594,25.63033736830905,C
7.156355505577624,3.367165972800951,4.018599056890764,9.1461858937046,2.224221328326783,25.912527757300722,C
6.960314069891137,6.427335452703043,8.445464192747075,4.144128307886527,8.879288041598556,34.85653006482634,B
5.089590404220475,1.7128263629215135,5.763706098555442,7.8877089881575415,9.56212111797923,30.015952971834203,B
5.583844775702219,0.6222269537884273,2.5932475899248675,4.4789916243778745,6.445931571159427,19.724242514952813,Fail
1.5285913918433203,1.3918780275798703,8.486795647085566,9.123016555654836,9.155219949929847,29.68550157209344,C
5.070596467387183,6.442414008259819,2.8661555844972764,0.7023156466107783,8.91850879418867,23.999990500943724,Fail
4.702962226915748,0.5738847460709073,3.352479009312251,2.6922281539837254,5.002776131050455,16.32433026733309,Fail
2.571185039986945,8.920255690299735,1.2264995652494426,9.505764528988554,1.6089535605415561,23.83265838506623,Fail
2.1144800699654462,4.751977194569495,0.5160254310898016,6.728922395728768,2.95426306844221,17.06566815979572,Fail
6.98635589431956,5.37074215903326,7.440430806908699,4.8851793283529865,4.915512697574701,29.59822088618921,C
6.90937738102466,7.626525587561409,8.70664477618756,2.1241844202454008,1.712709502537273,27.079441667556303,C
9.41278928906798,7.154509636491238,0.9812659658689038,6.396424685733494,0.06443468333892866,24.00942426050054,Fail
3.2814718051506864,5.306372566656522,2.8256319871916613,7.766353218843638,5.169279790741825,24.349109368584333,Fail
9.281820981139514,8.5541615463118,0.6454780502388324,6.805013693068976,3.938123076603132,29.224597347362256,C
5.833917947661204,2.1999112689693066,5.020645820015677,1.718104089285597,4.119812061485298,18.892391187417083,Fail
4.13665523583207,3.093267742168119,8.418932860006725,2.776314490017302,7.854429342527677,26.279599670551892,C
4.643317447951528,1.8828034889732204,4.878334727478434,8.309914147375029,1.2880520314070831,21.002421843185296,Fail
9.995051897085165,2.6209389717995366,9.193580655184158,2.4862082178699776,3.4669803462941617,27.762760088232998,C
1.9386306793689267,5.555186667025957,9.345655747071387,5.404803824662254,1.0698120873730732,23.3140890055016,Fail
1.9012876631870568,1.4060580407652679,9.917785717660392,6.234214019228718,2.209702422169102,21.669047863010533,Fail
4.55660821553092,2.3386774363737626,7.18599815095728,1.858023932064553,9.623563304466362,25.562871039392878,C
3.635144573692667,6.444304935146185,1.7532766253662913,0.01392844519135683,4.8699135662337545,16.716568145630255,Fail
7.13244787222995,1.6141698768757395,7.447506930519049,6.8467166171918965,4.627265136738414,27.668106433555046,C
9.40750859234461,5.517900635794957,3.6041585294800136,3.4884552894615184,4.844735639798533,26.862758686879634,C
1.1453286832634824,6.183403172799412,6.882501650723424,2.9506516021650353,8.947758559903022,26.109643668854375,C
3.7796835564128415,3.575995256864599,4.850207076895963,4.743430508667555,3.4103950638710567,20.359711462712017,Fail
7.927034057807514,1.6636272431172183,1.1654407781531873,2.1687369522379454,2.2821215728770214,15.206960604192886,Fail
8.316970436757735,3.2076441402170017,6.078541511077914,1.0145738050771314,1.3063620482378013,19.924091941367582,Fail
0.546344200009723,5.9623107984235,8.09253227650655,3.3412864387523844,1.0601435592246822,19.002617272916837,Fail
8.129010091300776,7.483963562097431,2.4607414227682844,7.713620830546257,4.016414089652075,29.80374999636482,C
4.861304852149241,8.479241622784109,3.6653905440895604,6.68030917259852,6.708721154801652,30.39496734642308,B
9.173135754622429,9.267075043390905,8.235742773513072,7.887798316170612,0.06975935285060131,34.63351124054762,B
8.515814000172373,1.5794637242176812,5.421581075233489,9.318192682561138,3.7735422928986906,28.60859377508337,C
3.6482247020779868,5.177406571044623,6.688005990334012,8.269242308559326,5.530728792900214,29.313608364916163,C
8.77120467662288,5.46309571379299,1.0806929528114373,3.084917169851523,2.222463221861515,20.622373734940343,Fail
4.935465803401186,3.5121963066756967,1.2274094645898281,8.58028606890035,6.702749559927024,24.958107203494084,Fail
1.0063747852353333,5.961380616965348,9.973824938253696,4.742475154002696,7.421734042355439,29.105789536812516,C
9.5887187319041,2.3314730361808653,2.597353304667479,0.16238991949331427,7.270559658653337,21.950494650899095,Fail
9.51811785423239,6.737116477208488,2.110230763388403,2.9432385423262284,1.6382966723844972,22.94700030954001,Fail
6.742196324473969,9.150451261446532,6.0421988009285155,0.034979563683013026,0.5584449301108296,22.52827088064286,Fail
7.88913962965867,8.654158817884438,5.270393249175989,0.01869345129562605,8.4067549156227,30.23914006363742,B
4.896440760320326,6.282794590652135,2.7587987971701047,3.669673485444862,1.047457089389816,18.655164722977243,Fail
5.770533417135443,2.2413217966007872,3.1624844181527423,2.7604349098037675,8.735153530592365,22.669928072285103,Fail
6.801118854469727,0.04101450430167075,0.862731577335456,5.3222843075693005,7.562988176628109,20.590137420304263,Fail
2.335804342223592,3.185630981259896,8.332134181708033,5.023253049275721,7.392745031551632,26.269567586018873,C
4.960754785005311,2.690335487759109,5.271818363471004,6.03904195560477,4.3103859793001185,23.27233657114031,Fail
1.5766102679690797,7.861304224621818,9.85682902572168,3.600525558057155,3.6326550578199623,26.527924134189696,C
0.5133437132367757,4.548297724386497,6.217816286042562,8.320471375672781,5.4248732675020666,25.02480236684068,C
4.183833377132715,0.5010702993996841,4.325612408464108,4.125034639001291,0.06936925194663268,13.204919975944431,Fail
3.533522280260528,1.665455885938013,9.608861292249738,3.409822690640908,9.464646154277803,27.682308303366987,C
8.845868882296138,2.1291728560430565,5.867703924938955,2.0180408257543894,9.063642370455485,27.924428859488025,C
7.140326444668564,9.693496144198253,9.800927138592751,2.6976971718896934,4.425394071819133,33.75784097116839,B
0.6144629013078751,0.6078116862940341,5.9281206535149975,2.347507600195793,5.517622966768333,15.015525808081033,Fail
8.066650530268165,3.4487378369320973,2.307839225136752,5.664308991335604,7.649506131605585,27.137042715278202,C
2.395618906669724,2.402271663955453,0.5588826825307525,2.58625392486472,0.2510663950517733,8.194093573072422,Fail
9.009077302669906,2.17460343603895,7.256451882806672,6.741613672411874,2.6847421080820286,27.86648840200943,C
1.1483682473920354,8.827420762070805,6.922338746454208,7.445525962037662,1.762985066483953,26.106638784438662,C
0.24005044844888856,6.208741875568013,5.64023793602182,3.2270187073893575,6.090235230097827,21.406284197525906,Fail
4.054716763304185,7.075384896146737,5.363812857774364,8.795774740343271,1.363017234258097,26.652706491826653,C
3.677593508772896,7.140543306554573,2.298204205250446,0.9718577562002928,0.38538333396937574,14.473582110747584,Fail
7.966813971913723,0.17172990662369547,1.841885255233714,3.061879750768605,1.741062042677386,14.783370927217126,Fail
1.8651851039985423,3.445619079878753,8.071328287116737,8.503801163813403,2.504613689363586,24.390547324171024,Fail
3.7625932933042194,2.299251635455606,9.266635593944697,9.137260089766873,2.8314758953436536,27.297216507815047,C
1.4669511401518154,3.6933016881964473,3.4407743751027375,7.059262666932357,4.8613034744681185,20.521593344851475,Fail
5.800888346694546,7.789885058996086,5.46909019265228,3.869948098085781,7.129736896431221,30.059548592859915,B
3.980548406789377,3.3487629347953374,0.6342132458033067,1.0852240356009701,9.830552393574918,18.879301016563907,Fail
6.631462489752088,5.409198132872986,8.510424485859021,7.339878340943856,6.830081508617985,34.72104495804594,B
0.7115828517343281,4.885611605848416,8.679229085851139,2.138266139124908,3.313611072469256,19.728300755028048,Fail
4.183338641022801,3.6006549355072828,2.719558460388496,7.20714237649347,9.10593332525584,26.81662773866789,C
9.958023677799186,2.084862067427895,1.2774312750901629,3.8585020920403545,5.462046035351009,22.640865147708606,Fail
7.548725289085606,8.653756121021095,4.67603514518445,5.115609071381858,8.294804756134845,34.28893038280785,B
6.800460563742698,5.189954564321649,5.270943429794172,3.5003597050627833,1.6146575662344942,22.376375829155798,Fail
4.943708110457581,0.09475131261696523,2.596128095935958,5.459204513924711,3.755392004527829,16.849184037463043,Fail
7.94662892397889,8.325044000323544,7.286688817626303,1.0579224479153637,8.062224119619811,32.678508309463915,B
5.4201529847972605,3.9348055058862617,3.5545800048247465,9.02580494916344,9.419691857158769,31.355035301830476,B
7.435939161765598,7.4080936473274415,2.976114247214261,6.581987988093223,5.195371760567037,29.59750680496756,C
6.713044235642798,6.161790816070077,8.335803188619632,6.3182080736483295,8.465505516384578,35.99435183036542,B
2.656855648662635,4.324833758726598,5.375194262680703,4.022882761639462,4.529307983390646,20.909074415100044,Fail
9.084375478722649,6.920306951531133,0.3448971967945369,7.133627226802297,0.874670556430418,24.35787741028103,Fail
0.39361879819729495,6.976348228326642,7.792192833722992,7.1247073735096915,0.08922805081564511,22.376095284572266,Fail
8.284386709389908,4.75796814994601,5.302356927258912,8.25023953051183,3.468619795021847,30.06357111212851,B
7.079478267011891,1.0731866047401506,4.088705609535647,4.298551235309283,0.4611498900726496,17.001071606669623,Fail
3.5091501255207866,1.0357656610301502,0.6941695859013763,7.0079180090926085,5.32973171596772,17.576735097512643,Fail
1.548426816202274,7.476446125967731,7.230362948592811,0.16166509513597105,0.5899643853710246,17.00686537126981,Fail
4.554655720063617,0.1683331986056147,3.3061310936123354,3.248718810667669,6.281270861732842,17.559109684682078,Fail
8.200675020556494,1.191000576093556,5.7324266484800575,7.266845853138339,7.616867129707465,30.00781522797591,B
4.41530501373377,3.2360946943407076,5.149386795873099,9.629974874589063,1.1905632455318738,23.62132462406851,Fail
2.41893828258839,4.852532545932268,6.312457207616191,2.316116803621282,7.6762220176358875,23.57626685739402,Fail
0.3142918568673425,9.72095993212311,9.057720957855263,3.1043425318273443,5.9931896961612905,28.190504974834354,C
4.925218540205084,9.9465422295811,0.785276915917833,1.9071754187982681,9.094425304325132,26.658638408827418,C
0.6871367772396098,9.272656326314092,1.532323202346112,5.128399181070292,0.8435559382056967,17.464071425175803,Fail
6.309217902291634,4.198695908703068,8.838443041843428,0.9094623972314098,6.380603814135489,26.636423064205026,C
0.08619002591780278,4.584676101457238,3.943870997416407,3.7594572683449687,4.626009605431171,17.000203998567585,Fail
3.748249243499977,8.688707955393863,9.716504979316055,5.786638850979876,1.6544267765373588,29.59452780572713,C
6.892793212258371,9.62264078035172,8.645574903021569,3.58090127794477,5.676412047697843,34.41832222127427,B
1.0572456043113487,9.111695845150212,7.728577137080984,9.275483801093047,2.5889659017871427,29.761968289422732,C
3.8782608991693124,8.790620045522502,1.232964663712478,6.977132345720976,6.358989155688466,27.237967109813734,C
2.3707039117417805,8.649685594304803,1.4408516105146263,5.232063269686323,4.30658078582548,21.999885172073014,Fail
3.5784115864153323,5.141881809210113,4.858162861734206,5.457340861706421,8.510270328448073,27.546067447514144,C
3.340455484199596,2.0328955543595617,2.307653854831716,2.9492614642209105,3.1280102372975103,13.758276594909294,Fail
3.6717381443129216,4.818908860574846,1.587491932713886,7.081479951106119,0.04097534312602513,17.200594231833797,Fail
4.893925374065887,4.819075688360021,4.018194070843274,6.281897376773642,7.9557554777651855,27.96884798780801,C
0.4821203886055603,0.32119756067814476,9.123766137307182,5.556855427906173,8.654221241080759,24.13816075557782,Fail
5.778770814409091,5.683611824357746,0.5839238042429684,0.34852383378130236,7.664040160965936,20.058870437757044,Fail
6.678046832264065,4.730945380993747,1.4808783804016024,2.0554190104018524,4.66710302785226,19.612392631913526,Fail
4.161539981797615,8.140519264214296,2.9274982518700643,1.713570190146284,2.688202817866646,19.631330505894905,Fail
2.2164731461755913,9.834932057997749,7.747421165128814,1.4394457484171852,2.4297790512095974,23.668051168928937,Fail
2.049792328259108,8.797079824040532,4.810626453460049,0.11529763509722457,5.678691311997973,21.451487552854886,Fail
8.5788918524624,1.9248076777042167,8.47632698385713,9.230715356127646,8.493009469362477,36.70375133951387,B
2.940033885949531,4.999835316048351,5.098621284446674,6.03869002825623,2.5976042214283845,21.67478473612917,Fail
4.370337254497708,7.101716074030014,2.745646772243131,4.561528734762657,0.17425461908900042,18.95348345462251,Fail
0.5282668636472199,6.543933648305748,9.105522508215966,2.9829420305992302,6.368129856584286,25.52879490735245,C
7.344870403224037,7.264709321804432,5.739230268696497,5.978878106197417,4.262432639395406,30.590120739317786,B
1.0024556372287663,2.3872881191114503,0.3656577790910842,4.493497989678873,0.5676958256884346,8.816595350798607,Fail
9.577666581762225,2.6855410620967946,2.394968325010085,8.650477588875919,9.999569543687702,33.30822310143273,B
7.3316037813679955,0.12137458315200522,6.7892876966037585,6.0796604854070715,3.1790799086888732,23.501006455219706,Fail
5.829984797183156,8.764084885794821,2.3461595692523307,8.592692700348403,1.9090574957667794,27.441979448345492,C
5.052067735766382,4.538532556850523,0.1517298417183477,1.0926448562115099,5.413303592530953,16.248278583077717,Fail
5.250493402453847,2.0849447495426054,8.36746331752459,4.165108780421269,4.039184533550247,23.90719478349256,Fail
6.776111820995942,6.922553895959047,2.7316660441157694,1.4369119739405245,2.8611602112442345,20.72840394625552,Fail
8.009807004033648,2.623158501655346,2.3409791902399943,0.460091978297269,7.47559321202525,20.90962988625151,Fail
6.200013334774084,0.15945686453310848,5.876272972414707,2.496510411327899,9.75409908056594,24.48635266361574,Fail
2.9446575954191765,1.0638840541407735,6.89674201102843,7.058462540441491,8.41741088471657,26.38115708574644,C
3.7803106223319514,9.959066403863423,0.9904033184215233,6.288842480337195,7.0031744361561055,28.021797261110198,C
2.652850890860524,4.266253734763945,0.8037333789079948,5.927306313332188,0.9369282119879507,14.587072529852602,Fail
6.3669291435794175,8.234535644704001,6.973626903614653,6.12698947018965,4.619667650443613,32.32174881253134,B
4.458866198598078,8.679939333361105,4.945039639589051,2.678576473604962,9.370012656140808,30.132434301294005,B
3.5813971652914445,7.891439512929121,8.190718846115088,2.763269289705619,6.420377183139484,28.847201997180754,C
3.3478904189067915,6.902107766994678,7.4249606050736485,3.5189501158420478,4.0879467300808106,25.28185563689798,C
2.5220240215933085,3.7529807537312,2.7404289192659625,1.0286558280415459,4.324298796401692,14.368388319033707,Fail
9.74904272810235,2.1586639765948856,8.953916600801053,6.457222146479729,0.5816880784012313,27.90053353037925,C
8.101400907454613,4.796137541640833,1.6298009624922138,4.682030965728123,0.11771812756312006,19.3270885048789,Fail
3.2361021914954122,7.553389295039722,5.84441464140636,9.50182393731669,0.5397163649499626,26.675446430208147,C
1.6440552907887873,7.587637507018775,8.756180199406923,6.542873359043449,0.4243947669014636,24.9551411231594,Fail
9.774565631838426,9.270121129250805,5.543919783669154,9.470814499038458,2.193225069820425,36.252646113617274,B
6.127958355365104,9.850097478294463,4.687787382810221,4.343952760702914,5.503459229584854,30.513255206757556,B
5.882022669483905,0.041271546746038945,0.4888822950518523,7.731014952019376,0.7881229970197767,14.931314460320948,Fail
1.9927033646680081,5.817912647777101,9.515608525390158,3.0508285204409304,8.241640398711658,28.618693456987856,C
1.0536492225085647,6.7835062945502,5.520042798853177,0.08369474692942025,4.69994829683774,18.1408413596791,Fail
0.23884191319142767,8.226534590503691,8.61990613177881,4.2531486805114715,1.7486502221267386,23.08708153811214,Fail
7.044936364116847,5.654721315502504,3.8370389956370965,2.769982800140547,7.206733658567527,26.51341313396452,C
0.6899000871045946,0.3798222096019521,9.029796490563488,7.293775778747036,8.98459916663545,26.377893732652517,C
3.1318205070363514,0.4533130204799407,7.1524842600577285,5.184542950722543,2.548771834020269,18.470932572316833,Fail
2.4660363497802464,5.6970785056993325,2.963302510918565,0.1503329576198853,9.128818267776012,20.40556859179404,Fail
3.4311551641700944,4.309933420681695,1.4437549798292826,8.461120509870877,4.429900202168703,22.07586427672065,Fail
1.531445000839562,4.5272542662993995,8.265006669807281,2.9238682231425193,6.7876271587858925,24.035201318874655,Fail
4.1628492854435475,8.06395293334983,8.379000508609879,3.1825178056184433,6.247090272623089,30.035410805644787,B
3.439796363163702,6.417464425010574,0.26974619855864024,1.3760644701843094,8.19697674773564,19.700048204652866,Fail
6.971636921379805,2.543400875776042,0.17031461088003574,9.08652198783399,2.909510682942784,21.681385078812657,Fail
0.8928952452557293,3.5876156746613774,6.41711482284288,7.704139868674086,0.3130281936030799,18.914793805037153,Fail
6.619015764719286,7.761299726143987,4.9627765905740215,9.899442878109198,3.65858086252548,32.90111582207197,B
8.598544903351218,0.9889083998231696,2.6834806724854965,9.921494226961263,9.565311329651273,31.75773953227242,B
3.4027498223403088,8.919699127756054,1.149522224736661,8.955522860141045,2.799235526810502,25.22672956178457,C
7.3644423562472285,0.8856817382508009,1.7829326163655235,3.420734567548015,8.967237418137358,22.421028696548927,Fail
1.3730003271557023,6.026329212856348,3.028949428617871,6.832709108608135,2.3956044000617682,19.656592477299824,Fail
8.643662664559733,2.608310800250088,5.406432479523504,8.352555942087402,0.9212341482876796,25.932196034708408,C
6.966889878731969,5.149824036958059,2.830138030809474,3.5927441197606202,4.221145937118383,22.760742003378503,Fail
4.555667819901088,4.28149441992352,8.522348164231273,8.463074827157794,5.735863620982109,31.558448852195784,B
7.6634721310465235,4.182555532560479,8.598747500702684,6.5276472987187715,9.92006054898246,36.89248301201092,B
0.13949018691911452,7.878331881854967,3.49551788203346,3.0528071303116935,6.603048940993314,21.169196022112548,Fail
5.485884150546885,7.700304687015165,6.738893989463809,0.8087643979347836,5.043706621481342,25.777553846441982,C
7.70921844644052,1.7101085441822839,0.11269446189398291,0.06740563589067161,9.441979726308873,19.041406814716332,Fail
7.632949119972816,1.2019154144553867,1.5551124275829564,3.2004451976026758,4.9907064779969215,18.581128637610757,Fail
8.909738846907038,4.036736576240278,1.2042322618076906,5.476347821046144,8.942088768410802,28.56914427441195,C
5.785418182035315,5.533924402297638,7.056149627507265,0.5565890675716623,5.831002653751526,24.763083933163404,Fail
6.715731955927996,8.654294050826861,0.34285135593203786,9.11655339163793,9.733392661965915,34.56282341629074,B
6.8544388322190155,9.532923963662899,2.769802599749341,6.351370481158264,3.7336604897086856,29.242196366498202,C
9.361765641665052,2.9259644362394277,6.032413213948116,4.331352119962656,8.3751414926274,31.02663690444265,B
2.7064394198176567,8.14796172659976,1.7716542126477264,3.9898040456130235,5.537052766757511,22.152912171435677,Fail
1.9967378215835974,9.122296219996,1.490897687287166,2.1400090171172415,2.611087408578089,17.361028154562096,Fail
4.018762712367395,7.839123805872337,2.0079826431886083,4.7304750446154555,3.7234168505467413,22.319761056590536,Fail
9.088264977168624,9.54378600220893,8.440469653678642,7.1585046429580945,9.104763632241733,43.33578890825602,A
8.469688542070605,2.014464816457938,1.8280003024563096,5.244272344530238,4.705351935673873,22.261777941188967,Fail
6.668642575461043,4.644029063206459,3.5926377472559756,0.36411728482617645,9.499029159610442,24.768455830360097,Fail
5.030839507798364,7.5659393401413,0.9036974851247814,1.603636955093174,9.671782729841748,24.775896017999365,Fail
0.5197128365147241,5.484835857491245,8.19285040742022,6.154275763323602,9.426908265470539,29.778583130220326,C
8.208490092631287,6.082976137418968,3.3633472035467262,5.455749821648274,5.391910073308043,28.502473328553297,C
9.40639999186114,1.1464780302217648,5.331775937602949,5.579040886783617,9.565310590158031,31.0290054366275,B
4.852304557653562,8.480279026572813,3.2910928106273216,5.8307769375869505,5.237020099319839,27.691473431760485,C
2.6974246587376705,8.254144375738107,0.7467293019806254,0.7045705482587716,2.700696840143848,15.103565724859024,Fail
1.5105789178090023,4.014435492600038,7.507881764540007,4.034524691328773,0.03704796322008819,17.10446882949791,Fail
8.967465499077447,4.815890551078778,3.3493155295962773,5.644857362881444,0.894873512595683,23.672402455229633,Fail
4.071064891256277,6.4293120816076,6.563638108010069,0.17658177042655487,2.5446348578791333,19.785231709179634,Fail
1.1689804070836407,4.264438057143032,8.95361542852585,0.393753693529878,1.4878433373771016,16.2686309236595,Fail
8.218600592903563,5.0073490614419836,8.339083739245192,7.8020625807295465,1.469478838983882,30.836574813304168,B
3.867070570439779,7.06529632303191,3.799418084180286,6.2176054846776365,2.5502880341221132,23.499678496451722,Fail
3.341927141731099,5.442539093508629,1.0029696692788925,1.3743413375181313,9.359178040884384,20.520955282921136,Fail
2.5100138326230024,8.840701094157312,1.947937836376018,7.070178355765505,5.349930672868365,25.718761791790204,C
2.5980358106415977,6.934669059640272,1.7087043383847544,3.728136771643605,0.973377995639656,15.942923975949883,Fail
0.7833821776200667,5.1498785472783295,8.194667514944218,5.5938217401452,0.6607379051115492,20.382487885099362,Fail
7.729214818761151,1.3696512380929482,9.216142232804446,3.5089807583234354,0.6769566218446077,22.500945669826585,Fail
1.8404103482144674,5.757618837162312,7.969814015072204,0.66438094328088,1.1128586410051067,17.34508278473497,Fail
0.8852231521472842,8.042934637771141,4.74891305822751,6.593328702904842,1.0794142867158074,21.349813837766586,Fail
2.7789112598775603,4.824754444178325,2.1328691794893095,7.005465588982051,6.450683069318243,23.19268354184549,Fail
8.770905810181889,8.531113891570364,3.9409364857206732,9.22323846585075,6.982623720638178,37.448818373961856,B
3.666788797029814,8.664151295248242,8.360216584459728,6.23449895305657,4.1776358408652845,31.103291470659638,B
1.7965928902991202,7.176923105413323,9.490295420448074,1.923922635931793,3.7020943401266204,24.08982839221893,Fail
1.2020722912057624,1.8097306397800228,5.572485516185454,9.510125143253633,8.776232035658511,26.87064562608338,C
6.043129822403198,7.890048845606946,9.790694033834729,0.4044118661190821,5.666920244412568,29.795204812376525,C
5.543540525114007,4.140678257678164,1.224108066865669,6.434455209677448,8.102892302509439,25.445674361844727,C
3.152903378306103,7.753157538803761,2.4137063800400393,6.3363873541523885,4.308293972144764,23.964448623447055,Fail
7.61037790250783,8.106657734835125,1.340827719549832,6.896539640759249,6.1020131997256915,30.05641619737772,B
9.531201143941377,0.8372413310890992,6.577106691553425,1.1552401230774445,1.5489891175829862,19.649778407244334,Fail
4.075842085738169,8.400771596877242,3.253278267641415,4.857197935337584,5.163315757471912,25.750405643066323,C
8.065611478614498,0.5234876680960243,1.915939679029951,8.148759623433117,8.439996974269963,27.093795423443552,C
2.8247874397702666,9.598434267385185,1.689570411013186,4.657318610145782,4.294519924289871,23.064630652604293,Fail
0.5773215922511721,0.246636882980108,3.7006206286997556,9.127737679237702,8.949965889944382,22.60228267311312,Fail
8.17785329856945,9.869137142182122,5.971334852174273,4.814393153557952,8.572126260777889,37.40484470726169,B
9.347299154883009,0.9757916957626944,5.278963840433926,0.7362750899429138,0.4484864846989922,16.786816265721537,Fail
6.491539648308727,2.673375624116643,1.821581610790296,4.938437141464059,8.48324351775063,24.408177542430355,Fail
4.915142258318266,7.62038463389075,2.129290828372725,2.01513463522335,2.7077379612125165,19.387690317017608,Fail
7.689874151805105,5.96856860784491,4.236764096178476,9.627786876851664,6.069996926457933,33.59299065913809,B
5.366232797354939,3.2479287078831574,2.7771094190837644,0.28504798920575225,3.1203475812333403,14.796666494760952,Fail
4.430399766351608,3.712669241150709,8.837251519534115,8.751579480917677,6.521929249541363,32.253829257495475,B
3.7320736910512684,9.66672666705293,7.2756564157096975,0.013619224385064133,0.9684617251055128,21.656537723304474,Fail
2.401456187781931,3.217370298582778,8.850645509166675,4.812936029793072,0.8904435982445569,20.172851623569013,Fail
4.5149593911944415,0.8565039391541018,6.484418929834285,1.1446083592470147,9.596673809616853,22.597164429046693,Fail
2.763191084658536,6.739444490730234,7.500221903877807,7.281903009807921,3.295800682987405,27.580561172061905,C
1.790316374415838,5.465942634972446,7.251394025958332,7.372032514262531,1.3784064730259338,23.25809202263508,Fail
0.44996821235424367,5.41220628032894,7.1728161722571695,5.029095419022733,5.61380798170347,23.677894065666553,Fail
5.061418628402441,3.4558087334869745,3.6320294477665493,1.026529820118104,1.3369479258215344,14.5127345555956,Fail
2.9632580189980007,7.558741511783872,7.275346564904107,8.763969377444393,1.3014133050768306,27.862728778207206,C
1.4386796634332977,7.3821680013631985,7.87383312551338,5.405700666209087,3.4244850418935693,25.52486649841253,C
6.201325978015367,0.09005664264475244,0.8449010424482895,7.556758890720988,8.875071901181288,23.568114455010686,Fail
4.217742419361259,8.625892413413638,2.2761168836581334,2.513193512859945,1.2157150667456507,18.848660296038627,Fail
9.579458599261375,3.519050557586608,1.5745133364626518,0.026611036192794035,7.504301767949602,22.20393529745303,Fail
9.93255015422964,9.188520512589097,0.42886759839410926,3.484126618292281,5.144033649522891,28.17809853302802,C
5.916971623063255,0.39390162889686664,6.507971417200795,8.309231253567576,8.84839747499668,29.976473397725172,C
4.2589315503668175,2.429096718216498,1.0283741496935495,0.23533714578492293,3.1463230706688847,11.098062634730674,Fail
6.717448404774834,3.615554958702616,7.319061257709643,7.14181591832639,1.9107812512752165,26.704661790788702,C
8.013520582702485,7.152292897762981,3.5848387315842265,3.8635552165753086,3.8477064532194283,26.461913881844428,C
1.9571264009964906,4.716528013283886,7.2417803514045325,0.7459695933312538,1.6106733091280478,16.272077668144213,Fail
7.102433419272591,8.590383695462995,2.671388454934603,0.7092751177356338,1.935323915404188,21.00880460281001,Fail
1.2786680122241756,8.862957447513997,1.1326908315892237,3.521131161454547,5.716648021821802,20.512095474603747,Fail
7.223111683237078,7.969926239790722,3.6015568955577235,6.136491964201608,2.1743851780130843,27.105471960800216,C
7.59005282521931,2.653424748069332,3.6738728915195784,0.2722931620606073,7.998407144645912,22.18805077151474,Fail
8.861957804650745,8.740565631389789,7.312903860658882,1.4273407014888118,8.322536107155628,34.66530410534386,B
5.355538148796725,8.49136636161122,6.180726797216618,9.932879757272566,0.9383815335087176,30.898892598405848,B
2.770254488696243,1.10601751482577,6.363108155392565,5.129016528936132,3.5175756723622955,18.885972360213007,Fail
2.974926699926682,4.5518537803438335,2.0525434263094167,3.1941798493775284,2.5107373073177297,15.28424106327519,Fail
5.523380134555028,7.823830932235502,9.073364316469362,9.191948589495363,1.22459132888461,32.83711530163986,B
2.5087909989070023,0.4024477061925069,5.28027350730221,6.429511392857358,3.8135221882623496,18.434545793521426,Fail
9.503797514820931,6.059089432132963,0.7647313264405431,5.421848106236014,1.5353076571977076,23.284774036828164,Fail
6.486829533573645,7.101418825625281,2.1968762542948173,8.98258399853829,6.896298005603981,31.664006617636012,B
5.42033345097202,8.812127324655137,9.817944714046234,5.793756509975795,1.6277670219374785,31.471929021586668,B
6.877220424305607,4.253081503011533,2.2367559810645368,6.31158078376251,7.294469784440278,26.973108476584464,C
4.289940273750183,6.477090747902298,4.168406592603677,5.897929998451251,6.609729329453419,27.443096942160828,C
7.315895217553319,4.549603173930111,1.6712486151879935,7.454137336239759,8.580995027715716,29.571879370626895,C
7.201574609309402,7.21477082734017,5.863625045259787,7.467351197413881,9.613342263276174,37.360663942599416,B
8.960912999234932,2.4937578799589213,9.532160305061863,3.2966900549836686,0.8405023226380226,25.124023561877404,C
3.424479788347133,3.0839459196514607,7.49955101104078,8.047593985905447,8.268056464938748,30.32362716988357,B
1.2434531744241073,7.827348413570277,7.102414063609225,5.425049286733938,4.050010327146273,25.648275265483818,C
7.4231024553372436,4.177606716245422,2.3228768800834123,0.9185039964427189,0.4643406061466637,15.306430654255461,Fail
6.675498992914704,0.03929321422217802,6.074818174490111,2.4926195729148573,6.377038574778656,21.659268529320507,Fail
1.3347997241594378,3.9172776363117823,2.9197600866556437,8.15248434442479,6.570588544420811,22.894910335972465,Fail
6.4395657944761355,2.405120424055369,6.48602122637279,4.65374118748659,1.6443853493546756,21.62883398174556,Fail
8.806505774645778,1.6860169123755242,7.933680346575439,4.087673603990093,4.791701307478927,27.305577945065764,C
6.109465257026532,6.350510702024891,8.170462544031698,6.188755527460279,9.766654321874082,36.585848352417486,B
6.710931570859761,9.253297368745983,2.2724482788806135,8.304152408549264,1.155392564710892,27.69622219174651,C
8.557372589057863,9.87982644420261,0.5377512794871575,0.8531782424583145,1.153351166100678,20.98147972130662,Fail
8.825598767723474,2.353255509597496,2.4062522672938567,8.786411179892573,6.277924782003403,28.649442506510802,C
9.779934237382346,8.892268915849872,7.409932515849737,7.270395577933561,9.694218690784336,43.046749937799845,A
4.635478392589219,7.610072901859139,5.748533129340979,3.965293028312341,3.475514441756089,25.43489189385777,C
6.865899134926067,9.56563928561169,7.705489806935679,9.107814573114378,7.109855591065113,40.35469839165293,A
6.220867002278735,3.542657213276258,5.961964467224924,0.5901266567304986,2.085203882545923,18.400819222056338,Fail
5.0985400955045765,7.728044928617406,4.021173856479573,3.4336636588033875,5.544152787519874,25.825575326924813,C
7.407798671606725,6.444780259798835,3.5595745300249773,0.43327477729690367,2.0254737867560135,19.870902025483456,Fail
7.7091220374582194,5.921901804292182,8.055268624050333,9.686573777887762,0.17611123362948455,31.54897747731798,B
7.807854833654764,0.39054618412556086,8.988741606264057,9.205283964468673,1.6145473965025259,28.006973985015584,C
8.056701529500533,5.811062446978964,7.332756958339769,6.155695821319467,8.648534941427709,36.00475169756645,B
9.44765729882428,4.278405706270529,6.638898356775905,0.20491529145194032,1.4639918208612834,22.03386847418394,Fail
1.7715352322262556,7.1926850594861484,3.497956307944279,4.871444746251511,1.2635621568252664,18.597183502733458,Fail
4.053253606469534,3.965392275644841,4.945155505222182,3.8879547812717794,7.214970765734737,24.066726934343073,Fail
5.025476067220231,4.390946215718754,8.069131514924653,4.881389226644176,9.114831781728533,31.481774806236345,B
2.098928423049972,5.867667638280274,4.825761837210074,4.408770008478042,9.883962490176815,27.085090397195174,C
1.396512547563129,8.174982565256666,3.255179816312652,4.960145452554579,0.5383804196694997,18.32520080135653,Fail
9.285077519437785,3.7749770913752254,3.784513124839842,2.6450508986484866,9.140307732021125,28.62992636632246,C
6.478174459905284,1.0107649237174265,5.176836525300744,5.852925765649275,6.846602316842914,25.365303991415644,C
3.0091907316541877,7.129057903648376,9.789143231615324,9.374144100074734,4.052789388765209,33.35432535575783,B
6.886316293078756,8.622717293529393,8.731840920006324,0.5456957783475391,5.748925309816939,30.53549559477895,B
6.3749880293416314,4.446674708387163,9.784531482143263,5.198644287866173,7.702239787416644,33.50707829515488,B
9.3374942300147,4.635522233026857,8.219863276857211,5.767924532005605,1.2600617187894125,29.220865990693785,C
1.6481481572943713,0.2084523980770081,1.1585203830136759,4.819671596200919,0.7384650330299192,8.573257567615894,Fail
0.3038705969683686,9.859603021153498,6.821768336995051,2.9535240620517444,9.681794969744566,29.62056098691323,C
6.366696821672074,8.701054583441044,5.90686146382252,6.282222322909864,4.643090168079942,31.89992535992544,B
0.9695212359898775,7.0976728394155355,6.677017570826429,6.5640913956114915,6.939872520300648,28.248175562143977,C
5.924829939015964,9.336575454082716,5.165613264852313,6.5910174535351365,1.2585603697380576,28.27659648122419,C
1.3443512940812186,8.4221008021026,1.0749932099224235,1.1958210676485581,8.137334906240424,20.174601279995223,Fail
2.4067051475715306,3.403174042981915,4.020927494109968,7.433310293156229,8.780592243002317,26.04470922082196,C
2.0568726219555513,9.221313255294103,0.02670993367663299,3.206910456926375,4.523814795411427,19.035621063264088,Fail
8.388393367652704,3.0886520101215775,4.7388287334423795,8.726241520222471,7.922668725225469,32.8647843566646,B
3.9319520102792227,8.00692800916731,4.973639202167178,9.61685995222256,4.690275628466023,31.21965480230229,B
7.7513282336111455,4.602066181566153,7.658040880308877,9.827149920671255,1.0790024114922492,30.91758762764968,B
9.150015377475272,5.7983274126686375,6.835880112819322,1.1146918619755464,5.052328495225576,27.951243260164357,C
1.8830252491710642,0.19719732204312557,2.0602737192094267,7.473430084435303,7.63701485993939,19.25094123479831,Fail
5.059258001463939,6.385250461916646,8.376609057760554,5.0564956890353105,7.364733452492555,32.24234666266901,B
9.632225394406113,5.2403766986758695,1.356372015206303,9.181725432440743,8.74932626574118,34.16002580647021,B
3.8764880545564706,7.381918973244991,0.610337185732378,4.5984521233147575,9.77205797028095,26.239254307129542,C
7.990821457719544,4.904103611368052,6.694843608080721,2.3596362595992995,1.1682852207630468,23.117690157530664,Fail
6.507883208469019,0.1912635062373036,6.608657584017463,3.79101906166488,5.3313581198056434,22.430181480194307,Fail
0.16592480632597884,9.176331909217101,7.592134152107181,4.243810789782034,8.65782785246951,29.836029509901806,C
0.9041897779166075,9.951821206249388,6.338913898924022,2.278750150729735,4.41840555572079,23.89208058954054,Fail
4.1482565552135195,4.734211306334456,4.298519782898518,4.8968055138127164,8.602623666197733,26.680416824456945,C
8.419985528900614,7.9221703315535175,5.145199982883433,2.027874982548301,3.828641359725716,27.34387218561158,C
3.631325902594622,3.4404078861472787,3.04319347525439,9.828177234952365,0.004973150531231152,19.948077649479888,Fail
5.596403313082179,9.695265233240068,0.8957633729442904,2.204743254830838,9.423648465755225,27.8158236398526,C
0.8814224339079213,2.513740072904138,9.855774344892192,5.062422049084056,2.948702313015964,21.262061213804273,Fail
2.672098954860741,6.220595092821081,4.641958666449472,2.3622012683145446,4.071107154718845,19.967961137164686,Fail
7.379277689988003,9.072895614525718,4.562561011419732,5.2803030489517315,9.346372068218237,35.64140943310342,B
9.882621151431868,5.80194903247977,5.3485376754546445,3.4790867348724452,5.563342866058799,30.07553746029753,B
0.6022694490029745,6.295673951687717,7.3166001925602195,6.88712060676124,9.567318905380922,30.668983105393075,B
4.818372535762582,3.8487946088431513,2.911385674793693,6.3330104298834495,0.9032855552362551,18.814848804519134,Fail
4.638098246743763,3.3874449424367215,0.41927516964508027,9.174980964820548,2.7814360897853287,20.401235413431444,Fail
6.847251638810046,3.7092342510906495,2.4583126828997104,7.355063521523434,9.773940208242655,30.143802302566492,B
5.495288823237355,8.404495816388055,5.3602496097705075,5.820435784805732,1.0712143160831722,26.151684350284818,C
5.296505783560065,1.7056037800651846,7.085933076220029,7.717803522849628,1.9568998676961202,23.762746030391025,Fail
0.9135324272355583,1.0849834507043843,7.040830359006297,8.380909936850035,2.9729088421103667,20.393165015906643,Fail
1.8483839794702495,8.431991416236851,5.341118384025133,3.425202243088844,9.955690796673156,29.002386819494234,C
8.920465551771134,1.937389330248106,5.35518364460717,8.692584708267963,6.474468135218178,31.38009137011255,B
8.817173063953962,6.120038973314457,0.3049938964788135,3.427297124334067,9.331014872916123,28.000517930997425,C
9.646904788284608,0.8539769213508108,4.144068556705322,5.6259184874394865,2.8940364101525584,23.164905163932787,Fail
2.253812680067658,5.827214759837788,0.989428220505234,1.9432565202224972,3.047397562145159,14.061109742778337,Fail
7.907231648389636,6.95640215718936,5.78470923013724,2.310348002217636,9.718725349295546,32.67741638722942,B
5.753591731290985,6.324008951351965,0.7870700136851638,1.7676965053334293,8.297695830837844,22.930063032499387,Fail
4.04910814269844,9.70798149272672,8.747713325615964,5.479365161617328,3.4881088362434367,31.472276958901887,B
2.650472874092833,2.970769577964727,2.112814384987499,2.6790952357069053,4.923062374005278,15.336214446757243,Fail
0.3778450659567967,4.49087957168577,2.464925250702806,1.6005231770685002,8.874006902564439,17.80817996797831,Fail
9.69878826707639,8.530135589879254,1.1586799419138583,3.2009976683177435,9.30969491488347,31.89829638207072,B
7.126213330985128,2.134615161389688,8.988857538621453,6.8365428446357495,3.354453329192487,28.440682204824505,C
2.024805601652374,7.563317864801591,6.528730929701599,1.8582037551908526,8.840178597901833,26.81523674924825,C
0.9488423014757463,1.049903751251351,5.069321033959847,9.14788863298208,9.865223953225422,26.081179672894443,C
1.5253904291426135,8.372399995154593,8.904164741550378,0.26600230463005414,1.5076897355727104,20.57564720605035,Fail
6.954672066898622,4.009027225791261,0.527745825992818,2.52666200503471,5.645753668971301,19.663860792688713,Fail
2.0683711061660848,1.5386296945383704,8.414480255830602,2.3563395705047983,3.6864485627189945,18.06426918975885,Fail
3.930977246667604,7.90407475882988,0.7003522533116502,7.077891569099033,1.3760917206196144,20.98938754852778,Fail
1.5049549807258555,3.5422067803427595,7.083470794982576,2.3461719243031087,3.349523677674553,17.826328158028854,Fail
3.72688517012314,4.479424171771643,2.1217845510890787,2.917193238773741,0.9742696997720213,14.219556831529625,Fail
5.528148757183491,9.330940731098543,2.3810562747207875,6.35349639735958,6.056027248007155,29.649669408369554,C
8.539484630145436,0.2158991114267539,0.9013486475412724,2.500677128781291,7.460777604290668,19.61818712218542,Fail
2.9221823046189774,3.5182689708681147,5.780401116288002,0.5932418996861111,6.83745063287841,19.651544924339614,Fail
3.1484115540873536,5.452534462619703,3.854459509165964,8.006579087251154,2.827113697216943,23.28909831034112,Fail
2.9403971003999905,7.74676768373454,5.077539846326035,6.5169337149564255,7.33027717215927,29.61191551757626,C
9.551751604781325,6.274456098169422,6.86888311836002,7.279073033206487,8.602657691267964,38.57682154578522,B
8.69905933890321,3.548014192813734,3.2363717524023916,6.200805179129404,1.2872715163324644,22.9715219795812,Fail
4.276013337033373,3.5064928295401865,4.289541122325441,5.53647328866973,9.317712077019355,26.926232654588084,C
8.306227604317913,4.244338888575791,0.30650590707232417,5.927255497239385,1.7320622904773542,20.51639018768277,Fail
9.46378653358371,6.817359520656108,3.9129833598306876,2.60993815408228,1.7468409062948909,24.550908474447677,Fail
8.51484449313994,8.14227328073071,3.0553614678788685,8.712505544151318,2.7097357691559076,31.13472055505674,B
8.031705116327311,6.455339908801486,3.2793865903598807,9.819201795136825,2.32054086362959,29.906174274255093,C
2.419057725917578,7.262425885073709,7.5874089094918595,5.820630636785641,7.551356606888771,30.640879764157557,B
4.7116789893281465,4.737833623078222,9.714920564732138,8.324208554247095,3.294658538444881,30.78330026983048,B
4.466887217446649,3.4909698649408205,0.42613288370830116,3.929504361784054,5.165978711706472,17.4794730395863,Fail
9.800519429764847,6.168498512759221,0.5426977371655395,0.7924918644138546,2.61268870997007,19.91689625407353,Fail
6.729666223944324,9.11754332001477,8.568879542053569,9.28959149301185,8.834118802466094,42.5397993814906,A
6.034930960433787,5.416415078330531,6.987357051503006,4.938765800337931,9.97532283948779,33.352791730093045,B
6.64911724487218,7.156764801225769,7.3407591569362864,0.7609397304983045,1.8342185236973052,23.741799457229845,Fail
6.455343564105222,8.104019408589833,8.703539993056497,8.820017922146771,4.561818211571078,36.644739099469405,B
1.0802575413069138,0.9566871042821268,2.0381868018488323,1.7919262285536197,6.679086042509301,12.546143718500794,Fail
6.005831969871361,9.188528558831043,9.416427377373944,4.001229926704672,4.8803638285419195,33.49238166132294,B
6.721355474058786,2.29116613911399,4.58802315358292,4.988830555572299,8.757043302892955,27.34641862522095,C
7.075228189780428,8.492586264996465,2.8533849517467127,8.859557879610646,8.84792687749463,36.12868416362888,B
9.299217631456647,9.207648141223197,3.104329919783051,4.645110051365248,8.40327598013615,34.659581723964294,B
2.4150062799283347,5.017029841763491,5.795393434937254,5.877506804723286,2.1028970178438735,21.207833379196238,Fail
1.8613589775334793,2.0525752973627007,9.934799343336271,3.0397790914947276,0.048426787632800394,16.93693949735998,Fail
3.604268271414861,1.4081186209299945,9.113081631625708,0.49483487146372296,7.933880679864465,22.55418407529875,Fail
1.0294614470028618,4.010098197729668,0.012428786486790022,8.303888660307619,6.765031132264316,20.120908223791254,Fail
7.006114963944516,6.273244695231713,6.487259034753787,7.089339024832891,8.56208522655561,35.41804294531852,B
6.997130771543372,0.5297879330259692,5.206900875440511,5.390618903656813,1.8166407420144703,19.941079225681136,Fail
7.462548943502054,3.9289229583117913,6.743358037395014,5.990072127016558,8.132003283226636,32.256905349452055,B
9.143404426664835,5.9455256236094804,6.897827511400445,9.275658418396546,3.5560893662861903,34.8185053463575,B
3.9718688631712884,3.689143733536201,7.478572189189606,0.9334452447706143,0.04162189922499837,16.11465192989271,Fail
4.119465486122636,8.225837321614321,7.605851706775364,9.691406601612803,2.5371012618070496,32.179662377932175,B
0.23975447376531678,2.6054501410973785,2.5177593222717,0.6293595440244149,3.547855127184657,9.540178608343467,Fail
6.980743384786488,6.738985378607202,9.213177640914573,1.9342101283355029,8.193795480657569,33.06091201330133,B
2.9806620117000415,2.1068791703030145,7.086306979709835,5.856463270904639,1.516925371784511,19.54723680440204,Fail
1.26110141678625,7.291032835948762,6.708633545476147,4.7342667541646115,8.0448013519236,28.03983590429937,C
4.9232548000118195,9.921717144484095,7.105291726499621,6.821785260663404,7.828226295145166,36.6002752268041,B
0.40585712134695084,8.29425404186332,9.60562701625675,5.586370554350609,4.097452194995819,27.989560928813447,C
6.924928266692253,3.700035405750314,4.893019738368687,9.872789983842841,6.9088250524655805,32.29959844711968,B
3.4131864595005212,3.912768554069456,4.600719941981629,2.6646243179221396,4.85787408178261,19.449173355256356,Fail
6.898960033133608,9.754904983310556,7.928105616351604,5.857958722883058,6.1667952299580335,36.60672458563686,B
1.5620656868662197,1.825315510086739,2.4935463012534544,5.726624091206411,4.853944597641883,16.461496187054706,Fail
5.335544335535794,4.384093323592696,9.022549693766852,6.518504587994652,6.464281151638992,31.724973092528987,B
5.692064631294277,8.259736695834869,3.2943288056548683,9.15170628945463,5.485309093574216,31.88314551581286,B
3.7834758168264693,0.04197160830565205,2.0345305052922766,5.0121244897070625,0.41350892702211817,11.285611347153578,Fail
4.479716563821899,8.52350116683834,6.945244967855764,6.209626146313792,8.856752210988875,35.01484105581867,B
6.1828502101371985,6.948870858072801,9.758861880198653,0.7873009844207246,2.49545557942516,26.173339512254536,C
0.06464357789710551,5.241115412269552,8.644056243418639,5.7997671231447,9.48284732253745,29.232429679267447,C
3.488205339694793,4.864258350260718,3.5071671749216584,1.888287366539485,2.929529071381771,16.677447302798424,Fail
3.2085454274984357,1.3429696439518668,0.17414903941226023,2.5973593837447972,8.662178280944557,15.985201775551918,Fail
9.968742518459473,8.890923982489602,2.206133316835426,1.1715350007627279,5.8365799262541955,28.073914744801424,C
4.739212201161028,5.6544349956534266,7.86317144699262,3.2909326619140487,0.34851070117028926,21.896262006891412,Fail
1.1775108289014113,0.2580716819123108,0.7532004254455416,2.862444002121587,7.883539290399765,12.934766228780616,Fail
1.5987976336644139,1.3185198964339695,3.1920393582553075,9.946279185057321,9.19823835415061,25.25387442756162,C
8.465507758198628,4.091454218740372,7.214044133839545,7.008882362282424,1.8342546138433657,28.614143086904335,C
6.1562439668312665,1.4967750557044879,3.2120134869306503,1.146815786567471,4.263808821530906,16.27565711756478,Fail
4.181315997936227,9.229277651739684,5.429163499329398,1.7309480395950794,5.537943982581997,26.108649171182385,C
5.33323547859605,3.8133581712228426,5.435605896944697,8.503341994722833,9.939805845349301,33.02534738683572,B
6.933775385188524,5.465017138978831,8.594932898889782,9.293680900023313,5.331895828773915,35.61930215185436,B
7.359353919374455,4.366313208941603,0.4892154797499948,1.6972672269187716,6.806962294190494,20.71911212917532,Fail
6.200727559285135,1.8265161874377223,5.768197875912522,7.686681003916373,9.878894669837265,31.36101729638902,B
3.412444497577206,2.4413682080690635,5.872021298768121,5.284488673460757,4.586802788882769,21.597125466757916,Fail
0.4818601239329623,3.4539666206359607,7.1935583175052304,5.214949893959697,6.314793853987916,22.659128810021766,Fail
5.488728015425997,7.12604684254733,7.7882344933581145,5.907835232546398,5.9660936499860835,32.27693823386392,B
7.186037406901956,1.4184982191924211,7.648570491050411,2.229064642820399,5.27127159729342,23.753442357258606,Fail
4.910957293831651,0.5127033246315327,9.367681333721023,2.391551001473241,7.119304623167335,24.302197576824785,Fail
0.2583897222001119,1.2261922045743845,1.277260646231294,3.367898077704915,7.1269390535256205,13.256679704236326,Fail
9.322668839209722,3.1969568666625046,2.451795403422822,9.648294501031478,9.126208430847496,33.74592404117402,B
8.27302149737246,8.822124118173134,4.427542857506182,5.48316333093023,6.309695021856713,33.315546825838716,B
6.881176592063502,2.939165968905657,1.356166185430162,0.3143942297454705,5.179829683849783,16.670732659994574,Fail
1.8690729645011817,5.451908290902965,0.27428768766446066,4.181912117855484,9.357284939072697,21.13446599999679,Fail
2.320181803088107,8.7899230775865,4.898864402897694,4.354434917945992,9.346284061686523,29.709688263204818,C
9.173489015067489,0.8764237882974013,8.272336728041426,4.96537490082607,0.16968111607436942,23.457305548306753,Fail
5.125026487703317,7.929936513925114,3.7843808804844956,4.601850592704199,5.776863420172251,27.218057894989375,C
7.723183917356393,1.5928303734945848,9.184516719271222,9.428887960564042,2.5467163554711925,30.476135326157436,B
8.041655649838841,9.712962274285456,4.041161815461599,1.1499952665982394,4.288394396207411,27.234169402391547,C
6.666004790466192,2.9778707322929887,0.9452876400049559,6.112508881409278,2.027227245112795,18.728899289286208,Fail
2.3063864021426395,7.794883464715338,2.2732322508948064,4.935762010571951,5.502066808344759,22.81233093666949,Fail
5.149294953924828,0.5990470100336376,6.672070550215495,2.0270707954184184,6.869624373283231,21.31710768287561,Fail
0.6600984414024158,8.611302430447813,3.9047844052610667,7.440572370356515,4.549461649974332,25.166219297442144,C
2.388451604036069,0.6316773090303107,8.871967667221563,2.2111942456530342,0.6448511473780028,14.74814197331898,Fail
4.096710533759927,6.928083938491005,6.267125759567876,0.22965210288915738,4.292861230043049,21.814433564751013,Fail
4.904490967359499,5.132935824594983,7.485378626845845,8.253522128319764,1.4288467808012606,27.205174327921352,C
3.103084821045475,6.301855690545724,9.925380699054777,8.91542873923946,9.089288547481374,37.33503849736681,B
4.021563818439676,4.818912312704395,3.8489013496918165,7.455047847165227,7.244675756150425,27.389101084151537,C
5.819714019143988,2.7463687981698293,9.792335938301958,0.7190163982776698,4.0383106927245995,23.115745846618044,Fail
6.641257392833504,9.673859876636932,7.288923761497493,9.277903714639264,5.709357256381633,38.59130200198882,B
5.012756446257294,2.49681064339325,0.29442514744831505,6.03018234044388,1.2948084464485443,15.128983023991283,Fail
1.7845067409837478,5.607470778737649,8.504255619876322,7.911253168580164,2.216100031681215,26.023586339859097,C
9.442664891134338,4.6032698477783285,8.46228323115411,8.679934226938952,9.711380452888607,40.89953264989433,A
2.1603144039307223,7.761165984135006,6.7945414404991915,9.52922143555439,2.346449022974153,28.591692287093462,C
6.277080530714178,5.577647590980618,2.92180999418017,4.667058849215976,3.993897048050743,23.437494013141688,Fail
0.8412766225938284,0.9349236158398977,3.4804107044879338,5.217500985006688,3.0814260274233405,13.555537955351689,Fail
0.10284495935692028,4.129920601928876,4.441687808728045,8.749823415300936,6.677559753805572,24.10183653912035,Fail
5.880862458546977,5.220838091622765,0.6181904301141916,0.873849995046243,0.2557702103780546,12.84951118570823,Fail
2.2061195271121123,1.3157071187892622,8.56763887539463,1.2330112204652943,5.849684753263368,19.172161495024667,Fail
2.7752280490239256,1.9371594227956035,8.480756163755828,1.4567880871805416,6.199736602503759,20.849668325259657,Fail
8.564898411883222,6.8922973636295195,3.502151301315095,6.588428999655017,3.030164568110764,28.577940644593617,C
7.181230762264944,5.9823775985189656,8.300730982055773,5.348568696646127,0.14586824258827624,26.958776282074083,C
5.03345130606154,8.037549475691906,5.076103832751758,9.354627375078188,2.658687496191996,30.160419485775385,B
6.878986454790752,6.058529683838958,2.697184040959092,2.4498110339177948,6.343745529184762,24.42825674269136,Fail
6.635235939134523,9.928144622555386,0.6317804995381937,7.3443318874798935,2.528505996770549,27.067998945478546,C
1.6372895787917097,1.2223419285452608,8.07646127996572,2.8245567885821554,4.17144572604859,17.932095301933437,Fail
0.5182353682242691,4.430759329334489,3.291034310477686,9.531328593075122,5.528692037626718,23.300049638738287,Fail
2.3442560001151467,1.685691443921128,9.737593072430137,5.204632508497603,2.877197447748409,21.849370472712422,Fail
2.48539820927426,5.3593599312907125,6.397717210139645,8.569311828837737,0.38099497025789075,23.192782149800248,Fail
5.09113385187522,0.8032310568953338,7.911866872343638,8.039941911438413,6.363587001088682,28.209760693641286,C
2.129641615089107,9.582511722325032,0.4552549979974352,1.0364080849905588,4.37896687380385,17.582783294205985,Fail
4.218281785388314,0.08304841123329743,6.524581484879536,4.9544964267929785,1.618286033716162,17.39869414201029,Fail
0.08319942227192012,3.2973110714621234,4.544635068414696,3.180696328787419,8.837580658868934,19.943422549805092,Fail
0.39811439445753827,1.7483691546621116,5.7241906396549656,6.591854723058224,1.8913331227592522,16.35386203459209,Fail
6.302472194561579,2.6281427455294173,7.810977551241967,1.8667398219574105,9.184086769247099,27.792419082537474,C
4.490377603699617,6.809779292117637,7.794233641475729,5.018907727551386,2.714020259106179,26.82731852395055,C
5.956798241615296,7.048361975173365,8.022903079813608,4.52719960490768,4.133486404965481,29.68874930647543,C
3.024663174614697,7.776425696776891,3.378430523668544,8.11122834307385,6.62097216345863,28.911719901592612,C
6.825324595377216,1.4609069977308609,6.302102623992848,9.162612150932194,8.427530519681637,32.17847688771476,B
4.925353807142892,8.620177161300168,1.545018114953034,7.162007785535768,9.198978692387964,31.451535561319826,B
9.12207571249182,4.202326328014601,1.8707161520057103,8.73873152651466,7.253111408974307,31.1869611280011,B
9.865694907793266,9.877733321371224,2.909895150524202,0.3873648868866253,8.091399403164694,31.132087669740013,B
0.2440078155653802,3.864155618305812,7.532767271313036,0.6338489629950839,5.883659866252704,18.158439534432016,Fail
0.42422298206891695,2.8529772089022822,4.080102314975367,5.012434670235171,3.546506755316017,15.916243931497753,Fail
1.7410933533408435,0.30192015337188627,1.4741376648442739,3.176612285294973,6.191859397698841,12.885622854550817,Fail
9.271106288584273,3.95669914096316,6.233707602208972,1.239872066263673,5.3077376096143345,26.00912270763441,C
6.318372121697992,9.37987865459497,6.240209399944638,0.528056799164387,5.6762022746282845,28.14271925003027,C
2.576828885112137,3.985437143653825,1.910354777600769,9.055785009726202,9.596252660491425,27.124658476584358,C
1.9177345829367098,7.42570110742456,2.60218932324857,2.3507123290887986,3.9269363103478696,18.22327365304651,Fail
6.03755143837613,4.10902058988588,9.071853217341756,5.592271166913997,5.094411466747806,29.90510787926557,C
9.32867690126633,0.1686287008210441,0.7093106837100926,2.912967579780851,2.206755972922135,15.326339838500454,Fail
8.614180460955174,6.940199458245654,0.9310928060046075,9.192066338966171,3.6857456424561406,29.363284706627745,C
3.7667644042946247,7.0870428921364645,9.503871441791127,5.932400448489966,7.275689280930444,33.56576846764263,B
4.932474930259858,7.2709272922423605,5.277054209342938,9.391691148254061,2.2488700967955513,29.121017676894766,C
7.823854840582735,8.575876757624016,4.271560411496743,3.182740254363494,5.927378061710562,29.78141032577755,C
1.520248531286481,8.562676535240813,7.7857945413521605,3.318636104333609,6.0272594545727385,27.214615166785805,C
3.5000686847317874,3.8152769466031122,0.6900483920040201,7.525153234593546,9.315654521146268,24.846201779078733,Fail
2.5206988685017153,6.162018585572965,1.4379047584073301,9.74487343500851,1.1099891719762656,20.975484819466786,Fail
3.8451132764481253,0.7767241327283858,5.452621272468573,6.017696903718111,5.964006371628611,22.056161956991804,Fail
4.967668588591694,7.151056136180892,5.625810537646628,7.924383673996058,7.070841012148437,32.73975994856371,B
2.697496115169896,0.7276237623962711,7.32796719691153,3.9386622271218563,8.4995436306669,23.191292932266453,Fail
5.002785352077604,6.027298005076018,2.489832662315142,8.171964537163795,5.1271257966419,26.81900635327446,C
0.7324560410739012,5.678905483054052,4.401496313459585,0.278159955977334,7.021869956829773,18.112887750394645,Fail
8.032121232440932,1.7532167837859913,0.5149868193804097,6.601435196470793,5.595806410081322,22.49756644215945,Fail
3.0327514756759557,4.934442792827386,1.7522751301703,1.3462765278741184,7.577974647322603,18.643720573870365,Fail
4.187933190741614,4.394925125698636,2.9621526165170553,0.5277178787128722,6.913966845029767,18.986695656699943,Fail
0.180065556004545,9.915977755299853,1.3779977204399074,5.0999182779628285,6.965099736739959,23.539059046447093,Fail
5.336025467268785,1.6039387500614521,6.914791822415792,4.088918347053914,2.3458602441856744,20.289534630985614,Fail
4.338174195765295,9.40636550806243,2.4044812540807947,2.8593728891040158,2.3217298530830788,21.330123700095616,Fail
2.8182500329547198,3.4850579983159102,0.3736566013861109,0.3618860401535773,8.732352068171213,15.771202740981533,Fail
7.098047132723719,9.83280602575174,2.141084117279959,5.935809906729136,1.1552025403187505,26.162949722803305,C
1.5954468011318834,5.790725276859945,3.1487772591774976,1.4745096744053243,1.1409058277327555,13.150364839307406,Fail
1.7803596686975143,8.68628170510361,2.9679614048016454,7.5553353433934,8.188424328979528,29.178362450975698,C
7.974260216069281,4.6928227812024135,3.9351401266362074,9.26203016562519,5.057376655310359,30.92162994484345,B
2.4966895274023013,4.539329617429903,3.4948297722401414,3.874800055228432,7.493465141440144,21.89911411374092,Fail
1.6266081510548513,8.932065885508418,0.6956118348641471,2.652137753871849,3.5785654397210633,17.48498906502033,Fail
2.8666058128702296,7.553420154341339,9.740641242251492,4.254715330100369,7.894671121574774,32.310053661138205,B
3.7604179110915648,8.603503348085566,9.97940416284136,0.03393648214860545,8.59645443597623,30.973716340143326,B
2.4879178873917707,0.22250351926330958,9.994505229919636,0.8354578721620465,3.130900727102779,16.67128523583954,Fail
5.833687650971596,9.114540034548392,0.6344956087660358,5.02196913813564,8.188775511367119,28.793467943788784,C
9.758737549100537,3.992992560257859,3.6791093781607076,0.10417196739499812,0.32734212285170705,17.86235357776581,Fail
4.171934185645765,6.790690989769685,5.732973700866641,3.865117131280554,2.2687366895365404,22.829452697099185,Fail
3.3720203516895273,1.2989282629875543,8.57404169463591,4.712908510341904,4.314703176655602,22.2726019963105,Fail
6.836995457246208,3.363406385207668,6.8362468999115,5.337234150203635,9.494943752360207,31.868826644929218,B
5.185616886657339,4.298176981413819,0.7161191208951823,0.40166966930985537,3.6685090338485815,14.270091692124778,Fail
2.499728908688297,9.945051042205588,7.834801485088109,0.0679628474651428,6.9334854924962475,27.281029775943388,C
2.037173932776666,0.15107445587704382,9.619429670527364,7.3008851143598354,1.1155000207592514,20.22406319430016,Fail
8.144684825889358,8.140167355199301,3.083554392289515,4.294658265662033,4.226748209616095,27.8898130486563,C
7.2344781785000105,3.8721785707920473,8.283690072301976,0.3526301810514687,2.691934204494947,22.434911207140452,Fail
5.065499999085472,3.261497171193616,5.1148858812195375,0.7599099580661584,2.9367130524216742,17.138506061986458,Fail
6.503256863469369,5.658179928594681,6.589508470054467,3.0782778925933396,1.9138267875923765,23.743049942304232,Fail
9.436159201675988,9.151763371865977,6.783262046312632,2.2442688120883822,6.7012424128371695,34.31669584478015,B
7.147532764439458,5.311446325646639,8.31653487610195,6.481685384743745,9.698306396481247,36.95550574741304,B
6.464587416379305,0.7231057477279146,2.4511905717234352,0.7987067399629988,4.714748472726757,15.15233894852041,Fail
6.191214000466962,6.722525000742134,4.337627437925612,6.049954241370427,2.938418961363137,26.239739641868272,C
7.143266357349976,6.1584389442123575,6.489419359523327,9.340071412951037,9.5879509522166,38.719147026253296,B
8.670314961224486,3.927609189247192,1.9342959167995655,7.020233881890439,9.791476664980193,31.343930614141875,B
4.175807757849284,3.816210441766039,3.054375022948572,1.3504799872780338,6.2352969954435284,18.63217020528546,Fail
3.202987424967425,7.848913946638501,1.0452427156431188,7.0846468874555,8.560785981303935,27.742576956008477,C
7.643726622217359,9.408635478946973,2.2719541468770323,7.533500237925343,4.749597369923172,31.60741385588988,B
5.2547030735589315,3.7122764775743056,6.3856977806745405,6.865194587244617,9.060986023221194,31.27885794227359,B
5.786754085723934,0.04373982283009337,6.814458761198209,9.549271764283654,7.578049268263248,29.772273702299138,C
9.405373011029477,6.273371104253198,0.5556247271761794,0.14079092187602837,3.9078753802460664,20.28303514458095,Fail
1.3696663454423585,6.919314196730921,1.4359089828314897,2.513087239252463,5.857122160635566,18.0950989248928,Fail
5.550849493022863,3.369647878468298,6.602727827621713,9.361952296252191,8.789521230821123,33.674698726186186,B
4.498039907044287,8.226561227103854,5.131415132472662,7.829998382181971,2.9965559911371322,28.682570639939907,C
5.899176868546331,7.05113146638995,5.7495488555285625,4.325745218938831,5.833120140679902,28.858722550083577,C
2.5116926754840128,8.38149165376357,0.6137292981347886,7.7372392806301935,0.38137272807838074,19.62552563609095,Fail
0.09165550183816484,8.314532342453552,0.6029760135754969,3.1593834722319523,8.515501879056375,20.68404920915554,Fail
1.1159299995724747,2.865473985538171,9.879523682065647,1.0011454465601755,8.151723036866422,23.01379615060289,Fail
0.8010572660960225,9.892562386150589,0.689406122792201,2.5964123387649085,3.100024928799109,17.07946304260283,Fail
0.46684819899273755,7.1394271120737764,3.0429670155832564,9.813679748108296,9.033340638140043,29.49626271289811,C
1.6362382119166918,6.611305868257168,7.060024095671912,6.728016937160976,9.486623371232705,31.52220848423945,B
7.081720886452816,6.4009039658617,9.33629444033064,1.450040763417566,7.447231914283074,31.716191970345793,B
8.68409523946934,7.0727072594445515,5.020716073198236,4.6263921408961695,9.084942513366363,34.48885322637466,B
0.13001923510736035,1.2785381790869554,2.2203590637046036,1.2437234378458784,9.137605242320806,14.010245158065604,Fail
8.759049249998945,7.398216343655965,4.4612800941918636,1.1983418278863556,6.027010751387972,27.8438982671211,C
5.858630505279216,1.278058427952129,8.59361595691076,5.416969395880553,3.9372118656796062,25.084486151702265,C
9.092526944369924,0.890161247338962,5.179217336414418,1.065932585042193,1.9424167339871135,18.17025484715261,Fail
3.220805753162658,6.450845035298297,2.757363066355323,0.7677872368646699,7.238313892335184,20.43511498401613,Fail
9.416919866580306,4.206822370409284,7.288533698737658,1.6928127754296307,7.490118527640229,30.09520723879711,B
9.699265253451909,4.230144462417627,4.312369913906071,4.7964790052033255,2.0799225060699165,25.118181141048847,C
3.8495872263755713,0.13122125561633502,7.253754133245748,2.5776707560512166,4.299407971948197,18.111641343237068,Fail
8.041092460611317,7.877087308864188,1.8060250628013852,6.8000259153176765,4.2205278769489265,28.744758624543493,C
0.6875095208867732,5.372522720033387,5.070797990727135,7.9094423716883515,3.0098316118109656,22.05010421514661,Fail
1.4810079862712744,5.812827319610596,2.2305395470619036,5.002562093739751,7.614229579903359,22.141166526586886,Fail
3.252111962762113,2.308177851877816,7.452278808310727,6.753579716940069,1.5588503626600947,21.324998702550822,Fail
7.379509473975921,0.6437488351503962,2.077155217246914,7.058821929128381,6.999701101797614,24.158936557299228,Fail
1.811832790500828,8.94228042740247,2.922947658618158,2.637386972377068,6.343092713227341,22.657540562125867,Fail
6.037954529493877,8.823965347663638,4.132731773788691,5.459186903750311,3.0785135381376962,27.532352092834213,C
2.7470503280714365,0.6207013670851114,9.538810960981879,5.814859416631702,6.816370297014068,25.537792369784196,C
8.925232899548462,7.633906784413597,1.612368084346456,0.8734537513658991,3.6721218138314837,22.7170833335059,Fail
4.537537602503535,4.030755427002281,8.687327966579836,9.874495599132514,8.88526091798121,36.01537751319938,B
4.051971425753297,6.826418014450607,2.5429491455769915,5.323430478534048,7.59886808104961,26.343637145364553,C
7.753461504031356,0.3145719524602608,0.395955717990778,8.888856730064795,6.644804938644569,23.997650843191757,Fail
3.6901773241117275,5.666017175404895,4.070162350061598,1.6357940931731751,1.8845149220547497,16.946665864806143,Fail
5.793144666619378,8.79184917779098,0.6487921809393848,1.9254709776838463,1.7116835049182044,18.870940507951794,Fail
4.4457350106942854,8.6070203254215,6.470350245670872,4.168598201759838,2.7006126095907277,26.392316393137225,C
0.3700763471549262,2.7291716032437128,3.090268126204314,3.1157626725800136,6.967282944355699,16.272561693538666,Fail
2.1037208152983577,0.33196315065561754,6.775982107884423,0.8802402919022689,8.759420723638627,18.851327089379293,Fail
3.8705001193488697,2.6217155174161544,5.1406324647149635,4.282377405353872,7.869675641223875,23.784901148057735,Fail
0.7234838383605735,8.986118076342223,5.776109045737502,0.025087748422967238,2.3235224503918763,17.83432115925514,Fail
7.027382992895869,2.996978313800045,9.748966887556422,0.4501781855313325,5.299455940699983,25.52296232048365,C
5.372756736680381,3.761651104310777,5.5369508606732945,7.049918837513753,0.3308463445549181,22.052123883733124,Fail
8.099787436834724,8.299579189553185,6.942942781429461,9.961040885935457,6.667065649274063,39.97041594302689,B
3.915370996016292,3.4947449595816926,3.455075470124819,8.481653934794943,2.8464731446147273,22.193318505132474,Fail
8.015371118829895,5.078942095312776,0.16616226727160566,2.2395655173753437,1.1633572240877943,16.663398222877415,Fail
7.604646062760667,3.9317703158760042,7.504308488338632,5.97224402750011,3.3657604173739006,28.378729311849312,C
0.850563854892411,0.9257606705209875,9.785877558497821,8.723685277518516,2.302545308836649,22.588432670266386,Fail
5.026370931051921,3.3060080997000183,3.273455413990166,5.40008352159578,0.8284289848749538,17.834346951212837,Fail
8.011715032953248,3.7962646641271136,1.027554423205892,0.06322089542650122,9.392855456643298,22.291610472356055,Fail
2.8975145291376805,2.62880701989326,9.329560421420783,0.4404833616254977,3.5766275509820886,18.87299288305931,Fail
3.909174268411623,0.21806793124395596,8.964844936811717,5.862329891525718,5.3023000497214,24.256717077714413,Fail
6.614662053236518,6.059501730077111,4.4527002818156145,2.1119155889056507,0.07147038269232686,19.31025003672722,Fail
6.265925110932102,7.928445338371219,4.796867546204861,7.140375697281297,9.955327725695438,36.08694141848492,B
9.471529360063547,7.913415240196365,8.836037445630863,1.4614930548145921,2.856743894138872,30.539218994844244,B
3.917424505622782,5.68970033761241,3.675395886521824,5.830084937313012,5.930092280746514,25.042697947816542,C
3.450168399245661,6.134927718519796,4.6984382023984725,5.242635874557169,6.543140703513343,26.06931089823444,C
8.484253790905248,6.13072309882715,9.377849568016149,7.113812206306701,0.838915784701586,31.945554448756834,B
9.491124568882471,8.951471589717277,2.386259487126053,2.299221324106907,9.145291927403829,32.27336889723654,B
5.527070757185452,0.7494401269849682,0.036158617715676966,4.319889706504187,4.499084690350667,15.13164389874095,Fail
3.945760755976464,1.88174646052918,4.349713758317007,4.539861978901568,3.679223852803789,18.39630680652801,Fail
1.4119906353718492,9.887604058942618,0.2731951164174329,8.25412505952615,8.019962869653934,27.846877739911985,C
5.6585056031324665,2.172465724808804,6.191146953034209,7.988535565565012,9.410180766521824,31.42083461306232,B
2.4071258566350675,4.712948285333168,0.30524215935032184,2.976967126963136,3.2128828433397705,13.615166271621463,Fail
0.0756287497814212,6.277004136007399,4.822537385606217,0.2123049167397284,7.475194948409861,18.862670136544626,Fail
3.2539969815926773,6.22515868412716,7.546217827656064,0.9867209808541344,5.417159759430152,23.42925423366019,Fail
4.023705395413744,2.4952185758615233,9.940090280619833,2.330370065590981,7.926081365522494,26.715465683008574,C
8.526661531017206,8.431836266573512,1.4994132227583457,5.075471514326807,5.553023588871225,29.086406123547093,C
5.706831750719786,8.310067889897745,1.5002224985441937,1.5810757823889676,7.105853326512335,24.204051248063028,Fail
4.433800143791878,0.9976300403813354,0.15222471491490808,7.814562991080916,9.642985685167623,23.04120357533666,Fail
0.8257215803527718,6.442881565277788,0.4722863966546753,1.9490016166584867,1.8450417989513357,11.534932957895057,Fail
9.147493287276603,9.062673972898303,2.3053879217091335,9.088847502010866,4.765692194690095,34.370094878585,B
1.7014274017715791,1.29954904076921,1.5343702920906033,8.010955764308145,8.291704663110869,20.838007162050406,Fail
8.036934518773025,0.44660028877223756,4.082861198376239,4.5543326605052545,9.021022199655619,26.141750866082376,C
3.9718352961845484,3.6078840107872665,9.180475698814485,4.762541692149254,2.7783454587501732,24.30108215668573,Fail
2.375441308743275,9.403161532392643,6.69748117687824,2.306858434614485,1.562188607805014,22.34513106043365,Fail
6.248740996069989,3.686774238491447,5.160052921737911,2.282880662711656,8.904718605896825,26.283167424907827,C
2.859067892391601,2.87937748171415,0.4498113774550805,9.00811120945297,9.011195328474304,24.207563289488107,Fail
2.827654570600986,5.429499379481127,7.974269303831826,6.418898092248384,6.394519231267061,29.044840577429383,C
6.005347682064148,0.732315042772339,2.166822011459927,1.9305127639074537,6.826444214519778,17.661441714723644,Fail
9.54865280663194,1.9972828011123656,2.4396348141856325,2.655851973476776,6.15559584685329,22.797018242260002,Fail
2.207696127887604,2.4874326629118224,1.1088060859848503,3.849049686623861,1.3849558414730223,11.03794040488116,Fail
0.3757109039890738,0.10965916056447256,6.333579119730954,3.1953447433303497,3.7267736089471093,13.74106753656196,Fail
5.444969591038651,3.384805103679777,9.390691921010685,8.245779190187065,2.063997995996496,28.530243801912672,C
6.151291405411998,2.0179958134219023,7.920842965739525,3.674663195889382,1.6652267925823683,21.430020173045172,Fail
5.337254136714444,6.837348778214267,9.56526749577266,7.789100627055763,6.2462559353830995,35.775226973140235,B
0.6325340889867959,7.488391884618512,7.640867829913307,9.344006980141282,2.3125685631525847,27.41836934681248,C
1.616376937845918,0.6443762555269228,7.5304099631593715,7.813452400961374,2.6505808563752353,20.255196413868823,Fail
8.735753057597343,7.191643817788894,6.471426793301092,1.8998570118604519,8.810785324312176,33.109466004859954,B
1.4218137638735162,6.49580944617839,3.5034140211646827,3.9612287999491813,8.346527445002717,23.728793476168484,Fail
1.382755276778086,2.6905105508048566,8.73735302953439,2.7419446336829143,4.5305629408592365,20.083126431659483,Fail
2.5975378376032623,8.51282212216531,7.384251012428833,9.093375737908072,8.218466603180131,35.80645331328561,B
2.1427180931025958,1.6061402646920375,6.513584050512053,6.690837393220422,2.043314233271575,18.996594034798683,Fail
4.226291970136091,0.5596555726200703,4.276995147387187,3.6739022683161835,3.1445309042203817,15.881375862679914,Fail
9.150607325172224,6.185969615011015,1.179331948951745,9.447948012339307,2.9174180261477414,28.88127492762203,C
7.288705094885958,5.7391140603339785,2.716668066830147,8.47486857330783,2.299047556094739,26.51840335145265,C
0.8624917130396492,6.080704476990816,5.0968013352833115,0.9413549758813744,7.0256114847698665,20.006963985965015,Fail
4.821320989198419,0.7411917438595805,6.6929023815318605,4.081723887310367,8.010397302314743,24.34753630421497,Fail
8.808951605447525,5.351067800006034,9.92654747252716,1.2522593293323359,2.5036691976568273,27.842495404969885,C
0.05061583846218687,0.28457391843922486,5.980458224670234,1.7420203364319975,9.906759778258083,17.964428096261727,Fail
3.3720657556575206,2.1147032004974653,0.7374416514116067,3.4147113245502867,2.9986344973961696,12.63755642951305,Fail
5.93560935378786,9.524206947534562,9.053932329290053,9.517881064701506,9.941877663234674,43.97350735854866,A
3.667983206462684,0.6994401013863127,0.7916700047536207,9.964464173481376,1.2759489365128052,16.399506422596797,Fail
3.6695783181699526,7.212682934854172,8.194135045399953,5.390392769440919,5.703394570317467,30.170183638182465,B
6.966508238768922,7.636470325232199,6.860167359799549,4.450525190731238,5.6780080043932895,31.591679118925192,B
2.9129374720550527,2.870001790789699,5.100302088032547,7.896419016414242,5.34004035551073,24.11970072280227,Fail
3.5883048412350247,3.6420222264951607,3.348752761329502,7.962770109584505,5.8878604530180345,24.429710391662226,Fail
8.556960938375394,0.9058535754610175,7.852675610088865,1.6807646083749195,2.1271220483405173,21.12337678064071,Fail
9.367299887367345,6.2664368331175835,3.157927163358225,5.625968862453229,2.514801950137775,26.932434696434157,C
9.962244930446387,7.307623018532993,4.712183489993227,6.925502368087978,3.543105842017601,32.45065964907819,B
2.4124433603802786,9.328120149702567,9.241555866080342,5.176546818898772,2.8498077978026304,29.008473992864587,C
6.340057030996114,9.404013722621855,9.890739763678472,0.9702503907711202,2.756280189521012,29.36134109758857,C
4.945970527637588,8.453351220226423,9.605514828047605,7.487585158729645,4.799634372236625,35.29205610687789,B
3.2001611308739175,1.498162860461033,9.723386783438809,2.6009371350776487,9.292994805324811,26.315642715176217,C
6.018815896363221,8.012099002436289,3.083817068597352,2.736219673821897,9.987575480444184,29.838527121662942,C
2.731596203699451,6.218560854845759,2.1598819343575504,1.0425286572461434,5.761604110154803,17.914171760303706,Fail
0.7978912363400037,4.078629634256618,6.166756029300201,8.884655588699108,4.098661787943184,24.026594276539115,Fail
4.9045440851978475,8.721104087930271,2.9932010913923612,5.401288020649116,9.336591814719945,31.35672909988954,B
3.477700976044378,0.11556281014185599,6.996057476372204,4.114138024183629,1.3065469553603204,16.01000624210239,Fail
1.5676294759929466,4.607422172611716,7.101577812672309,0.5937564193109468,6.233447448326498,20.103833328914416,Fail
8.870864242651173,2.014614957931604,7.970993070673452,8.962267737783524,4.51726917291146,32.33600918195121,B
7.725225917625444,3.9551694310755714,9.302959407264291,7.89744826674486,0.6192036687302516,29.50000669144042,C
5.739751750317419,1.4337567106823956,6.248412440117078,1.1106658659358248,3.4049076477761817,17.937494414828898,Fail
8.463180127808737,7.132530312512708,1.8152263345395792,4.222856044659632,3.397638143868255,25.031430963388914,C
1.8643826214425452,8.262691498625811,0.5752678371465414,3.7666313900256574,4.776309520940417,19.245282868180972,Fail
5.2030770090379335,2.96501571023939,9.064151326404392,0.9221847567885455,9.769773207580144,27.924202010050408,C
8.514891816465466,8.976140083423852,8.62886608249486,3.42535069148299,7.357126101330329,36.902374775197494,B
5.251408517696296,2.2816733438058447,2.8570924486232774,2.2047959536778516,5.7041458351595145,18.299116098962784,Fail
7.850639210464312,5.437014196449175,7.305001678916022,2.8893871739897,4.472132421792107,27.954174681611317,C
2.005646595880699,9.41689208441949,5.69728669339117,6.179085432008028,7.806627783407444,31.10553858910683,B
6.946409588937278,4.764832078552704,6.119808635302267,1.271516645998757,5.256184834560188,24.358751783351195,Fail
1.2015925873562194,7.322402502058891,9.33236691239843,6.8642916726576475,8.130554258120164,32.85120793259135,B
2.9461939634619316,0.5369718793937428,9.411449472038798,4.595673088875483,9.072098505305476,26.562386909075432,C
0.1620039733946721,8.472094875733886,9.476572669690954,9.53597935814953,3.9428492191560007,31.589500096125043,B
9.928168389990704,6.842096705883705,9.850955233397977,0.05463324241878342,5.002228389088954,31.67808196078012,B
1.7833151242821632,9.41019822697234,8.886431808940863,9.43955923651756,7.121665339041263,36.64116973575419,B
9.317314247538246,4.2730604323448995,6.65386623785032,8.918834905152934,6.315186015743985,35.47826183863038,B
2.1208123747737773,1.7264064078029118,6.208882691817477,2.7642878498678316,7.395054540254598,20.215443864516597,Fail
7.716269109786077,1.011510579184286,6.534582782053961,2.8537795468388047,4.118087392748041,22.23422941061117,Fail
5.968518768877594,7.785458214226891,3.2581787910568316,9.928317948823985,9.031920210402944,35.97239393338825,B
5.024272871663764,4.85608317996847,6.179555210432506,5.864352035369994,1.5673311471107787,23.49159444454551,Fail
8.511507354259818,6.068314289137332,0.9812441319946019,5.596330242867316,8.374812006015329,29.532208024274397,C
1.4092422497476265,6.812092578215489,2.9341091001939503,1.373973810103708,6.268818032304835,18.798235770565608,Fail
1.9371705077629786,0.8163164985133831,3.271769425285439,8.29284495745025,4.332230363904925,18.650331752916976,Fail
0.6107795985486375,9.290763602568237,2.93746801625561,6.248104890245506,5.380148106865668,24.46726421448366,Fail
2.6560004258870604,7.538034837685449,2.8178549660455863,5.091525383027069,4.078168082796595,22.18158369544176,Fail
2.043163833989703,7.467704446194291,9.778114891381948,1.9446248773228147,9.347799074236308,30.581407123125068,B
0.9491793682166971,6.588347003588382,5.107829905154797,3.2946355595993637,0.5885648476767946,16.528556684236037,Fail
7.752440518349493,7.630193978156674,5.448535578360384,8.64431606155702,1.6619205545441706,31.137406690967744,B
9.14298806560499,1.9810419424108738,1.5485999752158175,8.991271010066118,1.7260011865109326,23.389902179808733,Fail
5.232862493002498,2.151302264246792,8.29334591632156,7.369656060934942,6.288056017934248,29.335222752440043,C
3.21495701247882,1.0972380124712011,5.422901390113669,7.681614245768392,6.678413778132159,24.09512443896424,Fail
7.890406042020471,1.3837086181363822,9.361260208818008,6.035117908141298,7.65343755695917,32.32393033407533,B
0.8147389771294189,9.05987906258915,8.608212607401725,8.245811229652748,4.70368132875998,31.432323205533024,B
3.70472102791382,6.147709531562623,6.0392828438530985,8.838358069313271,4.249675112208537,28.97974658485135,C
9.756102008599148,2.367980345961188,8.19711622753325,2.4664723633482764,9.374485607401548,32.16215655284341,B
6.346712732539414,2.693569181804941,2.3256854107333123,2.1816687020150125,0.411512402813925,13.959148429906604,Fail
4.008514167636399,0.08814833294472635,7.808146310852956,9.816027417145062,0.28463221683565854,22.0054684454148,Fail
1.698810060507353,5.098925757308717,7.400055386090457,7.897924883859737,2.9807310329245174,25.07644712069078,C
6.13170360743117,2.1581118641865817,9.397829464286401,1.6672359305904605,8.641128075237583,27.9960089417322,C
6.077367948788591,0.4001313053512434,2.0004863315363233,6.177283327469959,2.8280004756219412,17.483269388768058,Fail
7.161645381776111,3.418653719366941,5.695709030874186,0.6745664795042627,4.565853869213141,21.516428480734646,Fail
6.669274474586807,2.723845792632895,0.7585378579492075,5.695627406649163,9.080690443845423,24.927975975663497,Fail
2.016552112668922,3.9836128626674006,6.223035132347999,8.483172770180298,2.130566658511359,22.836939536375976,Fail
9.65609831380884,2.5939160742085585,7.343707882735938,5.724693542417141,9.10397122688276,34.42238704005324,B
4.51294113029255,7.7154993528781715,2.494798946317683,4.998631328677302,3.764389781262889,23.486260539428596,Fail
2.4099625799591795,0.6569042934064673,7.80624545163702,1.5910503915264906,6.6782285423862975,19.142391258915453,Fail
1.1072059332631567,7.92501681861466,0.8182392284596829,4.122995858408283,7.313659345608157,21.28711718435394,Fail
8.258167505647627,2.521951614279182,0.6523266126748684,2.3315799853660444,7.181749820025486,20.945775537993207,Fail
3.6229349000020483,3.9825640915701155,8.21230212669265,1.9384493065155883,9.125240853852262,26.881491278632666,C
5.6772731793105455,9.203898315000368,3.4000926690790534,3.75238381126929,5.844096770666409,27.877744745325664,C
9.746905960485515,9.707909905690295,4.7518916004214375,7.123232109262922,4.529731009953862,35.85967058581403,B
4.386553813503745,0.6583774216430249,6.426227549480159,5.78072787972485,0.35148339172960674,17.603370056081385,Fail
7.974205539416643,6.72567195094623,6.953489965083351,3.107581455831301,7.9224823431009135,32.68343125437843,B
3.5659617598620565,1.6952016032946238,5.927707197430223,1.6136772295436885,6.180247782361531,18.982795572492122,Fail
9.69302535619099,4.87249560345451,2.0058403008324035,1.6721491584268844,5.091598135184475,23.33510855408926,Fail
4.386154191895905,2.73871819705371,9.376537855579782,7.244216851730409,2.1022851847027377,25.84791228096254,C
7.834695600492677,2.3870080469897847,4.122725224743798,4.237547555388085,8.619718941819796,27.20169536943414,C
9.840894639665143,6.21883161454933,6.0399892899544145,7.695515715938976,1.242089287855901,31.037320547963763,B
5.0040114571020125,2.040730584018069,2.2160725674239545,1.4880830319107918,9.358383873756226,20.107281514211053,Fail
9.621859094918001,1.2815498456313268,4.179377069259153,3.970010327740577,9.36531163342389,28.418107970972947,C
5.771997464225614,6.706877646636611,5.774728981194759,7.531397391317766,7.552823224302032,33.33782470767678,B
8.378413809055186,7.740033129097597,3.2425800069796207,2.1021039395689933,3.1767311947286836,24.63986207943008,Fail
1.6905774913370575,0.3795048626088149,7.160332349413276,0.2575639174057798,7.090899782152368,16.578878402917297,Fail
7.139526325065898,7.1683720673390265,9.792999974174052,1.3744242585717859,4.053724704378353,29.529047329529114,C
1.205668857772788,7.283155104937347,0.1480342281846414,6.340996855258,9.350316576328565,24.328171622481342,Fail
1.3925407078470398,3.4544638580551346,4.523448529996449,0.9789963734932405,1.4605641389081214,11.810013608299984,Fail
7.066041289942177,1.7143220447471808,5.155639447214952,1.9713272185805053,7.612313354066401,23.519643354551217,Fail
2.842740929275167,5.522150680546295,7.258205206942847,1.2100503369922488,5.51100606009575,22.34415321385231,Fail
4.9674342800598446,1.922917232310798,5.489826490248694,8.524476678569936,8.511413192409034,29.416067873598305,C
9.562918815133614,5.139665125226456,5.195892783342569,9.26227657197305,8.650286839296575,37.81104013497227,B
2.2012924419752666,5.174655536537264,5.085190316125857,8.30517827748518,9.758955678431125,30.525272250554693,B
1.4528600974578665,7.081959379725364,7.800627423459461,4.740258347276677,7.369453087362632,28.445158335282,C
5.364103830800304,9.824898317940619,1.0951749194235916,7.444040838251119,1.6907173891377858,25.418935295553418,C
8.792795561570067,8.75653387674586,4.397641950284424,0.5974860532352599,3.0574825784867468,25.60194002032236,C
7.0149910146516605,5.509126399478857,6.69914018796436,8.587678513640101,0.9326204484632417,28.743556564198222,C
0.7893940294655555,7.870566539903663,2.241540044236986,2.2695962818706095,7.408641931643092,20.579738827119908,Fail
2.0802456273324887,5.45994135422975,5.728968616834146,0.7894224292440399,9.124433609397368,23.183011637037794,Fail
6.880455570741288,8.315694983648616,0.9976803385080635,9.612960289846598,1.4760094521940992,27.282800634938663,C
8.451208514960348,4.246834916969604,4.610987546341104,2.1855929128682905,3.4599234616134256,22.95454735275277,Fail
9.651186964360456,3.650456934761135,7.785554599115385,2.2181957276199418,6.739817164248777,30.045211390105695,B
8.763139699155088,2.8663685284826066,1.302279463585363,3.822793637278078,1.0126617028223972,17.76724303132353,Fail
3.0293090564042924,5.064611187670799,7.235782116411493,0.935232963269973,0.05383987611918939,16.318775199875745,Fail
4.773503981224013,1.2130470456516362,8.055166286830625,5.401129428037342,3.995922146875185,23.4387688886188,Fail
2.1351136631067194,3.9804317410409573,6.931321751936012,8.209058287018742,5.634958576461177,26.890884019563607,C
6.623179135395824,0.7727172626717704,4.600982579549186,2.0759916804317955,3.858359247580685,17.93122990562926,Fail
6.293986381352625,2.5151303967640084,8.45242103840832,7.567913427452954,0.09552776616969072,24.9249790101476,Fail
8.05119208754665,9.336165192303673,2.826548321636766,3.6635711489034883,0.46356266332647555,24.34103941371705,Fail
0.19172910749898242,2.0448195025057956,2.6042156853463663,3.774217278252344,3.2450797863573086,11.860061359960797,Fail
8.108785810079183,9.536564509632711,7.267391317296275,5.73577574047445,0.7093617944062047,31.357879171888825,B
3.7265712989414723,2.970909687803208,9.92465078777759,5.804795944416334,9.39033404166484,31.817261760603444,B
9.334131270234549,5.022944086937836,9.975713803665355,3.198453733850062,1.88962461991808,29.420867514605884,C
2.7340707193070624,0.7100678022258855,9.855122903884784,3.762861751049801,3.342440692917761,20.404563869385296,Fail
0.011120941961874076,2.799875494540973,9.892667452184176,4.303953268743158,2.78192122165261,19.789538379082792,Fail
0.664962673667775,5.090034454826182,9.576362939984355,4.2530543747758305,7.877474515887647,27.46188895914179,C
3.180396116945199,5.690465748936742,3.0747593520558247,6.806128120674648,3.3024310470252916,22.054180385637704,Fail
2.042421063684289,3.5456782111615084,4.775506553971711,6.230495000800127,6.4271535477206925,23.02125437733833,Fail
6.576128923003433,6.789454242806699,2.398415580575801,7.422223837867996,0.8121588399949209,23.99838142424885,Fail
9.539208038467223,1.901538629126105,6.412800749860455,9.334911700356123,2.9120225671273534,30.100481684937257,B
8.049889996807698,1.8560406395543316,2.09927427279493,8.199067984038756,7.396181662869746,27.60045455606546,C
3.9850473439737346,9.050781277944811,8.733413076045997,5.105753415560002,2.8994291686393403,29.774424282163885,C
8.030756423377449,3.6383271026838537,5.0131169987502044,9.982347235610812,0.2563085000313603,26.920856260453675,C
3.9814949352290654,2.029258857019882,2.6789562690917657,1.5653694649817795,6.297061516628193,16.552141042950687,Fail
5.702869387313905,4.118982976099366,3.616203140134371,6.743210994316085,8.576896668072425,28.75816316593615,C
0.0263215557958818,3.91735096285121,5.098080808478265,1.054340930341393,5.81802110558547,15.914115363052218,Fail
0.9148295792964711,1.8489739522319937,1.814648532600327,3.0826111890269168,3.883833921723755,11.544897174879463,Fail
5.368682179706021,8.71597150951561,3.059561420197624,7.970115999353298,4.998602011960784,30.112933120733338,B
6.433697250697605,3.5583037866766087,4.309314432700209,8.26511184207849,2.352269530200255,24.918696842353164,Fail
1.6910390042065149,9.585186081814264,0.1910208449685058,3.601720497713802,5.957996774218147,21.02696320292123,Fail
4.003566268398306,5.5550735232704564,8.352497040162337,3.7413669373807767,7.6368600975645675,29.289363866776444,C
4.457298209028692,4.835070745776653,1.0643371869970153,7.685961475313459,4.894126641919797,22.936794259035615,Fail
9.50279223611407,5.25631914599504,4.317437423249261,5.852840456830894,9.982711001214652,34.912100263403914,B
1.6686020169875282,9.407170796391085,5.048768014355995,4.542192067849121,8.875199193765326,29.541932089349057,C
4.095609272625093,6.4201358467524114,5.784324380201994,5.741861272725119,7.62180428236109,29.663735054665707,C
0.8613213906368034,2.9685203427998506,6.704097766011186,9.83276088517724,0.5151149213393535,20.881815305964434,Fail
4.303431736890725,0.21641794608235676,9.33892515777601,0.816820662595934,5.100388200268528,19.775983703613555,Fail
4.829688720853552,1.0715669692692342,6.038172189682717,6.6293497646613675,8.310247359056293,26.87902500352316,C
2.161358123109207,0.9851507346853383,1.89803958666388,7.770140130618197,4.688892944829556,17.503581519906177,Fail
2.2807977194893247,6.069222802265404,4.402791708407853,3.85904105869895,1.4327892789688068,18.044642567830337,Fail
9.81257577391277,8.355392792414255,9.140000370092778,2.023243614418365,9.162215979222147,38.493428530060314,B
8.721060637465811,2.6498077291688302,1.568522918963704,6.723879254616284,6.9053996981450005,26.568670238359633,C
6.04940813197755,5.7962852758314405,7.905117650912953,4.870427943630068,0.03647077432513357,24.657709776677148,Fail
2.2458238265390107,4.681777628802003,9.54561745348238,3.437314177077291,7.993366129655623,27.903899215556308,C
7.812906474056922,9.547775524252154,6.649854534886802,2.5473702873411517,5.19421109361846,31.75211791415549,B
3.1291954802882262,7.684105431140342,1.609033580525735,8.607973072178591,2.226666677807322,23.256974241940217,Fail
8.550302016199351,8.037519743040816,6.868303957515489,1.106458480933471,6.331844832686516,30.894429030375647,B
4.029801787651614,6.168840719663948,4.66256054243495,9.541420710859049,8.848940747518576,33.25156450812813,B
8.836839676879897,8.897137201243975,1.066130863112108,7.699082991798728,5.644649201507126,32.14383993454184,B
5.718722712271865,5.4812006498181844,8.06811683748072,7.5754538348580684,8.145788915089028,34.989282949517865,B
0.26532203873819715,5.887594635650095,1.4748397473726749,3.888067831487092,5.844712032866277,17.360536286114336,Fail
2.8266736054115906,7.701595230861526,7.862988160773022,3.0005083608380745,3.6376987422714846,25.0294641001557,C
2.508930456911025,9.146957435212146,8.809087649911007,2.8157472188228407,7.549101467995052,30.82982422885207,B
2.1906880910185778,4.910679496535785,7.509732596671058,5.5599872483407085,6.143658398450775,26.314745831016904,C
6.507243843338003,9.321300733011636,8.857272082369565,1.3638216354324206,6.295551419400383,32.34518971355201,B
0.07463140417219405,5.881115704556024,9.009344955292807,2.1448395787032224,7.063497605932016,24.173429248656262,Fail
7.699935530986108,8.741037960662108,7.087323325648648,4.024471271697116,3.112365159456184,30.66513324845016,B
7.728739363818531,8.04546692142533,8.717585297993377,4.928700328477893,1.1815181919071693,30.602010103622302,B
1.959828624191452,7.751907692939057,1.4364736507211961,0.5317328667648757,1.2112851707242123,12.89122800534079,Fail
1.1975996643219722,3.1252227132430646,0.8171475703630482,9.52206254251854,2.597032600665309,17.259065091111935,Fail
5.5787367566007315,8.365201944475789,7.794306078033432,2.1797717995197727,1.4581917985760184,25.376208377205742,C
5.464303160778473,3.4396061358356755,1.0476385768111884,6.424603344682945,5.825587939097411,22.201739157205694,Fail
5.142344384136116,8.927959395898858,0.22139162942145907,7.733086427256216,2.5232252454306945,24.548007082143343,Fail
1.425565550331156,6.126685297394793,9.762700632411219,7.71409011843181,7.462608677977721,32.4916502765467,B
3.7224529518607143,3.663833922565851,7.741933761274897,6.582381543912431,2.74666417736995,24.457266356983844,Fail
3.677859877561529,2.943481665153781,3.551661913907085,1.4840905375296343,2.055310427689596,13.712404421841624,Fail
5.13633383928651,6.781792934120665,1.6728473929341225,8.339039508622253,5.781378845993937,27.71139252095749,C
5.576886911854527,5.738240691889402,2.6242998505731805,5.854288284650792,5.4554095213343325,25.249125260302232,C
1.4431204368748152,9.338934381498634,5.348280782401147,0.791423959330193,8.484752484272008,25.406512044376797,C
8.167933695743475,2.9767197934630376,7.324217759293368,7.480386228745287,0.421371607295562,26.37062908454073,C
8.705269662693842,5.807610919522531,9.086616698450506,7.828739297791954,1.8837384761584186,33.31197505461726,B
8.344582528560966,0.3219642208733686,4.760426469439403,3.8310288987438756,8.019402346474074,25.27740446409169,C
8.861817721293452,2.535061889250146,1.6230784549646082,5.689650725499341,1.826778817236695,20.53638760824424,Fail
5.003583603843902,9.90384177698219,1.3211564437901002,6.971210372237521,7.502113731105685,30.701905927959398,B
5.222432600548044,9.782694859989881,1.5667213434751803,9.842170145647735,0.8865084049412264,27.300527354602067,C
0.21913328775008956,5.9310595511216455,3.16079718679505,4.90442252519467,5.0962183905755785,19.311630941437034,Fail
1.2292067846538757,8.019203922559827,5.920029821593453,7.719593096607621,7.123637130966528,30.011670756381307,B
3.952593154311578,7.824416352001934,3.7133335842734616,2.153733760910251,5.439679346235009,23.083756197732235,Fail
9.08917744121454,0.3541897328086374,4.325603005193433,6.913071428447815,2.9365132589590006,23.618554866623423,Fail
9.895053333843224,5.295630936483372,8.030461265598735,3.0420276763813114,6.691429276947012,32.95460248925366,B
4.467721588396069,6.4364137287872625,5.622353217144786,6.193522472923996,3.892035936996703,26.612046944248814,C
7.891712386073383,9.925898759338448,0.10175002589267512,0.9585780706695635,3.2245215412510464,22.102460783225116,Fail
9.713950940416396,9.329625485670794,5.287410115397792,5.154169622160554,3.005813736056424,32.49096989970196,B
4.813827117484275,7.960371548635623,0.676348762012462,8.316883538748721,9.356737953134527,31.124168920015606,B
2.399489037236313,5.483319985297958,8.579195484604066,8.796062020611812,8.348314310951553,33.6063808387017,B
6.916434019733182,9.112451557542997,3.831041668442321,7.989920885333458,0.4142386675739951,28.26408679862595,C
4.421561381128117,7.754145149664236,4.059847658269216,6.5203914416870425,6.063690509600312,28.819636140348926,C
6.565627023996523,5.890601535252912,4.17415395326445,9.531728170242486,9.054722143489416,35.216832826245785,B
0.5702691400361937,0.23806043258343013,5.448552571193019,0.2696987830052744,9.799385462858012,16.32596638967593,Fail
2.579028270449398,9.543459516233009,4.007352551136837,0.7198093165072694,1.656315208265725,18.505964862592236,Fail
0.8410680611499743,9.078906004128328,6.09246310375778,9.10760685746965,4.040825999612633,29.160870026118364,C
3.5135593465492674,5.954554827078454,2.240670469152124,3.723843379162921,1.449493358125169,16.882121380067936,Fail
5.445553246546755,3.934481532236358,6.608079429275284,1.471196841463841,1.8716757021918173,19.330986751714057,Fail
1.4689656887777924,9.751145070457257,4.560293035986761,3.1188740318861807,9.70828973597063,28.607567563078625,C
2.9238311041219314,1.4026721345916893,1.7709669429408381,9.10416047983988,3.2342878719745762,18.435918533468914,Fail
4.486936226225307,4.825384074666727,1.1009530526188638,2.6696194010122056,3.652187541573678,16.735080296096783,Fail
5.047955983045282,0.061286473136807906,0.5854142195007794,5.25712202011584,3.5047080064097482,14.456486702208457,Fail
1.2466268120326685,1.1797899943702572,0.027509955539209985,1.4649893311781004,3.2287355017704633,7.147651594890698,Fail
6.362913539792481,1.6972343974787296,9.224765337809798,0.9603742923634662,0.3557291703403975,18.60101673778487,Fail
2.8013411877537973,7.51705960179315,2.9829267843077667,3.9291806131940996,4.538895004846818,21.76940319189563,Fail
9.095484730121385,7.733531134834296,7.249822592095967,9.681579502116412,4.587410972296917,38.347828931464974,B
1.0860740234649258,2.4720570371064943,4.003346819759369,4.883736827163732,9.02597445145982,21.471189158954342,Fail
0.585509292439792,0.9083818106141417,1.081866573246606,3.5896091463428723,6.051834227669173,12.217201050312585,Fail
6.483180074520956,9.71218789960782,6.39688102145429,2.0425472441833445,8.216289905856623,32.85108614562303,B
2.325059922078312,4.606637447107039,1.09014744534506,2.818967122840493,3.010070403228383,13.850882340599288,Fail
4.296733633551479,3.477397822959257,6.83197850684997,3.514582876453871,4.066256687029199,22.186949526843776,Fail
5.952128341268748,2.1198152079926134,4.080682030359308,0.4514207386211888,3.530746876098344,16.1347931943402,Fail
8.65645036372732,9.688424070983915,3.8395146578913897,2.1405738800273957,9.280218556382318,33.60518152901234,B
5.329577865513353,2.06513164929784,0.8776147447888594,0.20343936614245828,5.4357230494262545,13.911486675168765,Fail
3.418721660386861,9.054686921374156,8.399039545565657,5.94956620558265,2.748058674219754,29.570073007129082,C
8.707499012725114,4.5012427263523875,6.391151283898032,5.069675623600469,5.544375764939008,30.213944411515012,B
8.994530845538351,2.9585116521204413,4.112158094824791,7.212991459055534,8.198216278861047,31.476408330400165,B
6.617186826439566,0.781096887511562,5.52369821609127,2.599140620855509,7.232629928877708,22.753752479775613,Fail
4.563168205509624,7.507896749485081,0.7077367014030544,9.579958210562276,6.168083012449848,28.526842879409884,C
2.1877170841087965,5.355083889644977,0.07272981478591567,8.720536538308254,5.237078439147541,21.573145765995484,Fail
3.567533266935893,2.2996141540103423,7.7303189870571725,0.6059691467330863,7.490836413359663,21.694271968096157,Fail
4.625347161331479,8.381592014010867,9.309729142428443,6.0394563012965055,0.9001902185216937,29.256314837588988,C
9.567204338893498,5.383394903500163,8.048589154657158,9.044748677107744,5.043819608185301,37.087756682343866,B
8.174497084911916,0.2116381398203826,3.600900958135508,9.95073215843425,6.303719893655489,28.241488234957547,C
1.8422483923802613,2.6751185735386662,4.423891171074567,6.5219078513128075,6.09716602663301,21.560332014939313,Fail
3.783156071652595,4.349591063512168,5.092742917624334,8.511076545842029,9.002040236060214,30.738606834691343,B
9.474772343956246,2.915853735121953,6.874407274628407,4.822841330874551,5.420321206468842,29.50819589105,C
0.8122963480667267,8.881779103783828,1.4510881712529822,2.8315117007631763,0.851526143589153,14.828201467455866,Fail
0.861161105063738,5.16676392605342,4.673924612204776,6.852819362121652,8.098387411213645,25.65305641665723,C
9.31912732597456,4.281348447110944,4.968638557447399,3.66603167112555,4.634646386192802,26.869792387851252,C
3.109823217156622,0.3206351709454158,0.8421345407068703,5.043349774966638,8.930599124360572,18.246541828136117,Fail
4.293227657041952,8.289590172106733,0.5979934192609881,4.326153912195782,2.565371614310422,20.072336774915875,Fail
1.0659303030799072,6.271383940611175,7.662389017464225,9.018081374423737,8.333486115544758,32.351270751123806,B
0.45648745502383736,4.178561865221314,4.8249937486574614,6.833188388805289,0.17233182755872933,16.465563285266633,Fail
4.094120718170183,3.1084615551739327,0.7895482693156819,1.1936706991540091,3.363929989260411,12.549731231074217,Fail
7.9639072261970885,8.025483033945797,3.9646812075173363,9.286556447333203,6.616274136846255,35.85690205183968,B
9.293759891275858,4.394482232929203,2.749911297899189,3.13700725825113,3.374795179787451,22.949955860142833,Fail
8.796014967117621,2.148711738491346,6.8723841433780155,2.8877535941054244,3.703419078921356,24.408283522013768,Fail
6.725184560770384,4.182640809025758,8.911031441677027,7.911886687763996,5.794818569288046,33.52556206852521,B
1.5174291295305242,8.299180309869588,7.68137129614871,6.2143363452563865,7.40481085076456,31.117127931569765,B
5.059316543195584,8.27150195503877,9.012164642607903,1.4006850732926157,4.885675792261175,28.629344006396046,C
2.933086107805647,3.2827229355815124,2.4850232750227352,3.9130050164494268,3.609439692236869,16.223277027096188,Fail
0.6644384435577488,7.7363664500576075,1.3140537180546374,1.4903992199541038,8.827146910865864,20.032404742489963,Fail
5.518287335341685,4.428583095794191,7.106705990412712,2.520760086441689,1.6994086058660096,21.273745113856286,Fail
7.158249646820885,4.196722921572683,5.479463040706094,9.829892097249846,4.1897935567623765,30.854121263111885,B
3.6456642751986443,5.320346868333901,9.530041552097204,1.0415385659751253,5.011787300064157,24.54937856166903,Fail
7.28370854339646,8.046716178555585,5.447248766557845,8.732044397726844,8.09538606019198,37.60510394642871,B
3.601906414112629,6.7719072367265545,9.115490483051731,9.163458535949664,6.479238685593989,35.13200135543457,B
7.02540501534807,7.464192328441049,1.1854093697564827,8.974863802339554,3.454157644953617,28.104028160838773,C
6.631478293998225,2.5125916346712707,6.7997607016106985,4.923967652917987,3.1787110035234303,24.04650928672161,Fail
5.801723692273323,8.833682980309119,8.847212727556213,2.544133065641585,6.60562050459606,32.632372970376295,B
8.461191855551117,5.658086341861742,1.992274437900201,0.8111467125112337,0.12897662403908217,17.05167597186338,Fail
5.365781900286203,7.836735930196038,9.413812499770293,2.7634400739554743,8.069128818048943,33.448899222256955,B
9.271778194794527,3.196480275876248,2.7083603769566578,9.494345212048987,4.721951983405571,29.39291604308199,C
6.262343214210638,4.68579804375139,9.379885277220563,8.471212261647178,4.28042431294376,33.07966310977353,B
0.8427055918076554,0.15216529690977199,5.448304133297851,0.1119852538092525,6.3632399582029855,12.918400234027516,Fail
2.7509888155912443,9.20000834749655,7.3910453620870715,5.913406333166802,2.281443245721971,27.536892104063636,C
1.0648176328470638,1.5816989040942608,0.2287794522190345,5.305994184407625,3.7862087353995655,11.96749890896755,Fail
8.025856795798129,9.442236744737867,2.812947955282449,2.810474009559616,6.0252297668727905,29.116745272250853,C
6.154207798208354,2.3946477953446674,6.306310471541632,6.165574768407945,6.5376738650600394,27.55841469856264,C
9.522217856975946,1.698828751608249,1.1914819347259398,9.520192404056951,6.071949410431686,28.004670357798773,C
2.748060355481361,4.320247996337416,1.1485606933517656,8.017478687537334,6.322211243423119,22.556558976130994,Fail
6.4592789302303935,9.037249203738076,3.7327861157271958,3.5640709555218466,3.608544675239942,26.401929880457452,C
1.557516228655298,5.987737041336166,1.2207967761509564,5.2654818751840695,1.3004700521468282,15.332001973473318,Fail
2.3921108803421873,5.411029164541511,8.938070253874942,6.276864344461144,4.367689311169148,27.38576395438893,C
8.419335667918087,2.750402589407334,1.352353754948079,8.55094036752848,4.121364290290699,25.19439667009268,C
7.61121537043158,0.0015774457805672881,6.272766405965142,9.64336522484919,8.789363786515029,32.31828823354151,B
9.835672065136631,4.735301628464783,5.947701672771571,6.167533270517151,1.448164798909407,28.134373435799542,C
7.062422271564962,4.559461857686613,1.6582997603949379,0.4797966121165509,9.958283743247446,23.71826424501051,Fail
9.523867523987246,1.8453505073664411,4.980103938344334,8.415298085164292,7.679904683224461,32.44452473808677,B
5.721229637222063,8.263592101750042,1.4720022816015577,1.8433189261423621,4.2463960900533495,21.546539036769374,Fail
4.398556397138349,1.1411475718677855,7.757557906202046,4.1146606625085225,7.199494367875447,24.61141690559215,Fail
9.894511309650564,5.267497498807476,4.531338487201699,1.2013751917326687,3.9126467747048146,24.807369262097225,Fail
4.18758990482655,3.2886063253067723,5.057778750460619,2.9266810724667582,2.2032545343196674,17.663910587380368,Fail
7.769463883925212,5.637022194181917,0.32529654585997214,4.254761067017771,0.7846339139347225,18.771177604919597,Fail
8.196248695476449,3.627366479724836,2.7291884740433394,4.896661007120569,1.359135510480638,20.80860016684583,Fail
5.62144753827585,6.61154269719093,6.078495289904011,7.494408467899401,4.409003176719183,30.214897169989374,B
0.516687216579611,9.448756419105443,2.523724765214709,5.844868253845268,8.691179889634103,27.025216544379134,C
3.830693697265067,7.882051110716313,6.823484264845198,3.306533060599728,0.23541387746265796,22.078176010888964,Fail
0.6337497047276774,0.9624649114071637,7.5686670195781875,9.776611848037303,4.616010198937209,23.55750368268754,Fail
2.54391580841847,4.87813481807599,5.598368028535897,1.7866320533120383,7.942338856474152,22.74938956481655,Fail
3.8585944683610904,5.000623265902081,3.5160046875787634,4.491411560497186,4.904851196654239,21.771485178993363,Fail
4.020272168882407,2.8895781914071716,0.425434849299009,8.228471805323217,7.376384214169565,22.94014122908137,Fail
7.364731746190728,8.829524558474972,8.1725881101388,4.516410272677376,9.160493395995209,38.043748083477084,B
6.830067734163569,4.647842059375008,4.387115488838004,5.259368750140431,2.0329356424166156,23.157329674933624,Fail
8.885992804371524,8.95934496291902,8.879852990466668,9.061902459259956,3.0683492404089363,38.8554424574261,B
2.6637764143002385,9.619718697740709,0.9124802689900235,5.267289444557804,1.1302725015973936,19.593537327186166,Fail
6.2478386278940246,2.6357295091860102,6.690954448552572,2.868818977933507,1.113658233648911,19.556999797215028,Fail
2.2845474133129873,8.865641126311521,2.3267817682208514,5.439762579598412,4.663153671950939,23.57988655939471,Fail
0.6150573645863855,8.46207769878963,5.689426510662752,9.204844283722855,8.063011913363678,32.034417771125305,B
1.7916391829015088,9.203002705727481,4.717805289126291,8.484757218061642,2.173680242186501,26.370884638003425,C
7.461309782386422,6.38048201147011,9.798350226329012,8.037687832974049,0.008582238277602405,31.686412091437195,B
2.986721573875497,7.96600456498377,4.281790381143606,0.6365851891764107,3.0618842182011763,18.93298592738046,Fail
5.335897301104087,4.914782344184464,1.8245748665149097,4.826809287713916,9.641058553017407,26.54312235253478,C
6.593539222057827,6.665384552976889,7.2941999325425675,5.437102633610332,5.699571132170896,31.68979747335851,B
3.0980687532246898,1.1160319945189179,1.619829269298243,1.575086381069264,5.6905755154050635,13.099591913516178,Fail
4.636984049399821,6.121662207231457,7.227407677716214,7.726874368954841,5.805857562846692,31.518785866149027,B
8.49600174982458,1.9118303909731627,1.5939834067243086,0.5225115712262063,6.344526600059881,18.86885371880814,Fail
8.667703545060002,3.342463741571313,4.504673277047577,8.811344139481188,3.175184626300495,28.501369329460577,C
1.6883360665257008,8.536957139810395,2.8537851757253954,8.80895803412283,8.040007407217661,29.928043823401982,C
2.894395216194879,1.5280580931828325,3.5648115866055106,7.2927983384110355,2.6111724432160752,17.891235677610332,Fail
2.10528488440613,7.617208910951879,0.8115941089361423,8.615350291921311,7.410286237117965,26.55972443333343,C
2.8247242637000367,8.739980116130832,2.9499294698397973,9.779383125459582,7.106203039641205,31.400220014771453,B
9.611905638239142,8.18542579905503,9.358127584827265,1.9767908423568203,5.210482627829572,34.34273249230783,B
5.953850173200438,0.5362839037144917,2.243026268249746,4.039550434871054,6.533984054293004,19.306694834328734,Fail
6.392628831813628,5.347397154135111,7.092695441722005,1.3256753886265815,3.9220348724959084,24.080431688793233,Fail
8.59434582833551,5.647286003989947,6.783338297091906,1.7824274809035368,4.4360735370402065,27.243471147361106,C
9.395685890251658,6.497907275126247,6.293503683763735,2.9470441503862577,0.8971968246882089,26.031337824216106,C
0.523550201874724,4.550517048081386,8.546832080928684,5.9844914367995585,8.94276323524307,28.548154002927426,C
0.30026005329392813,0.5598028486168638,7.760942862183243,4.723363608957327,3.0829919227708045,16.427361295822166,Fail
1.0687692309474384,1.2151116953766616,4.887824176847179,1.9654626421807642,7.9709148389808036,17.10808258433285,Fail
3.887263478765467,4.727068986362891,0.868364204400115,2.002594523103034,4.132405755278929,15.617696947910435,Fail
4.179992169203516,2.3551445155666286,3.9570214483403165,9.71644353832982,7.642584676822604,27.851186348262885,C
6.601973767177313,9.55621379781356,3.8221926762289105,6.599710045586776,9.705692781576369,36.285783068382926,B
5.653302545716099,3.3867960445703096,5.916894737431089,9.699389643125514,2.026005811943951,26.682388782786962,C
9.208418826173723,8.332094569102624,3.6570053019507354,2.615895960080671,2.533184231368528,26.346598888676283,C
3.1336940643035796,4.4750069761745115,1.617857344817476,7.362379546713607,2.6181538853054995,19.207091817314673,Fail
2.466884297439973,5.3478687543311505,2.9294211342772836,6.522836517021848,9.710492023636883,26.977502726707137,C
9.499611839502254,8.191645000962298,4.36736677794641,4.809825595833519,9.012912375938413,35.88136159018289,B
3.0126526076000038,3.3547661056086975,8.633042864353936,5.27936252526866,2.85593263461428,23.13575673744558,Fail
6.609738206496758,2.757462605850364,8.262137119506136,7.733578816103082,1.196300789797774,26.559217537754115,C
9.334133204495549,2.1430826216183165,3.4936520265975526,5.06116954846516,9.209311761005011,29.24134916218159,C
8.071555373648826,8.770272712616372,3.825737058156067,4.613475261902465,5.924616567788439,31.205656974112166,B
2.152690457858343,5.109967919343425,8.110797937356736,0.7332891204616565,7.619505935074812,23.72625137009497,Fail
1.8863224642407483,3.5523551733050263,7.29648208421219,2.9513031783301646,8.896744313942907,24.583207214031034,Fail
1.607598960483082,3.2909588031475954,6.2245187449034525,8.319938078789875,5.664473494118737,25.107488081442742,C
5.078050639587791,3.2546898867662266,1.114621395835168,9.18008594820634,2.1418433242866985,20.769291194682225,Fail
0.1071529769535895,7.612714296253603,8.507993783196138,2.352099259034498,3.949501111813781,22.52946142725161,Fail
4.971747640084273,1.742786785013607,8.806235159750223,0.9305330309373039,2.62552445471242,19.076827070497828,Fail
3.7345794513270523,3.0580258244947878,6.440946934361857,2.994551062613043,4.651244587625544,20.879347860422282,Fail
9.059116712346476,0.17300122740969814,3.5425230350223904,4.440635513442363,4.1539570631318075,21.369233551352735,Fail
3.2941665737444294,1.2955373776049561,0.4656848627375154,3.141335169254049,5.871382095076755,14.068106078417706,Fail
9.074631763464255,2.212353479179021,4.0659916164125045,6.353285065969595,3.324970883281251,25.031232808306623,C
4.406031140591748,0.4550423779029611,6.378441798877269,5.107182779128649,7.279160649993278,23.625858746493904,Fail
3.5562199925756555,5.719919453067082,3.8721299600232815,5.565953629235077,4.885205223631605,23.5994282585327,Fail
7.728400834265034,3.2602345227798493,7.971050223340935,3.858896437093833,1.8435561620554552,24.662138179535106,Fail
6.72262939932566,9.515481136767397,3.1316835508274754,6.798692319761393,0.26064892572764675,26.429135332409572,C
3.34878290136985,0.33133462193210894,7.805386926395003,5.16166366183259,0.24713937531430696,16.89430748684386,Fail
8.183804247795353,4.919403826093567,5.42855351031339,3.27662771285039,6.889925394335452,28.698314691388152,C
5.323102633799106,2.6928451980870936,0.14488686159288666,1.4720598547359276,1.3430632770360196,10.975957825251035,Fail
8.714140341908543,0.4321369954999832,2.4247963139561746,2.075787308543732,0.7764107754602201,14.423271735368651,Fail
5.1763893568943455,3.458261637856792,7.36068692022982,0.38803026524385054,0.9018070742089412,17.28517525443375,Fail
2.299546058910862,6.096935693740385,0.9448387517896362,6.024628089713293,3.732894392061916,19.09884298621609,Fail
1.957779856835461,7.40035944984177,6.003546855090818,4.732907373018863,0.7860757379827377,20.880669272769648,Fail
7.022587660316643,3.138793734837649,5.140524552935476,9.02266425423485,7.391623575284837,31.716193777609455,B
6.178472402012138,6.218819638903935,7.287614583323836,9.439266380988796,6.551579672905477,35.67575267813418,B
4.694068419892581,6.1658783807124635,1.7045952894662864,7.550854635716347,8.989379958828186,29.104776684615864,C
7.5631009698029406,9.302543199850561,3.8711105535235824,8.40359174298871,6.3929172846077105,35.5332637507735,B
0.1803200982523001,2.2106586504721673,3.1419163054841803,3.1875652291676992,3.7882931085846874,12.508753391961035,Fail
8.114659391516817,2.2448050123272836,2.5820439283705,2.4247782766798442,6.571994867406424,21.93828147630087,Fail
5.805883502780435,6.508788374957772,7.604564393598663,2.714878861425558,5.488890634957373,28.123005767719803,C
9.384682123658125,8.424664072126257,3.4372472382816044,0.35657643836702,3.578124235109036,25.181294107542044,C
1.8345788475886504,3.0160356629716456,0.7031659271775403,8.955921185013413,4.290642684911974,18.800344307663224,Fail
1.99156897597067,5.639244579209633,3.951480082336537,3.6459458932558295,9.534838878779183,24.763078409551852,Fail
1.5336482741574564,6.276067213320636,2.257722626974669,9.615692715496856,9.252639393357896,28.935770223307514,C
6.672123371941811,4.558825884241029,3.9027886398855225,0.5042407836138196,0.15814130611859545,15.796119985800777,Fail
8.107206729451748,9.150557297761544,0.43829845444440796,8.070874993507669,4.948530103433477,30.715467578598844,B
0.15394891691308477,9.688593354677884,4.12049225889386,4.035234519321577,8.296629881626984,26.294898931433387,C
2.650349181405475,3.814382981490072,3.7278275994185983,5.369863843736321,1.6206932574123722,17.18311686346284,Fail
0.5816379550547579,2.061461602801641,7.820463029629901,2.529331788059417,1.57751638878312,14.570410764328837,Fail
0.9783416065100148,8.588139146748567,9.695265606398866,5.564823060900633,0.5344506950056682,25.361020115563747,C
5.340277303847177,1.8575905620621014,9.568687598478888,3.5674519852231343,7.162774802337079,27.49678225194838,C
0.19651482746847804,5.893383779505478,9.82617753771433,6.922394633332072,9.454490938370006,32.292961716390366,B
1.7458398467636027,6.203428613172159,1.0437692881958427,4.0237893823677116,6.293809950402373,19.31063708090169,Fail
3.888514964741164,1.3778552067509686,3.8701240327862276,1.6961519447837847,6.481444819513794,17.31409096857594,Fail
2.3158299128899937,7.739607998232102,5.689499707633658,6.660117912761864,7.527477992813477,29.932533524331095,C
1.2804583895777244,8.026758125262868,8.603672346719318,8.114452100924915,8.474503127667234,34.49984409015206,B
6.363742815333744,6.211334068483314,5.6679984380471105,0.2839051822327643,2.6829905410080244,21.209971045104957,Fail
6.448326040223138,0.7180754544546919,9.701017643315614,1.011143761860941,4.170591735713936,22.04915463556832,Fail
1.9641921587201738,2.37131602383323,3.3738084548314564,1.8251708984593273,3.015266013287188,12.549753549131374,Fail
9.656320330745594,6.592445370508719,0.7337838974377597,9.858955209217559,5.782156813730378,32.62366162164001,B
5.924145688620425,6.539011463692574,2.188346775876926,3.2035127487362756,8.295292493824855,26.150309170751058,C
4.131944788027977,4.902028542056282,1.4823275223614174,0.8683083013741622,7.298762510850118,18.683371664669956,Fail
2.421834455937677,9.151407395173948,9.340437926474934,6.258337002244594,0.4891887166236297,27.661205496454784,C
6.8632719668609745,3.650512775418054,3.0763760810008964,0.5684198898388515,0.21121508807732114,14.369795801196098,Fail
2.2683710232549514,5.889725888763422,9.327310855094872,0.6602592751944769,2.3907093600378415,20.536376402345564,Fail
1.0187876413955654,4.2809287662494375,8.33748930920683,6.0057752799134665,1.9245641508555444,21.567545147620848,Fail
2.4317219099945406,0.7989368779136086,4.008631794863805,3.9343836323421275,4.35934904781729,15.533023262931373,Fail
7.146960890066222,3.0224939491319747,7.016020934701173,1.0529260653780537,2.260710776786783,20.499112616064206,Fail
7.665150495325847,5.714113930442343,1.4541615009261488,0.4031370735454831,7.396307689945837,22.63287069018566,Fail
0.09252522435902355,7.858716255931055,4.275807369730473,2.157306883345246,1.6074995497195865,15.991855283085384,Fail
8.525474212459706,0.4635326943427953,1.7313679127383252,1.1852994426914065,0.020246709822436815,11.92592097205467,Fail
0.9842418910136874,9.510906795670763,9.366882392848947,2.594347259452876,1.9444117711800024,24.400790110166273,Fail
0.4927365358277147,8.889522556906401,6.540330069815741,5.9270774330038485,3.6441227125565243,25.49378930811023,C
2.2726105355966233,0.4924440140828912,6.664967409043015,9.223805818388387,4.086705767944424,22.740533545055342,Fail
5.015179603501664,7.890739828816936,7.828967686723345,8.959253150385381,6.618419848379026,36.31256011780635,B
4.870160405162395,6.109276227880288,1.689844095595593,6.219698359070045,1.2578097242193564,20.146788811927678,Fail
7.651065916331309,6.428236882754317,8.770165616176712,2.196814505731355,4.105453601998423,29.151736522992113,C
0.8764274676383854,8.896937253275599,7.584467000075756,6.3611844292416455,5.810720616478187,29.529736766709576,C
5.644165877797477,0.41269747374621857,6.306372889592437,5.613550283435403,1.0616387758270807,19.038425300398618,Fail
3.6771580305943354,2.6039735874507164,8.172942615886548,0.6989605741087013,8.804576014514852,23.957610822555154,Fail
6.044889822584595,7.326856913968013,1.006621649634456,7.756728070724583,1.0893876160083071,23.224484072919953,Fail
6.91927363266592,9.940619833831104,1.4876857619040573,8.474578182240798,0.2845684969198359,27.106725907561714,C
6.924361513243697,4.728044641127247,6.0342985849476705,8.950611038489853,0.2855526083653037,26.92286838617377,C
9.603667746221303,8.924261775360394,1.9192180809081538,7.487546184761863,6.19259146936456,34.12728525661627,B
6.920736470243689,0.9483043884410136,2.5194021240911346,9.88544519236498,2.120042091547596,22.393930266688415,Fail
6.554359784406612,9.30480819579867,0.9576536010649483,2.8697482542129746,5.205851198879166,24.89242103436237,Fail
0.06982261880348117,8.594225908613044,2.9891915928407684,0.4591513626960564,1.3032400778796893,13.41563156083304,Fail
2.126443763710961,8.903144562136513,4.785953785959585,7.995946208292034,8.042364969799413,31.85385328989851,B
4.643502498821417,7.915410063332002,4.286532178522684,1.9296119853185811,0.1996886860316882,18.974745412026373,Fail
1.9545800036839989,6.050030613380331,0.7188789140512264,6.77960752615413,3.686251090816638,19.189348148086324,Fail
9.38719301977863,3.6282003047133147,3.152089925197213,4.205887478523671,8.447091667152698,28.820462395365528,C
3.301559503156044,9.260813467869188,1.6250515605918237,0.3675582462865923,0.9258470560871301,15.480829833990777,Fail
9.971245001577111,3.837739303556238,0.2819031549653628,5.20102642629248,3.3733402207862415,22.665254107177432,Fail
7.896181427945539,4.482265821082246,8.084022997975612,2.1734887957081286,3.790825213338287,26.42678425604981,C
5.993635517382656,5.034041088444616,3.6781625108103597,9.209724692111523,5.790153513666073,29.70571732241523,C
6.408263146902062,9.494954317391617,9.012547971029317,0.3432735192425884,8.022743230447615,33.2817821850132,B
8.71843527745232,6.627224233681778,9.968214498961826,6.19131870047114,2.3123843559918567,33.81757706655892,B
0.8709276679577149,5.051167184706744,8.413595989593324,6.893108081610592,7.6245609917401245,28.8533599156085,C
9.132405525564714,0.8863297474958076,9.973445492834983,9.04035739738738,6.805948446205999,35.83848660948888,B
0.16587828927856152,1.399189772269941,0.7202666573033634,9.41340351233171,9.149830951827624,20.8485691830112,Fail
9.264637979561849,0.7976342545107107,6.102755488893377,1.641101569480976,6.677170516418508,24.483299808865418,Fail
6.618603122150056,6.8320830954758645,0.7792713288112019,0.42473424947241933,8.871092750104824,23.525784546014364,Fail
8.285555979060813,9.549079089350034,0.662395020883535,2.208696301064552,8.738650845252174,29.44437723561111,C
9.709047114498695,4.103056135599151,4.77364883413808,9.327008166678302,8.712537240416298,36.62529749133052,B
2.4696116699189252,6.7198787140232605,3.5475517112975776,9.046901586293933,8.178124638822622,29.962068320356316,C
1.0551364640120109,9.11774547024143,6.532462153559258,6.321927812406656,7.1867894560806365,30.21406135629999,B
8.226143185136785,8.083646901768166,1.386210633674897,9.11386759212926,9.160516313132415,35.97038462584152,B
4.614774646247342,7.148559742004092,9.96554108175881,6.579175368470769,4.89297781491274,33.20102865339375,B
9.610703174694551,2.915767695757653,9.970748769131436,1.1047292605474401,1.9485281907483798,25.55047709087946,C
9.98421233923774,6.501635325176437,1.164547558586031,8.191193788839986,4.699284702946755,30.540873714786947,B
5.196116758030075,7.73418210905363,6.2883978855868286,8.645354379794473,2.6243187886538433,30.488369921118846,B
4.214245505924979,6.08758325129553,8.605952247159513,9.115586810070964,0.025293967947646046,28.048661782398632,C
9.265853832183812,7.557141336010847,1.5625831765764564,1.966668111476857,0.04500785483282366,20.397254311080797,Fail
5.124285513766563,5.219299528037602,0.6432528348244815,6.558644141148927,3.4848823021925246,21.030364319970097,Fail
8.014168109086272,5.805670235907876,0.09787888706205283,7.630059730262334,1.3675624374230655,22.9153393997416,Fail
5.502265421562617,9.450505533946036,8.178877421287492,8.769486168024969,0.4601135763141462,32.361248121135255,B
0.2716742122555982,5.809138982462784,8.922798858564818,8.46119699189944,1.9034702929344505,25.36827933811709,C
5.657515642245824,7.652433228607584,9.997320842956723,6.9820849645234,4.629511678071228,34.91886635640476,B
9.303984201693256,3.7908672304885216,3.5620293050970986,6.824609786449268,5.109860073924182,28.591350597652326,C
5.649526076524732,0.17589916212524592,1.0758844459987438,3.0198261105968713,2.1099342262091794,12.031070021454774,Fail
7.054966519346238,7.310357583283108,0.18966384731041175,4.2488503789965115,7.775619262108798,26.579457591045067,C
9.14886150121504,9.960669551947968,8.896144679289797,2.582164179013764,5.639667711965542,36.22750762343211,B
5.601159830093484,6.079882311965377,4.145385128512583,8.918690605930866,2.2758236986076197,27.02094157510993,C
1.2703357597323173,5.718757164709517,2.656386663803172,9.891704007670942,8.179935628896297,27.717119224812244,C
3.508191093350156,1.7551145246549615,3.7847176481365343,6.471304604975934,5.556826845081923,21.076154716199508,Fail
9.567998154842861,1.6562005941017133,9.734026089283562,3.2358381323615273,5.578727599891367,29.77279057048103,C
8.664231835397002,3.7236629822860268,5.553115572870575,0.26995991755201953,8.138081884565025,26.349052192670648,C
5.809685866315925,2.944307779494544,1.47635185121485,0.9448544040707918,1.644889540561968,12.820089441658078,Fail
1.9258163245852788,6.713340311030056,0.6199993833810802,5.942471489736228,1.5619369334506727,16.763564442183316,Fail
5.2964452703513345,0.5862955909861545,0.7771246200352666,7.9558901376954685,1.7350524246147059,16.35080804368293,Fail
7.910040740654073,7.535853589994951,9.664786729045225,8.115789444508323,6.120699986131903,39.34717049033448,B
3.050996868195266,5.7189896766037,9.774204746068696,1.5565201085764058,1.3062000954764363,21.406911494920507,Fail
2.3987411275594472,2.944640988411602,3.921566552412288,9.711091229821173,6.864362435394149,25.84040233359866,C
7.089000062515824,4.9326443410510645,5.177166663025215,4.1497297648532,9.829020761679809,31.177561593125112,B
3.1187943576372525,2.115205177442274,9.682935582729513,5.888967815147237,4.972758259667791,25.778661192624067,C
0.4013885908536652,8.225360189134717,0.6344930366003787,1.4933599476726644,3.889542901706956,14.64414466596838,Fail
7.900832499714378,3.3466500998454487,1.7516616415078667,9.809525047399328,6.785680368324246,29.59434965679127,C
9.14548663848559,2.008707356916577,7.518897916419775,6.154189304079746,3.6288103433947394,28.45609155929643,C
7.55137255673619,3.097645831851871,1.014081462375308,1.5804858260159804,9.32597996782375,22.5695656448031,Fail
3.3924066117383633,3.908335492672218,6.494004673774935,6.714130996720948,6.641910808818076,27.15078858372454,C
7.71243074033178,0.9949941425661568,3.464988895203196,3.9614753804484337,5.062067876216803,21.195957034766373,Fail
3.079299415911909,4.958400311040241,5.445478537124773,0.09352638395181301,2.325064224067334,15.90176887209607,Fail
8.22537242923169,5.128826025095737,1.8521571815056104,3.081940936594534,4.622474565322625,22.910771137750196,Fail
7.259799099852955,6.296726518598873,1.8232876255507124,8.023181810271366,4.2478973749672,27.65089242924111,C
7.9402518927029595,6.465350987807326,1.6213194527517016,9.131845626581134,8.281176999930576,33.4399449597737,B
3.207335823115712,3.556873898943743,9.019314590929316,2.068315810651453,5.090606883003467,22.94244700664369,Fail
9.344330387534415,6.5343192417436216,1.6054008660175978,5.6495450404969105,2.1613064250131995,25.294901960805745,C
8.842451739289542,1.110463872918983,6.788073436383856,9.021611170434468,3.613616578067773,29.376216797094624,C
9.32554878419312,9.629759423644856,3.096228929261563,0.37038107994374125,9.154826066806725,31.576744283850005,B
0.8346408498938329,7.889508965412335,9.625728861611929,4.583908561988499,9.979212767191681,32.91300000609828,B
0.5032293293466394,5.6572791134429234,2.2003992385462112,4.231727292215899,8.680237210239842,21.272872183791513,Fail
2.5695229950846987,2.844203239037916,2.938710471095444,1.0314006289516109,1.4412061183981095,10.82504345256778,Fail
5.360963663441204,0.26347332193917605,4.884694822499353,7.7197341070897885,4.266332784533118,22.495198699502637,Fail
2.1546290727573005,7.192878001522802,4.004538086817448,7.338306378346071,8.945819076593741,29.63617061603736,C
6.840248616920718,4.533535379141953,6.161142358305238,9.691823039377393,5.029941921285977,32.256691315031276,B
5.251633836670601,7.081473345985572,8.174495144763007,5.2389623239274385,8.839742987118493,34.58630763846511,B
3.616660831950428,1.9241103788713931,2.3857052394569314,5.145078780784052,1.2841469579543952,14.355702189017201,Fail
4.513870243296755,7.1038764743829805,5.8271870213302215,2.128132259615664,2.784397132706956,22.35746313133258,Fail
6.574443271774648,2.4681174515403614,2.3359977074122487,0.48630363914567654,0.15992021581576532,12.0247822856887,Fail
0.8023374566164221,2.045936142917758,5.939807532071447,0.2817261130510462,9.471864655581935,18.54167190023861,Fail
1.8772240569225207,9.699255735659435,7.667784245332432,3.18337314430872,1.3116365250413886,23.7392737072645,Fail
6.588554042268422,7.4336125048792425,5.0143736021123235,5.6746566076990055,5.921849901299412,30.633046658258408,B
9.994137257706665,6.72084390606063,2.607913855244549,8.154412464879698,4.468655742385731,31.945963226277275,B
3.4588305695295674,2.0674664574023915,4.731650482340716,6.0272592384075265,4.700649216917906,20.98585596459811,Fail
8.425345083518017,2.946182996849034,1.0079037073161956,5.1544936017469425,8.825776091089898,26.359701480520087,C
5.05852692951829,3.3190628489749674,4.684352787070937,8.245946415509502,0.4522529307768919,21.76014191185059,Fail
9.514448256630919,2.3502878711813366,5.313678638213388,1.0778826179928402,0.17823837260092068,18.434535756619404,Fail
3.373590783572796,0.3218440321540217,4.530345683557319,4.20141152213175,5.290156905699694,17.71734892711558,Fail
1.626169393448913,4.317328238428492,7.125442652865932,1.4917471445425556,9.176935498488882,23.737622927774773,Fail
1.7170998897368817,7.241924466541549,6.820768180511428,3.3753794563137385,7.453829563109936,26.609001556213535,C
9.109271844938425,4.529981008299639,6.456659112123447,0.7633812541131713,3.5768210995967555,24.436114319071436,Fail
3.186972572853973,2.660877358689496,0.14908788883018498,6.836424304861594,2.0676655522943355,14.901027677529584,Fail
4.60868735269652,2.2297747478768137,5.818783478916334,5.2967411870083945,6.245307317743087,24.19929408424115,Fail
9.554481914380675,8.280549729692728,2.5912010427142285,5.039253538248326,2.141603439331712,27.60708966436767,C
8.87751524671688,0.8985791800004683,4.65838638919246,4.240692968309894,9.92458427692047,28.59975806114017,C
9.553346865039282,2.212215141822992,4.489314454335113,1.7885668482765438,5.472851676961841,23.516294986435774,Fail
0.19401245618215435,7.062281699579737,2.0982603594871696,1.8388439268682877,4.384725066549735,15.578123508667083,Fail
9.658323197183327,4.525336440293007,9.961602962166742,8.105331432147281,3.970759546870272,36.221353578660626,B
5.65133183589209,3.487028108429784,3.6777467215426363,7.2559024233617535,7.579704586807576,27.65171367603384,C
4.717563093908743,6.508383588369067,2.2376402040769836,4.342433920990471,0.07557841394162268,17.881599221286887,Fail
3.650475666926015,3.5399556954466673,8.035740853838728,2.638824928499246,0.09852499521737279,17.96352213992803,Fail
0.2916976364526447,1.1074850783050905,7.394128893979616,5.894036132025465,7.9221759209397655,22.609523661702582,Fail
7.253896016618326,9.961507905301366,5.076488296842998,3.8202463773941853,9.844004993061018,35.956143589217895,B
0.799824827967548,2.7722500742188227,8.281352338029581,4.143264308269132,4.959295809187364,20.95598735767245,Fail
0.2535074341545751,9.534358247578352,2.7893530863768765,0.6960783372315926,5.415073863404433,18.688370968745826,Fail
3.8389122137321143,8.771549003711943,3.117640516521296,0.820947265907741,9.916877376561255,26.465926376434354,C
8.622029736581888,8.504529177837904,2.959238110626332,5.862922202456428,9.710912652249847,35.6596318797524,B
1.533514031160802,7.866525160763468,0.5297177482036797,1.782187658886043,5.735859979388103,17.447804578402096,Fail
1.3065234382346291,2.12623189619313,2.285870587048169,3.2293576124438883,0.3979362284541732,9.345919762373988,Fail
9.423009379012067,9.452962449373846,3.6319379261232996,8.867171556146513,5.622522233596923,36.99760354425265,B
4.051026945275664,9.673191722305912,2.354501456269431,0.5997408664689385,6.1285060348773515,22.806967025197295,Fail
9.837115832091518,6.9614592493854115,7.000641724932006,2.0052507758923577,8.118129173963744,33.92259675626504,B
6.082113767664467,5.394265145762364,1.0764242183346384,9.952806070654267,9.259180886717914,31.76479008913365,B
8.4144755308476,2.3117588313739423,5.219158706823186,5.247619540212498,0.6700865542853285,21.863099163542557,Fail
2.706836043017311,8.505221096049745,3.2447345832311116,3.567417890459099,4.341821907396634,22.366031520153904,Fail
7.856666019444561,4.499595763686095,7.291025786033003,2.0405884209851957,1.4806362119147631,23.168512202063617,Fail
1.1816482762165625,7.88581765108471,5.659337486920473,1.1931191351696757,8.07231291680353,23.99223546619495,Fail
9.159430039540524,0.8823432528563446,0.9067465061294899,0.9358778978090543,4.511815436999833,16.396213133335245,Fail
5.675408482615581,5.538309158678235,3.2990096014906447,9.670879097781137,3.2037804416383797,27.387386782203976,C
9.963343376272473,2.0315393718996813,8.178464430604302,4.02990399436754,1.221047926303771,25.42429909944777,C
0.40868616266478863,4.739197609111919,9.7065163304779,0.501787769163633,5.452920975063491,20.80910884648173,Fail
6.7743807122829445,2.921768033820449,6.685625255621098,7.829355125008844,0.21346099428363519,24.42459012101697,Fail
1.3457626710410775,7.051889789173547,9.123530869891383,1.9767343821589511,4.733479786732157,24.231397498997115,Fail
2.631125699108429,0.7396318727095597,6.4692669796568545,5.221616962187704,3.082249014031108,18.143890527693657,Fail
3.9998301829356855,0.05941755844354413,5.939440528068588,4.013653883132652,7.828954590419784,21.841296743000253,Fail
2.0403563462889887,4.992115035332667,8.577670928664086,9.472969633928585,6.3661397971560865,31.449251741370414,B
7.886149646724064,9.24612532332972,6.902895299335833,2.8206167832119333,3.905865211287111,30.76165226388866,B
9.961576734987789,1.7661369257412285,2.740478081979354,8.441785085044625,4.050396163405059,26.96037299115806,C
3.040946359712838,1.8313537157176984,0.014503165911271543,1.1430755388435632,8.7921127076173,14.82199148780267,Fail
1.8042382208137042,3.6533926361070046,1.8592794624848197,6.445618912695833,8.52728936676751,22.28981859886887,Fail
3.189756302937613,4.935003640726166,5.567894769188467,7.185363289957758,6.236277495178657,27.114295497988657,C
1.8447625313363936,8.77758342192733,4.545961069547201,7.3662353432716285,7.538300784877634,30.07284315096019,B
4.196273828068104,4.019201869926765,1.860975677829041,3.9221528577931606,6.175856779093686,20.174461012710754,Fail
7.385390394759076,9.521238781308707,9.263200487579697,8.677639141153135,9.083383212925257,43.93085201772587,A
8.715518564582478,6.903933385936837,7.522219217643762,4.0672000683306955,6.883128325456186,34.09199956194996,B
2.856259885622431,4.684095450243587,1.2564097710959643,7.90036313976274,7.528375876017228,24.225504122741953,Fail
2.7426185015889972,7.189098153252109,9.927512732519512,2.5181035045387934,1.9987204206266262,24.37605331252604,Fail
0.9669455978756714,7.163310272566953,2.8020286713891993,0.47515782685644714,3.124313446683807,14.531755815372078,Fail
7.384492092513265,2.1548198278557464,0.6598090311621319,6.748876816694736,4.611151631763841,21.55914939998972,Fail
2.709426983163654,5.399482272213843,3.5844944713356366,1.101319383354492,5.345702083654716,18.140425193722344,Fail
0.18081092205685434,2.3590086669828834,6.552612623007592,9.122434709742006,8.62348749449157,26.838354416280907,C
9.182390866754371,5.275145198885448,6.085190982103903,9.434627330404629,7.397384506387108,37.374738884535454,B
8.179847710772053,4.299397477851188,0.19298375401592516,9.304122596129039,8.666980949763966,30.643332488532174,B
4.648498037040522,5.203922259929623,9.5803451968961,0.5037417142394174,4.999949469607158,24.93645667771282,Fail
3.4728847430569774,6.738653939196881,6.044985925331613,4.757100963867962,1.3505322670899156,22.36415783854335,Fail
7.653633638580407,5.1432647890985885,6.510789757492526,5.819733580414061,6.544843906823702,31.67226567240928,B
4.226866196574257,2.5653261761097843,1.2433657343946525,7.787511242876262,4.735785203358987,20.558854553313942,Fail
4.768388777331244,1.4586912695389609,0.9419245708313717,1.8545113870521124,7.11928437115068,16.14280037590437,Fail
6.960798615670392,9.31022279070994,1.0527306220633847,1.0674201789443605,4.454416039221264,22.845588246609342,Fail
8.124136576239005,9.65510824567933,7.804236689714765,7.662431342092142,9.899337655361988,43.14525050908723,A
7.800480870400435,7.52310970673456,6.483363201525237,5.495324571892244,1.319099927237103,28.621378277789578,C
0.8352491468001877,0.7748729013574951,2.073779804363417,3.3448309081347105,4.58489625125293,11.61362901190874,Fail
0.21269410850387138,1.6683823442083467,0.2337757539544416,5.535239541623472,9.471806498263312,17.121898246553442,Fail
5.270076245815337,2.8217864564923314,7.819675630706586,6.053550514808296,9.89319793474695,31.8582867825695,B
4.030387579071322,1.6697788222901044,3.8538175327486734,9.70669226196462,7.964200182593585,27.224876378668306,C
3.163754073876829,7.922159038047747,4.388401327161534,0.40345758732367787,0.044689359291500974,15.92246138570129,Fail
3.495063720868188,5.435439146494421,7.124507647119776,2.9532852014020117,9.655925944739431,28.664221660623824,C
5.778070502510847,1.348748464080477,9.577866361101016,0.46461662277545446,1.5037667131038013,18.673068663571595,Fail
4.346781483164702,6.213020891720989,5.969512171607358,1.318517965034246,8.050508034826725,25.89834054635402,C
0.7824209858002273,8.215883614858138,5.800486593363733,5.630770950474711,6.337785914565751,26.767348059062563,C
2.7307080997281243,3.8715539405398314,9.699520478171866,1.0181941748678103,1.8202352111677145,19.140211904475343,Fail
4.850179875240412,6.144212982230295,9.540873530357143,4.854721502397334,9.00114482140243,34.39113271162762,B
3.959704726624549,6.593990799053714,3.1306798931256683,1.5944415620745933,7.853532830523928,23.132349811402452,Fail
8.633336495718252,9.993351228311154,9.048966114731265,2.531490830824037,1.4586348507876146,31.665779520372322,B
9.03407755862793,0.20764089724460977,6.313037773282108,4.572649252341735,9.205428914541097,29.332834396037477,C
5.868411180208791,8.444263331200869,3.7438278471461874,3.977418568978938,5.075352587338555,27.109273514873337,C
6.775643618422825,5.1888953165108145,9.88771980695127,8.906168312668122,0.7729303851408487,31.53135743969388,B
0.5994330086130828,4.549350717974447,1.1034222778877723,6.7416386896758995,2.6597406605636675,15.653585354714869,Fail
9.148643902204485,4.755265216261933,9.37737469895422,8.68075628621159,0.8843892753679783,32.846429379000206,B
1.6874943839822953,0.7810430402091284,3.504089448180384,1.2943257118739782,6.375646855428606,13.642599439674392,Fail
0.6068306895068232,6.967136003530284,5.915648626042445,5.326226331674253,0.7102187694504514,19.526060420204256,Fail
4.699882681579366,3.7331540636594096,7.510537912135337,9.240646770330663,8.853350104490477,34.03757153219526,B
9.431958496934508,5.39418192753467,6.347445187232444,9.159027775921011,6.654232549104602,36.986845936727235,B
3.4782234743304596,4.6781429618097174,8.180615602722586,5.259335146728108,1.032756293932885,22.629073479523758,Fail
2.3879621138153926,1.8935622768066507,4.1449752513895,3.9993086306441827,6.799572144450012,19.22538041710574,Fail
1.7464718589632955,3.0347869801381897,6.077777123868976,8.490567520604376,0.8442438426899979,20.193847326264837,Fail
5.868204450735637,3.379960313119229,1.0046360865970583,7.189165267317058,7.636271455980684,25.078237573749668,C
5.422999756210791,9.899349514629996,0.35823587570585014,7.187216420262343,1.6159662971082756,24.483767863917254,Fail
9.257885494945683,8.850537530299658,1.5073548348078325,7.797598854116929,5.123751934895382,32.53712864906548,B
3.8680724205188,0.7547791442402896,1.314155951412621,6.764926134233603,4.4308168212345045,17.132750471639817,Fail
6.770378148820102,7.820645215724311,8.430785202598566,7.448822867999555,6.969973208791025,37.440604643933554,B
8.013715354636368,1.3126221109287095,7.20573768059968,7.19921452170455,7.481019577735623,31.21230924560493,B
8.634315777893844,8.978310796014195,8.53423269509143,7.760882474480342,2.5313020361101177,36.43904377958993,B
8.736338226347002,7.221475187427966,0.4233844701181777,3.851976665764465,8.191273320802066,28.424447870459673,C
8.41808709028819,2.6983760481787766,8.994782704536089,4.638895871212842,9.550997953259643,34.30113966747554,B
4.5154702281742445,3.251474462311502,8.549108903987687,2.3631016657379176,6.110465317428558,24.78962057763991,Fail
1.6145783406424008,0.8051655859151186,9.154513686150983,1.4934906548990157,0.8963492955625119,13.96409756317003,Fail
1.2594064104750058,5.980183648366367,9.464504581607692,8.471148673025601,7.298379919063374,32.47362323253804,B
7.68581330913202,3.2597904376881215,7.487438516644832,4.9665423221989276,7.383732712530248,30.78331729819415,B
0.20071197777726368,5.718696893717321,3.3418384237546963,9.866128566843088,0.9692510213671712,20.09662688345954,Fail
6.949818861265426,1.4989429532815812,4.984902270344143,5.481549299661788,1.9765913935610502,20.891804778113986,Fail
4.455416387418909,7.6231876169397585,7.610206042154468,4.476423347175553,6.208217666615021,30.373451060303708,B
4.276917880334611,9.14558277688158,3.3925858773446094,7.52881001042301,5.7425918585857785,30.086488403569586,B
6.118310201032214,2.971171581278419,7.247018129156055,5.725581722485213,3.3640425910556138,25.426124225007516,C
1.5369104284420454,6.946720036441994,0.30780831753523086,6.58838215766162,5.491659823577521,20.87148076365841,Fail
4.135491015253515,3.9295880663668226,1.1060575194066447,8.971354288729094,3.245179340903425,21.387670230659502,Fail
7.378969166957685,2.423106063874477,2.8576890021990184,9.05772577720374,8.305422539034614,30.022912549269535,B
1.2102500048519305,7.932296782733221,9.144751060090048,4.693604806769115,5.027079041588388,28.0079816960327,C
8.32363539660995,1.1322064993344927,0.7281546957842222,9.58708733536241,7.612434596277908,27.383518523368984,C
1.9110562269114495,4.326149328720456,6.023670393482796,2.2875643448835214,6.825855542823355,21.374295836821577,Fail
7.795167014240635,2.234987543546443,1.5374402858395597,8.538192718632905,7.919464747312489,28.025252309572032,C
1.8533017952871444,8.982291931628302,9.119685798632256,2.0759497883645905,2.00514350768751,24.0363728215998,Fail
0.2819134044722216,7.265261936099229,5.06649241678705,8.164047829927423,0.09079591921675956,20.868511506502685,Fail
7.06232498531782,1.7049752178789424,9.205229776060852,9.713638581345256,0.7353733325699097,28.421541893172783,C
0.5383052490845908,4.337270626460162,6.098771273081059,5.274683900639227,5.565952128107126,21.814983177372163,Fail
4.00763060875326,0.8581077170943885,1.7531091051463965,0.13775785952426567,2.515893940708449,9.27249923122676,Fail
6.502550710936616,9.75398477605226,4.472407082285091,9.546047027803311,9.385705650024402,39.66069524710168,B
2.5810764317341475,4.787022008507855,0.4589386787504923,1.0539330746978703,2.446915546301409,11.327885739991775,Fail
6.65784401468871,2.7887084899122305,0.90658493659171,5.595464687447742,5.323286083866127,21.271888212506518,Fail
0.18221825651549728,9.044739272812876,4.161876609336957,4.204358946137554,5.989234460110525,23.582427544913408,Fail
3.5018652433196107,2.3624696771511466,5.7445463829079575,3.2954767814542363,4.952369830834145,19.856727915667093,Fail
3.850580557189617,3.0683813070261836,1.1089152324417118,3.9628335606746212,3.622472304368498,15.613182961700632,Fail
1.413835542163402,0.7125268532136497,9.929628003132313,2.888073550643778,3.9650899627762284,18.909153911929373,Fail
5.3305529009471115,0.7153882189037641,1.4566355186367586,7.491741112950246,4.523746016562262,19.51806376800014,Fail
8.202929606091773,2.3719435113393548,3.5834550867285864,2.9341010738865627,2.0678261961615396,19.160255474207815,Fail
0.3199446014432472,9.574915578709515,5.188669197797704,3.9869681906813903,1.4059517570820057,20.476449325713862,Fail
5.771998867345508,6.08688760529318,6.745037787662376,2.3296992031553296,0.056172489954411375,20.989795953410805,Fail
6.939495905101568,9.265006190442213,3.190272683733495,7.0264472036908785,6.6333609934548186,33.05458297642298,B
2.6806364082287626,6.513198972262392,9.92737304475487,6.6234864011145085,9.36431762871106,35.10901245507159,B
5.713200154331028,4.081646649015549,2.2857207698791013,0.24771175633148346,8.42855906207189,20.756838391629053,Fail
2.528549787625588,1.1571329956896959,9.092227571041466,5.692435037987574,7.917987699548719,26.38833309189304,C
8.42464106835575,5.4711131973828095,0.7976979775019388,0.8520443089143626,8.529881280515387,24.07537783267025,Fail
6.669053866842103,4.143004118309941,2.155552669157416,4.708888007277889,6.802741985357637,24.479240646944987,Fail
6.6931541636350165,6.33709743423111,3.813639751815664,5.0105200023546335,8.424044280249525,30.278455632285947,B
9.338587957857394,5.413013162563218,4.64743784299465,6.543447491365945,6.48390856719063,32.42639502197184,B
1.4834320096208886,5.3008849691442395,6.074287609211508,8.760221258682826,9.411311084438875,31.030136931098337,B
6.25211533857515,0.18109437287955554,1.0468010403778327,0.9616170363092191,8.680068862751051,17.121696650892808,Fail
5.230978441701488,3.554366807245314,3.438938432523665,6.829503998028645,6.550926951243104,25.604714630742215,C
6.057748193568871,8.820481860076987,2.1618533237866777,9.43460714279876,2.17483293137731,28.6495234516086,C
4.183895333783335,9.148159757649807,7.237496526342934,6.54906408207736,0.8581647067043341,27.97678040655777,C
6.374453787179021,1.231918880428302,2.0952940162251545,0.46631642777384075,1.0915374327237248,11.259520544330043,Fail
5.851947853928539,3.8044445176596122,3.2611151284262108,6.601881301813605,1.656423098675096,21.17581190050306,Fail
7.184539473225501,4.64135187198732,4.012291809806058,1.8143983343132808,4.166162170173271,21.81874365950543,Fail
1.2951492128280417,4.393032723279969,6.256732123887586,2.7461433481563313,8.492596872684503,23.18365428083643,Fail
0.4389994264300512,1.782748083220408,4.995017699989548,9.273149590751226,3.364464614205108,19.85437941459634,Fail
0.14949971104238902,1.6047647631704187,2.411983456712483,2.57651192425027,4.9718943734457275,11.714654228621288,Fail
3.400043860598921,0.8330258311179639,9.661163224927549,0.8966860676411625,8.407615378270457,23.198534362556053,Fail
8.589805471222201,3.256667322780941,7.305880306861195,0.28206213133077807,7.200334655750557,26.63474988794567,C
3.2066275473643224,5.656334514375047,1.6007616249336043,8.409426520978563,7.285674442318351,26.158824649969887,C
0.9696567096542474,0.40139388165410184,8.663414358503905,7.523296193872541,2.8500414639075657,20.40780260759236,Fail
4.60102626557688,9.958862757597158,6.501105997281012,6.312643360108433,8.922304552193602,36.295942932757086,B
8.05648805363342,8.427191235394686,3.482994173861882,2.6179657672089007,7.610288233408169,30.194927463507057,B
5.182057321825209,7.554990686967872,5.642315628575716,2.70978213958705,0.8748118877714195,21.963957664727264,Fail
6.546506868659545,9.78456672184284,2.9572390495167467,7.425074566777278,4.981606273229251,31.694993480025662,B
3.1562734376334998,1.0301919444220609,3.468022197880037,6.367461631971355,7.391132566709997,21.41308177861695,Fail
5.498685627762052,3.32173459531357,9.882477323959092,2.1312236854911157,0.19993992008343286,21.034061152609265,Fail
8.777494048626249,6.4173704481402325,5.985059682406247,1.4568470138660672,0.6773024297102681,23.314073622749063,Fail
7.95792669436101,4.304219080879669,0.272876506505656,0.7615289337760223,0.36925368846130846,13.665804903983664,Fail
4.596327543564602,5.781406737621203,5.8397465228826695,9.924444495071638,7.894520009933704,34.03644530907381,B
1.2663712551837436,7.785353710034054,5.442600218094828,5.512715406997556,0.6787010302978236,20.685741620608006,Fail
5.506905446947946,2.854577202871508,4.207060703931987,7.96868766224904,0.3380882984215472,20.875319314422025,Fail
3.6753442229153146,2.6112714443307707,1.9942885830395674,1.011635412263967,9.759101602592736,19.051641265142358,Fail
8.724628150836741,9.998714382741339,3.5909690305904816,4.061290119110232,6.822309873202942,33.197911556481735,B
4.018871998907301,8.647902219998954,7.85093306497992,9.165993889009446,2.570818405187818,32.25451957808344,B
4.154430005920896,7.341069808811267,5.080273155538208,4.2046008083458855,8.075292136761657,28.855665915377916,C
7.249127466244395,2.2931895030765395,3.0476180122670007,3.286872289468147,7.514436634410435,23.391243905466517,Fail
7.621875111940821,8.081103466143434,4.741893609269129,0.1308434873421016,7.496703592419095,28.07241926711458,C
6.5550997184611255,8.011555973011573,2.6018317108203446,9.506265474127007,2.6396713678408568,29.31442424426091,C
1.6110002325642225,2.199802048981815,7.969455636216577,4.7885807852805335,9.357106349693204,25.925945052736353,C
4.555016952192203,0.7798283298998332,6.488983979970758,0.8408965178669459,8.184203799729463,20.848929579659206,Fail
1.4346945701802005,8.136360238018307,5.511883595411479,5.092290660354312,4.932153547574522,25.10738261153882,C
3.121897365691294,5.557035407203013,7.896945127369878,7.029362268790446,4.0875162571118295,27.69275642616646,C
1.7909493932818155,7.9817080261784525,0.01447220520999326,4.081458117174677,6.91679342613111,20.78538116797605,Fail
9.107701616439153,2.325946369638504,5.228059496723134,0.9032413705528775,3.140565610162682,20.705514463516348,Fail
6.702539760443592,3.9160188092155543,0.9351306643176582,8.314983510982321,3.4890393997847258,23.357712144743854,Fail
0.5116550644547591,6.884093364557076,4.208249528677942,0.7753325822370682,5.704518470188736,18.083849010115582,Fail
2.579416277151556,6.400487969300563,4.970982436773692,6.230713954829474,1.8683013523279257,22.049901990383212,Fail
1.2384602670581746,9.654581784398035,5.079332671720627,1.6928912900327509,9.68549381672039,27.350759829929977,C
3.9221779343354015,7.866130612179019,3.531314085110525,8.060918571559322,9.901648933369767,33.282190136554036,B
6.360960464095422,6.5614971450316535,1.0669007054927138,5.0764942840203915,2.006411424164536,21.072264022804717,Fail
5.609379715353863,5.83386232327748,5.619541425098687,7.574881720823031,4.101376872690171,28.73904205724323,C
2.487142725876299,6.8798402152366975,0.14367359183389605,0.9646315414485107,2.420109887464774,12.895397961860178,Fail
6.567366645412922,2.8232635073194245,5.518951394991458,3.9723758218291847,4.775215777425167,23.657173146978156,Fail
1.1394526944454353,9.033211052692545,5.343144197853959,8.377182985250835,1.9597886136786968,25.85277954392147,C
4.603861756750406,9.30331433196455,3.8229709237600162,6.4002504821521295,4.817976604241318,28.94837409886842,C
2.1582102749684315,3.5907077904315123,5.393544160068964,8.186149417586421,7.783827979362304,27.112439622417632,C
3.706421470668909,9.728566047103428,6.705135986187676,3.2620861327374406,8.423045855536367,31.825255492233822,B
6.542357799453179,1.9986029727419885,4.852389690303143,7.688316533360582,5.047505312658066,26.129172308516956,C
4.512393441809881,5.478708106372197,4.463340257206379,8.9739667203008,2.7141604235590453,26.1425689492483,C
5.159458785254234,1.2308785340327055,7.3042648116385624,2.062078973854511,1.3159690780685107,17.072650182848527,Fail
2.9991911150698467,2.7126858648317675,1.174040623635999,2.664183709367769,3.642923574153718,13.193024887059101,Fail
9.184264321454087,4.550110323069573,6.263023324067365,7.246233009586129,7.677164364868919,34.92079534304607,B
1.428502873008386,7.211358535990435,7.004759013215406,0.4376508225819442,9.346663373311575,25.428934618107746,C
0.22202812987850318,3.73617772310308,1.2927062791987876,9.909683367790944,3.690860493093199,18.851455993064512,Fail
6.342430909775426,4.81705479844009,7.604567395401959,5.161354360649217,1.4966659701437135,25.422073434410404,C
0.3248659669016496,6.925773793969057,7.090261907000005,1.786516317541651,0.4364650364368561,16.563883021849218,Fail
2.6951186229227266,8.459812924460131,0.1437020592674898,7.221789553674229,5.399211127215382,23.919634287539957,Fail
0.25199094821069634,0.39932189265609264,2.2006771475486184,3.4140965658225806,8.003238271536734,14.269324825774722,Fail
3.5781408411354887,3.878450996858469,4.737062076893085,4.579099781851514,9.119477806724754,25.892231503463314,C
4.9587573507877085,2.88149489033375,0.1374383469095719,9.606436790815472,3.7369094520778434,21.321036830924346,Fail
8.881913496613041,0.1692935242553506,4.75456346162024,8.728244123678587,3.628895559768716,26.162910165935934,C
5.4922666470612045,5.528417959847682,6.080622853051112,7.1066730658787645,2.7342364699766786,26.942216995815443,C
1.8097695270948977,2.4185294706474614,8.401261599122508,8.514474500979816,7.7833093826312005,28.92734448047588,C
4.67681212484877,6.268536212535334,9.97956715502286,8.34471442969435,2.9614164713690783,32.23104639347039,B
9.617624783454687,5.958660535285966,9.385920633819312,0.2215263274889967,1.424114197790698,26.607846477839654,C
8.798377479414679,9.994590671864021,1.8993166719757215,2.033406537167328,1.897191761864585,24.622883122286332,Fail
3.4181735169787597,4.145208293901811,6.528283982220019,7.302828073539449,3.9332431109341592,25.327736977574197,C
2.854052903028416,0.08118807036994857,0.5051688955984235,0.46724972243762264,3.15778697242063,7.0654465638550406,Fail
0.2370775364451838,9.976962186612134,8.858242910466235,6.2440580324917105,9.310453496590439,34.626794162605705,B
1.6811809759772511,1.0401029772814074,0.9521807906940827,8.303871156439046,4.183372459970634,16.16070836036242,Fail
7.248708535798805,3.501615319680327,9.118804638774593,9.971754037667672,3.459919759532891,33.30080229145429,B
7.408832067219855,6.638101052502829,1.020799669741872,1.2213500154693313,6.447809814251584,22.736892619185472,Fail
2.0598003587696168,2.0523392678030916,5.630047639806971,4.562107542826056,6.451142341801695,20.75543715100743,Fail
3.387329557744314,6.9013134793689215,5.2541207095400635,1.4473909826073006,3.110331078010038,20.100485807270637,Fail
5.097231716035652,3.458900755820232,2.345701598702746,2.648849425826519,8.39517719673849,21.94586069312364,Fail
2.686773593849461,8.344737434626284,4.051464383580896,9.977430614437768,5.5542375342210715,30.61464356071548,B
8.759330221862049,9.645801858016528,8.727304840603496,0.3281431662363643,8.434799483621692,35.895379570340125,B
1.8340450985343382,0.14079663282890675,8.995852164620958,8.20057789974664,4.278744837156346,23.45001663288719,Fail
3.0087830981676964,3.975918693106466,6.880371335531288,4.18874405682555,0.5081510902435526,18.56196827387455,Fail
4.86000493797603,0.5021312145757273,7.5554772584136,2.5769645620237736,9.300399939279387,24.794977912268518,Fail
5.107473025775658,6.818330320328587,6.683633472854423,1.828020802892808,9.713792152580105,30.151249774431584,B
1.288698674734452,3.2475060896720196,0.7795006943091876,6.466431289040213,2.8927526317037078,14.67488937945958,Fail
4.0892723575667205,1.0782367385194702,2.35210724212083,6.993233950933568,9.959650370509225,24.472500659649814,Fail
2.8467473884646366,4.4136756031978965,7.9571760146610035,1.779720483788435,3.3870987580815837,20.38441824819356,Fail
7.093888218243862,5.3847597666270595,4.3584110365201205,3.8965932915698156,1.5556962433563781,22.289348556317236,Fail
1.8410132336095697,3.0108718046521368,3.2361824255430993,8.665729773139923,1.898847826368013,18.65264506331274,Fail
2.6522852250267457,0.4321993725495721,4.771130316774288,4.606399154671841,7.667671157535069,20.129685226557516,Fail
5.903476904587729,8.031241661790386,6.82125955506534,7.606946930862403,2.117174460403896,30.480099512709753,B
5.887315221313198,2.262695847584352,7.963018964232812,0.7277850254400453,8.796440086464777,25.637255145035184,C
1.5452082999051897,1.6862821088509539,0.8062095217578324,8.978518338148621,6.490233084808439,19.506451353471036,Fail
8.30250192781385,8.521327196193862,5.70848430939669,9.936643420078939,6.257437487451048,38.72639434093439,B
6.326218931339481,7.955802497943266,0.6384137898910069,0.2062180074288833,5.104434230289256,20.231087456891892,Fail
1.0233217953406315,4.769054255322751,5.011181173310865,5.486378527374939,4.022783721735562,20.312719473084748,Fail
8.276102613491533,4.8168776866153795,8.402329795476275,3.687688803341377,4.487388181245501,29.670387080170066,C
6.169269183757422,8.433323548919375,9.445632635822527,2.8713055825341693,2.380788423518807,29.300319374552302,C
0.3318935456242622,5.49988415865953,3.403867099084837,6.435882763418849,6.139246279834802,21.810773846622283,Fail
5.953032659274891,2.471450700302933,9.936301419253727,8.102873605681962,0.5142075248429467,26.97786590935646,C
9.797343347738597,5.4711510832863555,0.23146345355341658,8.990911775210817,2.1453583637855713,26.636228023574755,C
7.284906771616132,7.581292064968449,1.1211925016269886,9.337606837878418,7.6103336472340235,32.93533182332401,B
6.254334501665935,2.8456083976160262,1.0368029037102922,9.438849100388785,4.11291608886194,23.68851099224298,Fail
3.2722118316145385,3.5706613875330606,9.648739456795063,0.33767935684587025,7.228262592246237,24.05755462503477,Fail
7.529861930391851,8.544293867817304,3.986944914496938,9.806563726298595,7.398146240479344,37.265810679484034,B
4.707849970127072,6.973257703179158,1.8848377516761772,9.763717121488149,1.276905173114432,24.606567719584987,Fail
3.1370312475715623,7.319678383527121,2.3483604914753284,5.548984565730612,6.397763240437412,24.751817928742035,Fail
8.912826648277505,9.824688457866937,1.7072693174247067,3.1337472828106785,2.677893996705798,26.256425703085625,C
2.7976693088704083,3.4515746413598016,9.642259558767506,5.0319793725500075,8.69624489144656,29.61972777299428,C
2.475597702798864,0.4339669415605185,3.594715762893416,9.318711112154993,1.6525981463962736,17.475589665804065,Fail
1.7743954377972282,9.75604968589112,5.749125841779003,8.238164771672455,2.0800709745500723,27.597806711689877,C
4.892162486880906,2.847919890667142,7.316128193133665,0.4503549730651868,4.608953568281512,20.115519112028412,Fail
2.3000883728770303,4.157113091498483,2.173851042772743,4.026410850864478,0.7832531910243934,13.440716549037127,Fail
7.902599039416938,6.1351468271751255,6.74908091171945,5.778635244909926,1.957789965311465,28.523251988532905,C
4.9101976266891,4.828174943504111,5.6645174970103715,6.235316532441113,4.179249619899508,25.817456219544205,C
8.34930236799299,3.715195752435733,5.841946353345619,4.571750275536186,3.5463934628026306,26.02458821211316,C
2.2999375396324053,1.492618969888062,1.9198426756064846,7.688739548066733,0.22671331881828904,13.627852052011974,Fail
4.254364386164168,0.6834837144819472,9.473385120807764,3.882802308542611,0.19835024632215648,18.49238577631865,Fail
4.283518005688462,6.254968371167041,3.341577258471312,1.970340638871183,3.0274829210517162,18.877887195249713,Fail
1.349784860716421,2.1550115583376552,8.868802851210408,5.570758295842885,5.901843203949698,23.846200770057067,Fail
4.522179408898071,5.242579279038355,9.934167051071288,5.61251962510962,1.8163888987797439,27.127834262897075,C
1.966535849529587,3.708041975448475,8.169005946848834,4.40896923588496,6.565401275499032,24.817954283210888,Fail
0.6520459126049205,6.255895834697527,6.16939138048048,9.881175770625918,2.813129800505582,25.771638698914426,C
1.7118474383512527,5.139047125496728,3.831531559780702,7.975217910497669,5.6387220941153915,24.296366128241743,Fail
2.587799816000169,7.640930002129815,0.6202487535278312,3.356289924741156,0.6389534859934332,14.844221982392405,Fail
4.181447881627997,8.616326062455474,2.7518907242754165,9.169766527000005,0.5896702692907396,25.309101464649633,C
5.497172551633111,1.8077595484072684,8.026768546375699,2.108019029289856,5.727641184720806,23.16736086042674,Fail
0.2213445102949707,6.067476903255306,4.601754136509348,5.022981113575073,8.283416697105109,24.196973360739808,Fail
5.162832991976741,0.7983106656287342,6.600129942084604,4.652066796000124,9.481237817754106,26.69457821344431,C
7.011698615902597,2.371480732365022,1.0653669360837192,7.707869158726589,3.308111148822148,21.46452659190008,Fail
3.976844144330547,5.204087646825987,2.146447139897557,5.220794788186396,5.316941235594036,21.865114954834524,Fail
0.678370591051719,6.672448286332395,0.11702626810892625,9.761552901252816,4.568226764492826,21.797624811238684,Fail
5.78280140996174,1.089999898629761,2.1914496823258034,8.186470356007954,5.674344714242641,22.9250660611679,Fail
0.04359579956580428,0.9010327971722831,1.2952612675421704,0.5128687934265241,0.6803731084344367,3.4331317661412184,Fail
5.657449506132892,0.15414958448407678,3.368961853147728,4.21676002863851,3.1653678533170493,16.562688825720258,Fail
3.990353176424347,1.6983943330124796,4.6449266962831555,0.5831566434250135,4.254119905918186,15.170950755063181,Fail
6.630272037231474,4.985692169635553,1.9244560536124078,3.291402991647584,8.85784852352689,25.68967177565391,C
6.916556518665415,7.79336265319487,2.4148303620747336,1.1540206962356914,2.7760713921140336,21.054841622284744,Fail
4.81277951219237,5.823705631583485,4.110271118693115,7.127119321252765,0.4763220867835116,22.350197670505246,Fail
3.1023528374470475,6.628030863757358,5.777055010154526,1.4105316512880395,2.808028885475818,19.72599924812279,Fail
5.036917612374446,5.702481249473995,2.2124394441204887,4.865358478198907,5.421915320788382,23.23911210495622,Fail
9.390684794502915,3.182765461194804,8.086042521738348,6.7564463587738395,7.96400665632112,35.379945792531025,B
4.0608213255977095,8.869339297092035,8.022432179898482,4.595935227407379,5.382043344635895,30.930571374631505,B
5.056341534219588,8.499757671095956,2.2499867701757115,9.887572401148455,5.3350683903674545,31.028726767007164,B
2.0307059292006215,6.202300525347562,7.178438712687342,5.374133318750218,4.178481464091152,24.964059950076898,Fail
4.760504021990997,1.9461925432456517,5.043724931391522,1.95151968574919,0.3768388694988811,14.078780051876242,Fail
2.466586158054065,7.2400879216155385,7.589566512115979,5.55436977712262,8.627299604893086,31.47790997380129,B
0.22469308320117398,2.147536658250827,8.874851867073358,6.571461156801605,7.84787992942911,25.666422694756072,C
4.953176469339088,8.907579670089914,2.8682257596021152,2.089164168422768,6.958617578022927,25.776763645476816,C
9.968492842814399,1.5806130029164933,1.9481603326268482,7.822288601927755,0.2558745125194939,21.57542929280499,Fail
5.067700407177881,8.900984241876701,9.786282562320586,7.842556898857781,4.033541699365023,35.63106580959797,B
2.403989128935069,4.107770895242906,0.3014131772252804,2.380134118963666,2.733195473040786,11.926502793407707,Fail
3.8797275439788637,1.17676512645299,8.436237885896407,6.320457891475133,4.220675194830074,24.03386364263347,Fail
4.2766908582416905,7.6252567709397585,2.618172182671782,2.437665716956766,5.8790256919228305,22.836811220732827,Fail
6.162242516069529,3.9559918184982736,1.133740814094304,5.835113447943,4.208759602670988,21.295848199276094,Fail
2.2309001844535583,8.792490430777848,4.72910946688326,7.774332125850868,4.160761401782462,27.687593609747996,C
9.915327758273865,9.933608550547433,8.757857809597043,6.148628486552154,6.081192350030689,40.83661495500119,A
2.035348738868964,5.81943641505783,9.56635013477613,6.20652236979387,8.733289529099256,32.360947187596054,B
8.259323085500162,1.8633347634440733,6.750050885823571,5.213657589441802,0.8372123364828021,22.92357866069241,Fail
8.03133088936246,0.2098299628630318,8.949663786438647,2.5015541192036608,0.5727623084779454,20.265141066345745,Fail
0.006533907612995549,4.9724548018956325,7.027465744890764,0.40707173612521186,8.692530679868849,21.106056870393452,Fail
5.18408021945204,6.415702955650998,4.188732266953524,1.568663296488656,0.03081398269308311,17.3879927212383,Fail
1.8936087579186278,4.610533305271883,7.230089750001023,8.32386833549704,6.163845001992265,28.22194515068084,C
5.4543186940690545,5.644418416538133,5.8698548300678945,0.2557827462319151,5.00608683720099,22.230461524107987,Fail
1.9343534295648257,7.7252642316259434,5.821076831802223,0.35459023525763245,1.8246972615081436,17.65998198975877,Fail
7.6099076002809385,6.811725504395048,8.602056372067265,5.702103060732229,4.822638833128759,33.548431370604234,B
6.463099336573813,1.958721850791374,3.2550216532688934,5.257446051185441,9.825505822857247,26.759794714676765,C
0.39557506562613143,9.247859097140136,1.3387708416345978,4.241441737795024,3.7155727384611925,18.93921948065708,Fail
7.2900716804098735,2.7413616719193836,4.933262767965468,3.2161060025582167,6.82977234575921,25.010574468612152,C
6.6857264672291405,8.12033293025994,0.22948429439944684,4.778173083536709,0.8851986241256304,20.698915399550867,Fail
6.9292022922478855,7.223043293295386,2.139763356390648,2.74496443453197,1.2829349247080513,20.31990830117394,Fail
1.4299168205283586,1.527504316676166,9.132442257836336,1.077422387316821,1.2672840182568956,14.434569800614579,Fail
3.9355533610631555,9.825487615395993,3.023653923900669,3.6612799666958806,8.747049111015869,29.193023978071565,C
5.847568083373047,0.16184668931891188,3.7257667645802908,7.474984847534364,9.149117780819513,26.359284165626125,C
3.8198004546294593,6.61349840083063,0.3042853566464965,3.2107320002372877,9.338642876541567,23.28695908888544,Fail
7.120079611981627,7.138914693281131,1.0420395235945379,4.896627132250778,4.168225005017222,24.36588596612529,Fail
4.415340103788969,6.256693299249064,3.3995589823820205,6.224701163516194,7.606494723669865,27.902788272606113,C
8.842064633484078,6.791288313348619,2.5746533253192574,6.529346157015318,3.533161208284148,28.270513637451423,C
9.404585843529143,5.460988080032908,2.8519542628442043,9.572856089660256,5.44369984567382,32.73408412174033,B
3.4569599350391944,7.0676528186163114,7.545971985577923,0.4125516036295662,5.451672481793562,23.934808824656557,Fail
0.15110684214475034,6.099814928144715,5.462738210112592,6.273721206700947,2.894567048391999,20.881948235495003,Fail
0.5142581348425035,7.366567352187905,8.999665197961908,7.847466461227506,2.8050807472550545,27.533037893474877,C
6.015538792998241,6.734208002468706,5.8559182522045425,6.094675429498349,3.9122133685679037,28.612553845737743,C
3.4206943465755533,7.203242773264015,8.688090716314495,4.810998812079394,7.856048763590366,31.97907541182382,B
1.2036357620998606,9.693301253516605,5.313048019661939,7.924970325566315,3.0666558760992704,27.20161123694399,C
4.652056122837181,5.517792837256954,0.9553964549731053,6.037088702804332,9.96642640821311,27.128760526084683,C
4.592651971732139,0.2826470104997769,2.909504255521289,9.924946768960726,0.7811043671415752,18.49085437385551,Fail
7.37508359459007,3.63627748771157,4.297748344413661,4.387624228669137,8.324923798965134,28.021657454349572,C
7.9285441903383935,1.8651101250405977,5.968282213652403,5.315260755250067,4.198192445845901,25.275389730127362,C
3.0708774336024867,8.759339254453248,9.773629079086362,4.1840047901226285,7.739310702144798,33.527161259409525,B
5.820701311242235,1.8923760254524824,2.4237645964925605,3.761962719617392,4.573790945561945,18.472595598366613,Fail
4.217209268734554,9.220926535723317,4.065615034236592,3.0009210919380425,2.9279375584722986,23.432609489104806,Fail
1.6975849820713584,9.979093217902863,2.2626231926773177,0.7860932352631134,4.284302923985443,19.009697551900096,Fail
5.1351786674177005,7.575838327190574,0.23594713863201777,8.916951159599876,3.160023685469916,25.023938978310085,C
6.183463070454574,3.3395352328938985,0.6188021124619913,7.947197532647098,2.4704120860874967,20.55941003454506,Fail
5.469155137931242,7.920192079401351,9.114072831381923,6.2272524672531056,4.044540693004777,32.7752132089724,B
1.0304169343098268,7.542018658853506,9.517746605906638,9.583702328827194,4.0410770830060105,31.714961610903174,B
1.701526411445169,8.436380128457944,0.46368168813650135,9.13593081545297,9.859402697781368,29.596921741273952,C
1.2978296572261128,0.7673951374525623,3.287095993874515,5.39872241852703,6.206533912462312,16.95757711954253,Fail
5.400119146045106,3.8571671276102,3.976498583230128,3.7580946942144777,5.399155260626777,22.39103481172669,Fail
9.770069544389434,1.641144395957903,4.334087337134765,3.039516586881754,1.931037614697384,20.71585547906124,Fail
3.3880116992711296,9.269406231201087,0.7484885048556311,6.547909202749187,0.26229078546995854,20.216106423546993,Fail
9.640174071177023,1.0112518818165828,1.4814121772237565,1.2918164086956796,4.22924613426869,17.65390067318173,Fail
8.998333456872725,8.367107205834616,4.381047896475763,4.528127504114977,5.0423926984810326,31.317008761779114,B
5.462476001308509,9.93367500882089,5.122285253655328,8.78168771219741,9.677866873211677,38.977990849193816,B
6.763610678727241,7.292355094683608,6.345667993449942,4.173692819579667,9.899439243503593,34.47476582994405,B
1.3084236134881977,4.862086885198426,0.1125052234795254,9.854860576127036,0.05365991217319843,16.191536210466385,Fail
5.0011275207662695,3.3607838774223806,1.7875850347106437,9.640284059539837,3.8660260325405837,23.655806524979713,Fail
2.279351625419417,0.7296833292568772,6.06622251809582,8.604507356663435,9.566854926610493,27.24661975604604,C
1.569026241461201,6.832766104223897,4.522610100752406,0.13986361873149722,5.1864441896795075,18.250710254848507,Fail
8.874245353703603,8.503627876578504,4.5790178547813785,0.6877393283071265,5.467057633309995,28.111688046680605,C
3.6829546765570953,0.6742386620368168,7.153535462678857,3.2341113242736617,8.452788891787574,23.197629017334005,Fail
6.049500131477043,1.9759738484107947,9.279541823917814,4.05889438769143,9.387242851762801,30.751153043259883,B
5.7880675451194055,0.4434686195360116,5.739747104683102,5.786667553684227,0.2620730492001555,18.0200238722229,Fail
1.9228901880867078,0.9106618208218098,9.657337012362294,3.125936006777432,1.8337715458816628,17.450596573929907,Fail
4.177609792750997,9.739405835732573,7.780902238487407,4.28031130549217,0.26810457550755507,26.2463337479707,C
9.56019710486567,4.188706622460472,5.156310553120324,0.12788894252088734,3.5383289333022585,22.57143215626961,Fail
7.680893784186665,9.691165309407385,0.43353214119528083,2.3984314873833834,6.720448132281359,26.924470854454075,C
4.8708254432357805,1.3706269597417953,9.048521018001294,1.3617089268707283,7.901335694151728,24.553018042001327,Fail
2.550036525010757,0.7558509240544731,7.025549869626508,1.9537588943335271,4.2689754151662775,16.554171628191543,Fail
8.645636095226699,1.6161606073029744,3.873584897079607,0.2968517228947021,0.28644647969655934,14.718679802200544,Fail
6.8908765374822964,3.8440893091518493,3.112388686675537,9.375441454860807,2.850414176448327,26.073210164618814,C
8.482031285528954,8.410276377574117,2.5655850624895136,4.962381792169395,5.893347490979636,30.313622008741618,B
6.9235892246105815,3.5616696531444303,2.2669022666851335,5.554507522687429,4.105483509979223,22.412152177106798,Fail
9.31490386918926,0.171220857971619,2.984630367454768,9.990825858719482,2.6780594881966024,25.139640441531732,C
8.41828776758272,3.9462906990603197,8.724265429904186,2.4460619814239895,0.991502081444714,24.526407959415927,Fail
4.890484004492832,0.7165061423148467,2.6824269316405793,7.321746477702515,1.5251428329954153,17.13630638914619,Fail
4.963662472012364,4.579245798608978,2.8611202322786298,2.3990665192212646,0.0630494631918066,14.866144485313043,Fail
4.508393714041321,7.76391368652726,4.778829946319899,7.1112692154694415,8.812603262682325,32.975009825040246,B
0.43904613630637246,7.00305592314476,0.7436657514968747,1.3454366563501097,1.2361624181342767,10.767366885432395,Fail
6.675933855635847,1.8266304885701368,5.067578180237691,3.3441183062403237,3.111239747918165,20.025500578602166,Fail
7.326126992403987,0.31399629812741137,4.820768232358788,8.31617307631748,1.9434119133794547,22.72047651258712,Fail
1.0745321644188655,7.060409839581682,5.462124994767796,6.258621301085001,0.1596350427033466,20.01532334255669,Fail
2.340577750174991,9.895870741406698,1.4398498121480863,3.6760467878571257,1.2365972217943189,18.58894231338122,Fail
0.28652427577654516,9.33501876702435,4.34394893877355,8.186494857177314,5.799451744883861,27.95143858363562,C
0.5823783082027523,2.4509691752863616,2.512313818144621,3.5541066373308325,5.074443245382985,14.174211184347552,Fail
1.6169455327398685,8.089273072177914,7.6912890162178,1.9782068926211327,1.6060117927158346,20.981726306472545,Fail
3.6852634372376114,5.102159340784041,2.022608776840129,0.4475835578364973,7.607161490190722,18.864776602889002,Fail
6.385259476640855,4.235858268790789,9.538339718749583,1.4178451039783935,8.318425630442274,29.895728198601894,C
1.3865252911330372,9.343745403825013,7.284766841211328,4.841097983945421,5.825838630980549,28.681974151095346,C
0.23716360305790607,0.4511099552039388,6.462235278246794,9.207645196329374,7.677838092064555,24.035992124902567,Fail
1.3593274736732064,9.912664987450434,2.1789306418917223,6.922139259271844,8.484841303101982,28.857903665389188,C
5.978080134015141,8.926561953354804,4.974328676330762,7.5783063743381085,1.4132867162737728,28.87056385431259,C
7.52727137825976,9.582856281444737,0.0024088398716759496,7.510266936133281,1.3569895791675102,25.979793014876964,C
0.01992135219070268,6.6507743999842805,4.871453627808089,0.42963392807635836,1.1912644069516276,13.163047715011059,Fail
5.426446347075766,0.9865737673280905,2.561310909621153,8.453361850586672,5.332845916687309,22.760538791298988,Fail
7.192452005758319,7.731386728852775,4.435013825500416,4.760180378841073,2.284529998718532,26.403562937671115,C
7.270567616153901,4.261001539808602,8.145369608625924,5.7868000527998555,5.64951565619069,31.113254473578973,B
0.5617607734743901,3.187983617505512,7.90917600278129,5.639059394148837,7.133988467658481,24.431968255568513,Fail
6.131162390692415,0.2929370500537065,3.6815023247537515,3.170750313763564,0.09550995466275247,13.37186203392619,Fail
6.981169240835236,7.343096666086046,2.7487572072339397,8.788301600989865,2.478088098883161,28.339412814028243,C
3.0552431065802352,9.987500343913169,0.09923207163087922,0.6045226564788464,6.920588904274437,20.667087082877565,Fail
9.406792451153406,8.606044903497095,8.869877578719892,1.529937759784027,7.237374449285499,35.65002714243992,B
0.2544775990575088,1.562613398113556,0.09253920216963474,2.1404015744376093,1.701062804458301,5.75109457823661,Fail
4.242220092469763,8.349695494811858,6.504790652781709,2.8857685291936352,1.1828664875310468,23.165341256788015,Fail
3.5347747512837877,5.077772860695646,9.98933737104539,7.021922449640416,1.6916184525974154,27.315425885262652,C
5.0552079172349025,1.31770888597036,6.676977617064715,1.2393988391284738,8.017724660760315,22.307017920158767,Fail
1.2548629679915069,8.49517666192678,9.93307194307798,1.2385860646634494,9.867850788165526,30.789548425825245,B
0.9120610304869037,6.0102587748869,5.951171308246038,1.0729094649194715,7.0897963970819164,21.03619697562123,Fail
9.661780248345368,7.003935796352977,8.070829198026205,9.66816425839784,6.920910390131471,41.32561989125385,A
3.630822963986351,5.388193672496691,4.868294279374213,2.030580691999674,9.175041305606573,25.0929329134635,C
9.971823539029504,2.134478813260423,2.7969501335697666,0.08408430890752161,5.232927556099016,20.22026435086623,Fail
9.90642737172179,4.13054347953398,6.71515243696386,7.436434341082401,8.037723013522957,36.22628064282499,B
3.571211593005028,2.784920033573867,2.5947564957181846,5.196549558006451,9.598996980416906,23.74643466072044,Fail
6.932095422188677,4.506882886051886,2.7714284157957323,5.541133820902018,2.916393220448822,22.667933765387136,Fail
8.50317708157599,6.04709793887392,3.478939408812438,3.694775279844368,8.228600860602661,29.952590569709376,C
5.419009473783581,1.3789882173033396,4.811443597959755,0.41947073064207197,7.918108304969868,19.947020324658617,Fail
4.430337063376194,7.239953841447379,0.5467307197755455,2.944069943588227,5.754524367447404,20.91561593563475,Fail
0.3095579091934353,7.809744007180523,5.674941994810628,5.333394051563908,2.460736512382915,21.58837447513141,Fail
4.3946537435844215,7.000340409648555,3.3407844166911724,6.6820069726008535,2.8293519194435346,24.247137461968535,Fail
8.958157315601946,4.186051856719151,6.12451448457325,2.876447341539825,6.404119644147334,28.54929064258151,C
5.621888110645251,4.562400440533355,8.11393712344411,1.063574306093652,1.2753767635636748,20.637176744280044,Fail
6.031521094663882,5.236723999989852,1.4985492058529437,7.0446190436791545,6.7435448740764405,26.554958218262275,C
2.3194709611597544,1.089716293039158,9.300190588194958,7.22628500739394,3.2218431448805718,23.157505994668384,Fail
8.475476330547364,5.654033919505043,2.447929064157707,9.425292452651306,7.865177838834086,33.8679096056955,B
2.8003732955048943,8.98223518832162,3.9106887915141986,9.032577413406182,2.2060964264151774,26.93197111516207,C
6.707273254426008,0.3618479753292514,9.844814831383133,6.767939100230562,2.582146104542926,26.264021265911882,C
6.9070103949916595,1.4685714864020227,7.858716640665898,5.5948463776357436,8.881250404460186,30.71039530415551,B
5.56464637348822,7.048969089547961,3.9977754767388674,5.748891227939968,0.9053375836915722,23.265619751406586,Fail
5.334610919763215,7.50523980696749,9.113945368072839,9.838102558617107,2.2308811408158222,34.02277979423648,B
1.4002409755331768,2.9182318757396732,8.235283759812472,0.07569100795141948,5.814096958984565,18.443544578021307,Fail
7.46452128857114,6.433243136757882,6.571765052734785,5.694513674875033,5.326365717651854,31.49040887059069,B
8.660356750457565,7.718921463252545,7.077216600217254,6.571769358449668,6.121841949118747,36.15010612149578,B
7.6075930838695,1.8391205123282506,1.0882390201274716,5.619879451183827,2.5417617511449775,18.696593818654026,Fail
9.255685129067764,3.7240066603535613,6.475951176130153,0.12083745514428812,0.2852119720421431,19.861692392737908,Fail
7.068035962105052,9.817673511979656,1.7939035258961877,4.65821989297698,4.693723929596663,28.031556822554535,C
9.85524133255218,6.08867094629233,1.1610691985488408,4.832205516980165,9.54573318837975,31.48292018275327,B
6.425651995351915,6.784635490771606,9.135625558393029,4.93831590320268,7.507879249960111,34.79210819767934,B
3.0233324935149373,0.06087530975590005,2.3530839807537074,2.364964795679436,9.260353357356722,17.062609937060703,Fail
2.5830042912759223,9.07630953334707,1.8897520137079193,4.684450628867695,4.921519691237265,23.15503615843587,Fail
4.809416080843035,7.832357188779623,2.764316117008078,5.782271182165303,9.056271845251635,30.244632414047672,B
6.374024812092216,9.447090508254123,7.138730452741808,3.56073323800995,3.304144709525808,29.824723720623904,C
4.096288948952321,4.112273626316605,5.381056585592319,2.186324808328537,5.984373834527817,21.760317803717598,Fail
0.1787393473341381,0.455501559653525,0.7261085259608013,5.727664584278659,5.577058403000075,12.6650724202272,Fail
0.5293593556881826,5.337533205937861,7.342731338758664,4.456677309514871,3.839820779114188,21.506121989013767,Fail
6.75662902207073,8.06209655172433,4.5544964464014015,1.733575390543659,1.4086493675762912,22.515446778316413,Fail
2.87934094093219,4.107817429094348,7.978392347787074,2.763162851003529,9.23644231274045,26.965155881557592,C
9.644766539008117,2.4450749734442523,7.89262996991285,9.162225920297765,9.740969687447887,38.88566709011087,B
9.13041466889856,3.608068262457512,0.3972915336469085,6.3433447032591594,3.8631401745960936,23.34225934285823,Fail
5.183996266330651,4.185163866526839,7.051122613353439,8.799560419315606,0.14281164597328755,25.362654811499823,C
2.8557961623863637,1.4715770096372338,2.5227137871449266,8.812433203644407,1.792271556050471,17.454791718863405,Fail
8.688010958178204,4.0423575583947935,3.9583680875689584,7.795354185932938,0.9583822906525286,25.442473080727424,C
3.9037644604695387,2.955524986352176,3.209814735924784,1.8464344776353847,9.912152946251192,21.827691606633074,Fail
0.7173534374742496,3.759611021613539,0.7393564351669757,6.664660954899928,6.2484271248104335,18.129408973965127,Fail
3.6663770009645646,5.924746475636149,1.618141404978073,9.632044821977502,0.7559046078933696,21.597214311449658,Fail
7.322248864095612,3.1478562371695795,0.7350827680267524,5.731575117175184,7.769101523843331,24.70586451031046,Fail
3.78196349528219,6.560145795915063,4.879903705755618,2.0350803075795545,0.40852939100912034,17.665622695541547,Fail
1.8381288948181496,7.468481212961181,6.247352021229627,3.815290177381846,0.2804846161925667,19.649736922583372,Fail
4.213008816333646,8.71636770520055,2.9739777315772353,9.266954163079962,7.126574874014109,32.29688329020551,B
7.174649906119122,5.4241012867830865,1.7787063353422805,7.206164634718018,7.147535707060442,28.731157870022948,C
9.620584989413516,0.12416089169423494,9.198410239886762,2.6610408305406574,5.896167698514478,27.500364650049647,C
3.664615348713979,4.027323698669662,9.367720696870856,1.422085948147268,9.013039862451231,27.494785554852996,C
6.247953987187253,4.751471801568825,6.9553124851183235,1.3285251204003234,6.233135672863879,25.516399067138607,C
1.1191961939772788,4.167086638472298,3.2523823210671035,2.3548079565076496,1.7531263012524412,12.646599411276773,Fail
5.051657115227325,2.593813734083905,4.926955815009496,7.433869236251903,8.06259261118711,28.06888851175974,C
6.8150272222392925,1.1618077501189095,9.005154924631366,4.425347781294708,7.833069879809512,29.240407558093786,C
7.388050500786864,6.268956798107171,8.408858171042203,4.856843258695323,5.498393133074954,32.42110186170652,B
0.4097822224989045,4.489267092688944,4.09839868299546,4.1628089377698805,8.423851746335128,21.584108682288317,Fail
1.707682600033369,1.4386574280684383,0.22615458164186308,9.091362871279276,5.91653160333335,18.380389084356295,Fail
9.467337289233956,8.169684504748762,5.051912287527692,4.218439682587391,9.335301007541918,36.24267477163972,B
3.957448298473544,9.346053880772532,7.497673258508377,1.1760961191976227,4.129203347342601,26.10647490429468,C
4.263983568016226,7.3511582484039595,6.212970342167891,5.933543258986801,9.187181721148589,32.94883713872347,B
2.8520580268041407,2.1668424398900266,0.5270209458741693,1.6906356820300017,9.21294701326409,16.449504107862428,Fail
7.803761235709804,9.037457706089416,5.434296812585927,0.6749624529922982,4.682394441283673,27.632872648661117,C
6.867677955971696,0.8815464425229913,7.401728402367118,3.6484749369612723,0.15982555391149122,18.95925329173457,Fail
6.000205481193037,9.326819023605022,9.728577294847415,2.475455657171435,1.3885195845020193,28.919577041318927,C
6.234059581594401,9.901097837349171,8.131053793945268,1.0559306570639115,0.38066683066177887,25.70280870061453,C
2.6679454943383085,8.28125191856901,7.599642583052485,8.517397391654884,3.0597435320228894,30.125980919637573,B
3.5949115121975517,3.1014722109080206,4.642251661891988,8.71674775583567,2.995057189994564,23.050440330827794,Fail
4.831808633136685,1.5374503199578593,0.9595852986317432,2.7723047319454075,9.577443760260598,19.678592743932292,Fail
6.929089110247677,6.221976462801331,3.0526242901741476,0.7887931648364421,6.874181903945207,23.866664932004802,Fail
7.223735076327985,4.467811630313781,5.538933884160128,3.7712694285185266,3.3925627756051533,24.394312794925575,Fail
7.564510879889118,6.00472863250274,2.64559127995585,5.172742897664144,3.064100502865915,24.451674192877768,Fail
5.963935996924615,7.225540966161562,4.594293183925311,4.234022168334351,2.2037598602088924,24.221552175554734,Fail
2.286767796036088,5.51031352680157,6.8975464097774895,1.3677925504509458,6.433451653065362,22.495871936131454,Fail
9.813833342412801,8.210785774468501,1.4764042785255893,5.65607307429357,1.576733120795013,26.733829590495475,C
1.5190269351229435,1.3952678055966927,5.153743307446752,7.87688402250992,7.430272438218404,23.37519450889471,Fail
6.225469904622817,8.103031373334709,2.61346913184336,0.06007660338277154,1.333998503617515,18.33604551680117,Fail
8.629596233130185,6.411996332321481,2.5808046135792075,0.3003781308814557,7.734598850130467,25.657374160042796,C
4.41853708091064,1.4564579602649774,1.5339342252692123,7.047727792439974,4.228229608261916,18.68488666714672,Fail
7.16325343476028,0.6140658314112168,3.7060140318098265,1.713313963614842,7.336239241326038,20.532886502922207,Fail
7.244223402693151,2.878343403015118,4.845373426885525,8.801901943360747,8.458350506536815,32.228192682491354,B
8.067078077450615,0.6878065769765895,0.8130807330331846,6.895984955919163,9.190136315893923,25.654086659273474,C
1.1755724912093657,7.824394094988749,7.330471858915837,8.757743795700247,9.399218926131724,34.48740116694592,B
2.565300624442478,4.478913448444631,7.971677722253737,8.412768156585296,2.4748541480707753,25.903514099796915,C
8.59502975624898,5.21872972764897,2.5122551931232295,0.012393757663754501,3.492205547726448,19.830613982411386,Fail
3.9785559904574166,6.141627026161989,1.2490390532420292,5.176546121833726,8.269371517152669,24.81513970884783,Fail
1.7478128487493383,0.6400008275238689,4.438358248025162,6.990756348896979,0.839516108698205,14.656444381893554,Fail
2.131047040250833,1.1058634396395473,7.403645721560946,1.4103007528476141,0.5062925286449138,12.557149482943856,Fail
4.677206159711509,9.003760223475991,8.168020229895602,9.044385673377317,4.533447480934476,35.42681976739489,B
6.134018465221711,3.525278512638513,8.874788848112836,9.235487329534761,8.493042826041833,36.26261598154966,B
1.6625533034970064,6.0908165502101355,7.956089248194732,8.064525676954016,1.6524656699837525,25.426450448839642,C
2.135428544903414,9.886565549140125,4.0532470767663735,5.874328588843919,1.6778033173982032,23.627373077052034,Fail
9.840131632104644,8.865306707051678,0.19415559876565625,6.224196007933448,2.664311377502183,27.788101323357612,C
0.29299443103418366,5.944983657497586,8.448482062686187,4.867034759262637,5.242505835855745,24.79600074633634,Fail
6.720595026617354,2.340624925720749,2.869249419378158,9.467393216744446,2.8492723075647075,24.24713489602541,Fail
6.5949005812458426,1.290736653068295,0.8773529875303132,8.312635997424136,8.663696752640758,25.739322971909345,C
2.5130768714215677,6.057718366223738,8.095598234767573,3.360012476334342,3.034229437661755,23.060635386408972,Fail
2.9314773026101326,0.6616872172518085,8.141788966373806,7.910103781422749,9.841527653173495,29.486584920831987,C
6.5087736904719415,2.389865877556765,9.153267369320933,3.5832326213199273,1.1763893389429347,22.8115288976125,Fail
7.139579478647715,8.156217710403867,7.497242022136001,2.934383247890575,5.808400004838518,31.535822463916677,B
6.214644226567846,4.480911127959199,7.047767291149508,8.025765987457657,2.8756396249487226,28.64472825808293,C
4.794549781497657,1.4574117587397772,3.1832730385579264,5.484973411052225,4.9010337162451165,19.8212417060927,Fail
4.312338697915578,3.959410958139741,5.797871585837261,5.404549589213423,5.204327300285168,24.678498131391173,Fail
5.889360225625478,7.822290004721234,1.9515306056772086,9.228480691482073,2.8126881995727384,27.704349727078736,C
6.26244822763033,6.232589756927994,5.906452509876585,9.295968167427516,5.54835233945291,33.24581100131534,B
0.7336406745960267,0.1200916308426414,9.99276525946237,4.136781134268045,9.00081826774984,23.984096966918926,Fail
3.9289510889317905,5.77399267133091,2.396048229195457,3.7637487364919178,7.489969849050235,23.35271057500031,Fail
3.1563321536715225,4.005893573198112,9.276377180531867,5.604533636006544,5.60068379837828,27.643820341786327,C
7.2226693185565916,8.554859546959575,8.327570558710377,6.502963080906799,1.1894392458004954,31.79750175093384,B
5.973123783307118,2.5107902402934537,9.518385469666601,9.046918080457035,8.532437931669293,35.5816555053935,B
4.1499775837075425,5.055417234297394,5.091963531380596,7.572587751445204,8.409538946352715,30.279485047183453,B
4.572304196195444,8.07511596305149,6.36312840076252,2.811598747334693,2.2647032402128464,24.086850547556992,Fail
4.378998871429123,4.912676284900007,2.0808519048126515,8.09181103446606,1.1931723371150504,20.657510432722894,Fail
4.271124464193341,1.6381366359431537,5.658969633550004,7.5895906111601885,7.835830049607534,26.993651394454222,C
9.38749888279833,2.888277800310779,5.488465553127485,8.329165197810076,5.297380008901814,31.390787442948483,B
1.9010764978372763,4.3498417917046295,2.8506884047229164,1.6094226747522455,5.060608486364432,15.771637855381499,Fail
6.334008543167258,5.297749152567985,4.52172955590441,9.293152595474673,1.4850412902192045,26.93168113733353,C
6.284264566145871,9.587866439404081,5.525197803669779,1.4025194151121212,0.819639255320942,23.619487479652797,Fail
6.2275340323984105,0.701966114077136,0.4567573856635321,9.856016678008684,0.4520166397726999,17.694290849920463,Fail
2.6899340443509767,2.7308145032131836,1.2430463681491843,1.3679313464832965,6.672868540638372,14.704594802835015,Fail
9.478565672536607,0.7559587516160127,4.525247242227188,8.721204049887294,2.1716965699461377,25.652672286213242,C
4.389714207056361,9.764132223840562,3.235473582966508,6.232136782009433,6.615427259165517,30.236884055038384,B
5.814248948690871,2.7761949961938837,4.967621494781037,5.803405475307568,0.4730680695867373,19.834538984560098,Fail
0.41082364955555284,2.4580385627786594,1.4993068954001065,5.027048818153103,8.98524096443347,18.38045889032089,Fail
2.5855726364024587,9.364464228117573,6.103871804869687,2.829134897492488,8.92354382769989,29.806587394582095,C
3.5874251054288866,3.1409045523357806,6.617020926422056,5.044995294385808,7.420794122839406,25.81114000141194,C
6.710129805329098,6.487218801549056,3.6761596645133263,5.980963404767533,8.759019264465465,31.613490940624477,B
4.327714843418189,5.01232726678408,6.676693147712001,4.956313419034801,7.784432746887019,28.75748142383609,C
8.265510741914643,2.8102792627020245,7.218427497552398,7.330382136438538,4.18399559636328,29.80859523497088,C
2.4966800885918596,6.760560050132531,0.4308421615686431,9.032685944944841,7.622392789610109,26.343161034847988,C
1.9731397057605993,0.6313016032445307,8.33374774254387,5.661139525113645,8.029353031038083,24.628681607700727,Fail
9.383048184484826,7.141215274023056,3.7071356364571075,3.915491976158103,8.598996970333866,32.74588804145696,B
8.740717733051852,6.021543061264543,0.720369250185201,5.701511120016839,3.7104876579428323,24.894628822461268,Fail
6.636247207672996,5.877684626060896,9.671183544949823,9.291530385603917,3.660829880795199,35.13747564508283,B
5.9742924257342,9.21029516053802,1.124506732335332,6.823245786079914,1.1732694386581943,24.30560954334566,Fail
1.5991324502412751,5.976821280278076,8.302956496029397,0.8412650402339827,6.108485066734489,22.828660333517217,Fail
9.502112058654301,7.609633177608087,3.3928278180594185,2.261211475992088,7.2712484408462,30.037032971160095,B
7.867230147335408,5.281400572737537,0.7401999025589412,9.359164308887069,2.775811879097886,26.02380681061684,C
0.09910695491153643,5.166544007286027,2.0065001547767625,7.720120654136914,0.63565979524695,15.62793156635819,Fail
9.724613900279023,9.31788543051174,8.081683109125391,6.137257460639757,3.2102656983345357,36.47170559889045,B
1.195942459383017,2.2127659106618403,7.069009016757208,7.597261219326121,3.0117871762621604,21.086765782390348,Fail
2.8915033445415093,7.007318803632652,5.955194098784342,1.8680887069961416,3.4307373473795932,21.15284230133424,Fail
7.619343757430971,7.285652116332708,4.25925779358077,0.2975660641771505,1.7792242076543896,21.241043939175988,Fail
8.271581484276233,8.506005483015567,6.247739170331687,2.3706947011035764,3.2147974963046866,28.61081833503175,C
4.280193524396438,5.505041407702178,3.132169431566907,4.196528102453499,3.882939532575296,20.996871998694317,Fail
6.15298025069802,8.020625593108031,3.1740532915896913,4.858497309165374,1.2336284466155045,23.439784891176622,Fail
5.8377278051411166,0.5661497313472341,7.974489200763102,8.300290022062565,2.836166085127636,25.514822844441653,C
1.2115546126098542,8.246314679891132,9.205607021003496,8.155652157439489,5.407878738633325,32.227007209577295,B
0.7513778173580876,3.568886622804012,7.693245039036807,0.9371048004275273,3.7937998962495745,16.744414175876006,Fail
2.562923753692176,7.603873821805035,4.057062206413664,4.599106036202029,9.033021660929643,27.855987479042547,C
5.582317502796609,8.955617303268776,6.077081673741014,7.768798264305739,4.427832181846204,32.81164692595834,B
9.0194019674915,3.5836763233239832,4.344459512198786,4.58374191755062,3.156345334932814,24.687625055497705,Fail
3.33299859870525,1.2778295457384325,6.530872509563752,6.425746256865896,6.008349967526917,23.575796878400247,Fail
2.2959816075396864,0.32215360450372876,4.996929185709734,7.934846153441827,3.7662556404846823,19.31616619167966,Fail
4.842131393476416,8.575057399572561,1.9359847775486727,4.8902134535039545,6.708956623202127,26.95234364730373,C
0.5474498225959512,3.144100263737953,4.2294561005668,6.86961601886649,7.527041444789639,22.317663650556835,Fail
5.376921285909715,9.773203051129768,3.002698358518022,0.14170289628625654,3.3827363070054406,21.677261898849203,Fail
5.787564763599993,3.7869066333300228,2.9686785103276847,5.435369624422216,5.357368824653311,23.335888356333225,Fail
7.474709381337565,5.252022002307971,9.491276809164065,3.2743406971803903,9.485165097695736,34.977513987685725,B
6.935098370463204,5.785117924094454,3.1994886235158737,8.318686148238282,9.652232601805853,33.89062366811767,B
6.10363007818157,2.7332958312466293,8.84164175193483,8.013605330907582,4.557957635261516,30.25013062753213,B
9.921356394785828,3.5315440228253783,8.705956337262844,3.193824865624758,1.8990750676750623,27.251756688173874,C
3.739387136037746,3.0469634008628943,1.8554540007795295,1.1252679031279889,0.09051641755863038,9.857588858366789,Fail
2.629242476321471,3.1991363514030144,9.917556495045424,9.78440830608275,3.1189177315497396,28.6492613604024,C
2.9166257870930323,2.644928733474785,5.374881528341916,0.9884952926661261,1.3283865678409879,13.253317909416849,Fail
0.06952130531190703,6.007397744503934,2.846856857994445,8.228817855407875,9.680988937384893,26.833582700603056,C
9.232860210139357,3.3790142577506312,4.121123469647681,6.441592857933976,3.483226315331076,26.65781711080272,C
0.6134962711066816,1.1746207279638399,3.9346671874027916,8.950127566264621,9.321375268403516,23.994287021141453,Fail
0.09200897625379456,2.923725843302546,8.033129122072205,6.414927795747118,6.490956642350989,23.954748379726652,Fail
3.1577315124949603,9.758933378958988,9.617866143085603,2.3941644182579602,5.795702031618322,30.724397484415835,B
7.6531629952538625,2.8391739966443064,2.272480911839545,2.1236922813265666,2.2910938217988153,17.179604006863094,Fail
6.458223862864843,5.355258826955995,9.762698050329522,0.2568026385903477,3.0115650097670588,24.844548388507764,Fail
5.961426495498969,4.453196182237519,7.568492655016469,4.2536087134084966,6.160395042089027,28.397119088250484,C
4.9031248940982834,9.967264010577331,3.4785732114009003,4.245262645695042,7.014137742374608,29.608362504146164,C
6.485341590333425,9.804616351098307,0.20613158835864676,3.0918339909503634,3.986056009080694,23.573979529821436,Fail
6.878857223008134,0.9066208850933832,5.081848832868703,8.355962398014242,0.5101221250842991,21.73341146406876,Fail
5.018695310245037,9.8992149127494,5.5462140912861155,7.749882886977527,0.7957048525758381,29.00971205383392,C
2.645462862260417,0.6040186879292697,4.740090217476625,2.0070154217437253,0.5191703512060575,10.515757540616093,Fail
4.549568797277371,2.0788587191937546,6.785052268267442,9.039927936850225,6.849242281489275,29.302650003078067,C
4.296568127389351,9.170217118805565,2.460786049522168,0.9436266781592306,9.752897702157737,26.624095676034052,C
8.038847087352535,7.476717700801579,4.751759729268158,1.160546188024082,3.245888291499839,24.67375899694619,Fail
1.2044733999656543,7.532364143087609,7.61736902212518,1.7443860653643561,1.587908015751609,19.68650064629441,Fail
8.828364906780791,7.1239430195298805,7.158666080642587,9.449022747551718,8.758817394297377,41.31881414880236,A
4.361265291353167,0.7672737192820589,6.1464663248290385,0.5956657537573218,6.72027395685146,18.590945046073045,Fail
8.709691237460856,0.5113163810669719,7.996788032748141,4.102360162875679,1.614962938156973,22.935118752308625,Fail
2.1745293221723596,4.770667495672725,0.3548340514569748,1.5526681011120114,8.736523542992757,17.589222513406828,Fail
2.642762631586393,5.183151152025223,9.298424936337062,3.4341573726188592,3.3624212805358034,23.92091737310334,Fail
6.103938666440536,6.853387819213562,6.5913220384120645,6.882358785978919,0.9669039389196366,27.397911248964718,C
0.39618825348357145,1.137624624806518,5.904372807789149,2.061190782604797,3.6809032898655225,13.180279758549558,Fail
3.97634985732753,6.673986245608075,3.310747386981765,2.8098394128282376,1.5364745288766013,18.307397431622213,Fail
0.7308156202701499,8.237976154350342,4.51882493650932,5.828132732124283,9.713911569556599,29.029661012810692,C
6.171449866040301,3.2281449771384327,8.479625912891999,1.6888208655173331,1.0354016192273752,20.603443240815437,Fail
8.218309465853594,8.726366876911978,8.267977397635459,5.94011496972227,6.057589506806042,37.21035821692934,B
8.77339353380981,3.759599096406637,9.723287103103933,1.1456204339604814,4.087662863155279,27.489563030436138,C
1.796512179553419,2.9708865318724076,0.7658093136761379,3.1273697882792684,8.133237459881002,16.793815273262236,Fail
3.0946257644618234,5.203722164409679,1.9331399724521459,0.16955021490728694,3.073743272400289,13.474781388631225,Fail
0.4188039383877551,9.061375875672343,0.4482671415349859,8.38343470895551,7.034866414637879,25.346748079188476,C
5.953557225103118,1.8394770616062162,4.2102089456314316,9.280510370851857,6.249925175434623,27.533678778627245,C
0.5282589390860248,0.503629989933958,0.8617882742803595,2.1212472965930362,2.7493872464791247,6.7643117463725035,Fail
4.707059473159374,2.8131047047074254,0.28815401053605694,6.191712099973103,5.600694520865486,19.600724809241445,Fail
2.206510596217485,8.892854620742632,9.798101738893552,6.793554595127817,3.1585882937195375,30.84960984470102,B
3.2268370707782026,9.016691456322935,0.5380112209719023,6.82956055963137,4.08900995375271,23.70011026145712,Fail
8.221798868164234,7.359844887570795,2.0916268343226507,7.163104739385712,6.154809322031079,30.99118465147447,B
5.085388914977079,2.8737991525556836,7.840332361831295,5.141854949159422,5.819136486070244,26.760511864593724,C
2.751902117734757,0.34363029216861074,6.437619499528217,4.724227360325248,2.7998171399016947,17.057196409658527,Fail
4.099048896962882,8.471574570031077,4.285926070951714,8.3206597548209,8.172844496360197,33.350053789126775,B
2.4665644684477783,5.162330979358291,3.276797739624182,1.2922930256172849,8.645259023778184,20.843245236825723,Fail
6.898210713287619,4.514588460004906,3.982103086341018,8.503456614668663,5.119108210485769,29.017467084787974,C
0.6043654494056405,8.689994079518028,9.971370153633421,6.531631689691132,0.5172222334115206,26.31458360565974,C
4.815223515125501,7.178678511312636,0.06022040368406367,1.6823211799290883,9.443428777832409,23.179872387883698,Fail
6.642193849889683,7.57482324740119,6.816065901683092,7.2798121319407905,3.991364030937029,32.30425916185178,B
6.138459450077242,6.407333593074455,6.418607787630198,1.4007604370275561,8.302109118039409,28.66727038584886,C
6.353233467083211,4.685469497914722,0.6717283689500897,4.3299992650137265,0.5841138078432007,16.62454440680495,Fail
1.7260911290227454,4.268414093689781,9.012133597543366,3.523792913059313,7.672257222002918,26.202688955318127,C
6.069731162742654,8.137482955675475,3.197544499127265,0.6396277204395162,3.2727656085478065,21.317151946532718,Fail
2.0347274249759586,2.34405744408259,4.185655981373586,2.5992657812565287,0.35459515677685904,11.518301788465523,Fail
0.6360143637779736,9.066688146151902,1.1920891141395673,2.558686405759758,7.6671652381276525,21.120643267956854,Fail
4.038110052474993,0.30624182237762865,7.170381013253538,0.47186415062259734,8.709034764113039,20.695631802841795,Fail
1.7884106850779935,3.6161634128183238,8.377192431353768,4.01281487467239,9.597737512562198,27.392318916484673,C
6.527281237772241,1.7163501741537301,3.9967589044187033,8.727941711950026,3.6852866697371445,24.653618698031845,Fail
3.582190412430728,5.601925542342333,5.981328297531396,2.5738801408388454,0.2909384302369755,18.030262823380276,Fail
5.28937134027212,1.3338123663774282,2.179983043884346,3.48378944292159,1.062140931306853,13.349097124762338,Fail
8.468872244289528,2.1064559763553667,5.028754776591401,7.280814128625936,7.65555721041261,30.54045433627484,B
8.561536219946603,1.104431269411511,0.2695475979813122,3.0282215117451328,5.636061861360293,18.599798460444852,Fail
9.429827840711356,1.0193190678057007,8.987592259799747,5.460788323146444,0.44332480020079945,25.34085229166405,C
8.670723185801037,9.792618656086425,5.934761998543046,1.0583041207856803,0.9142810039987981,26.37068896521499,C
5.233909113743664,8.444056122920658,7.141228018277412,6.759107318023446,6.882268329725428,34.46056890269061,B
2.4860488461330634,4.051821038009611,4.13624602610791,0.20030467424075216,2.042003721856671,12.916424306348008,Fail
9.777128128254999,2.593799952211806,8.131447910145189,7.555080765252957,3.918510324399688,31.97596708026464,B
9.766176373150092,4.882193591992385,5.260436248909555,0.7833622124727146,7.724206380240412,28.416374806765155,C
1.6030903951556885,7.192713850692155,6.311432892894356,0.49898637457442385,6.987535629219081,22.593759142535703,Fail
6.134113892107077,9.049295169818151,9.940559567681134,9.671742142947084,5.913952441985306,40.70966321453876,A
7.435442696372946,9.461962839485654,3.3252835975457073,9.030280737942602,2.2312104103096306,31.484180281656535,B
0.007895110932187865,1.8037976887507134,8.209471574549681,4.5764223885643185,2.442890696391636,17.040477459188537,Fail
8.205764393338498,9.412216350952905,4.450761419929553,2.991192792049576,8.8691550594359,33.929090015706436,B
5.552958253281814,0.28864839458030755,7.820564688688232,4.240897096010656,0.8101414468587398,18.713209879419747,Fail
6.722506872941947,6.283363652986537,1.5244288440790354,7.110639192353632,7.203936293957401,28.84487485631855,C
1.3650301208358218,8.703037784998426,6.231106875880562,3.982292424679242,7.564698458426329,27.846165664820383,C
7.416378186176209,2.6369825545106695,8.307795327869187,8.037254973160872,4.393668859683629,30.792079901400562,B
6.361056346436186,6.487334824453981,9.37739983673756,3.778677414508854,2.273684336933195,28.278152759069776,C
1.1396588711924116,4.638217187676631,3.901164772942681,4.856485325039933,0.10381573302546188,14.639341889877118,Fail
4.8201733977693255,8.943898536984907,3.0693574379235224,2.3031275376342397,7.710165047958694,26.846721958270688,C
3.188173228730047,1.5745295718984664,7.429088460488028,5.568767999425523,9.989281593131206,27.749840853673273,C
6.487471138950181,0.5602913324891368,7.962783782978285,1.5815334320414598,3.5639301763297415,20.156009862788803,Fail
6.28905144923615,9.726277413964189,8.450487128674308,0.08618727598900366,2.9674346277506194,27.51943789561427,C
8.255348415204157,7.188779803941351,9.487807744991862,9.13026909396893,1.3594111048988466,35.42161616300515,B
7.292402490975681,4.943142480500597,5.635160192069598,0.765065397195408,3.0515037767872433,21.687274337528525,Fail
4.884956326599053,4.289699807175072,4.450421075102399,3.942312182758103,3.8845732679480216,21.451962659582648,Fail
1.3351555135281956,8.664487806342642,2.7259305598359562,0.1388365969132077,5.048597509725403,17.913007986345406,Fail
9.903323037936483,5.579487414344805,5.203186082438382,4.914258300809564,7.375431979485395,32.975686815014626,B
7.60289823122135,2.440634510429253,1.0327616553190033,8.483823039886564,0.07413558813959997,19.634253024995772,Fail
6.651972206962001,7.565526600578163,4.71874586771291,7.2982831289523,6.318445066424758,32.55297287063013,B
9.476880259644707,6.624299734213518,5.014407471415528,3.3861967998163642,1.5582638330357956,26.06004809812591,C
9.764565294354101,6.795541191072888,1.6247063661423988,3.3801218771380492,3.165141616764128,24.730076345471563,Fail
8.299395932124433,5.349047841897949,8.264435142747697,3.4110266372183853,2.041712452789758,27.36561800677822,C
2.157406791764541,6.689001056186178,7.418821683231693,2.2947845824986803,8.557344041799903,27.117358155480993,C
4.883349130043346,3.5031752587232856,4.1079699854434715,7.077932802417529,0.03218084111683783,19.604608017744468,Fail
1.9124212907612137,9.885246673259216,6.252630275433342,5.589722009248565,4.2112547311853845,27.851274979887723,C
0.9139148633177641,4.364483988231128,8.573313701326594,9.949844806831983,6.087275888005379,29.88883324771285,C
3.2116215263595347,8.353623541788926,9.687660395681933,8.89116143602539,7.162005298520636,37.30607219837643,B
7.42706521199981,3.631287104896359,3.024553798310107,1.9059266144817555,2.3523752747444537,18.341208004432485,Fail
1.7483862726041255,2.79594370523232,9.296974986654456,2.6709301210816427,2.0993495832897615,18.611584668862307,Fail
2.3362476364856652,9.7529953864988,9.984169636492549,0.5187043071066,8.1891842034125,30.781301169996112,B
7.804711383801549,8.864360553553905,9.417483622312048,9.84698951675111,7.9200430767443555,43.85358815316297,A
3.6957419942677316,9.319026844206032,4.760511939304846,8.382798458526146,5.384580465781378,31.542659702086134,B
3.8019561878585706,5.435343783741237,8.320883176808307,9.703266726373027,4.564120400026708,31.825570274807845,B
6.613706110704144,7.259687793283472,0.02728744513015746,4.664322035729559,8.878421540622641,27.443424925469976,C
0.1526483964602976,2.426943984557346,1.0793085526270219,6.058747975685568,5.996333303275736,15.71398221260597,Fail
1.7046251158164205,4.016451772120418,8.554783401603135,8.936140998704342,4.139893930382051,27.351895218626368,C
0.6723418009056115,2.5283378316516125,4.294916786978438,4.931932091963478,9.377596700244325,21.805125211743466,Fail
3.2233845808094364,8.951457368245677,5.79383083791407,8.183050442007625,4.266856040363896,30.41857926934071,B
5.734917638909767,2.6971700408253882,9.772513952392783,7.109362119519492,5.0747539838617115,30.388717735509143,B
1.6456605842933492,2.4626572398078572,2.126872255123752,8.559334843539787,8.983999280708417,23.77852420347316,Fail
8.111045663053181,0.7914862094972763,0.6527199856848953,6.60054741079077,6.489059545019943,22.644858814046067,Fail
0.004015440253398728,3.8677020860295763,6.01553649643518,4.627510816297784,7.7948706027348935,22.30963544175083,Fail
8.869249002092696,3.142415204995049,0.5880453388830476,0.7773463524816171,8.132311705575416,21.509367604027823,Fail
0.9142199181713817,1.034351666487623,3.056640725924573,6.895683164533187,2.764682961734116,14.665578436850883,Fail
8.267073597414875,0.4905357258779386,5.163018208762579,5.906034895239809,0.599074060686563,20.425736487981762,Fail
5.111136384895005,8.416752092714887,5.8389371372659475,6.465627536872701,1.5012795261194578,27.333732677868,C
6.897015348618686,7.1660627556505005,0.13787704544550916,5.343883835135932,3.34899428019535,22.893833265045977,Fail
4.593436555939564,1.107431201911856,6.431576030590172,8.113362238603383,9.372161738444289,29.61796776548926,C
4.972485058923855,9.246228178425286,4.928791795440838,3.246169418971795,9.600324554690784,31.99399900645256,B
0.19610532474253595,0.17602523701344963,7.9608569626957495,7.375749721522578,2.164527734843297,17.87326498081761,Fail
9.419914468838718,7.459169379985563,9.581841559755684,3.527370066435347,7.590154867424669,37.57845034243998,B
9.718453013254846,6.36641035358728,7.064856350072252,4.330431979087896,9.074120206747526,36.554271902749804,B
0.40350826859699707,8.403615053853187,6.453059290176052,9.344066466154992,4.607667222197515,29.211916300978743,C
8.774608626303804,5.288052181567664,8.02343998981953,8.05232276849842,5.742741202254854,35.88116476844427,B
9.595766443210334,8.102058495033354,8.395220557222121,7.058998111063262,5.508865612227329,38.6609092187564,B
0.7773463696498484,5.901164223444708,0.25291408989633113,4.422992746295597,9.747725047209556,21.10214247649604,Fail
6.422096370026974,6.258661096153681,7.740043021554399,7.7220645169156334,3.4156922402313707,31.55855724488206,B
3.7330931627975295,0.6584216450865465,6.597444282694605,5.7547066765642,8.887895883139098,25.63156165028198,C
3.827987644363878,9.973811268138132,0.016524881419711646,6.0318748809728575,0.48142386699608797,20.331622541890667,Fail
6.24148907849134,2.024621836388314,7.367605947320999,6.1024327425234866,4.453410906776725,26.189560511500865,C
1.8123306616566015,2.3108892213456853,3.41881322056115,2.2199738780671674,5.360285828958611,15.122292810589215,Fail
9.773079079915037,8.249469294605575,5.411738301381054,1.9798358944955796,4.797944085174671,30.212066655571913,B
6.613381138362127,8.229503200222162,8.26567384448563,6.674589515036303,8.52206675153828,38.305214449644495,B
6.527461078518747,0.5548394206791063,9.221948386343705,8.604166115813456,4.941532235980958,29.84994723733597,C
7.389920631562439,1.6422068745957075,3.4155787646598643,4.597477706502458,9.473735822114755,26.518919799435224,C
0.4914839034517704,2.7088605502637475,8.202211977415281,1.875311470260509,3.85939651437168,17.13726441576299,Fail
8.162278518628002,0.7644400895028247,1.4055989676966874,6.433088027296296,5.3727959580782505,22.13820156120206,Fail
0.6026739028956085,6.858544924014919,0.31559549061333625,7.055060541932908,9.201187291902372,24.033062151359143,Fail
1.880585664790756,3.569818058777577,1.6580447082658012,2.617665177292132,2.5652020013081467,12.291315610434413,Fail
5.782983994203606,0.9130887757816075,8.870697629157348,2.446446782104786,0.7845900054087318,18.79780718665608,Fail
5.7121291775151715,8.515511170493673,2.528522699826139,2.3771063027533366,0.6509741377564349,19.784243488344753,Fail
3.753213457730138,6.476595856402946,0.349136146032174,2.586490346127752,8.48684697354426,21.65228277983727,Fail
8.359801205122059,7.09272011669813,3.5927691576455967,0.35735455880224753,3.1509285596654135,22.553573597933443,Fail
0.1210847523488745,3.950763253881926,4.140279237553608,8.8416510384679,1.1948579310122842,18.248636213264593,Fail
6.117207462343522,2.327302418700535,7.591190955842601,9.816472365702749,9.318507802258251,35.17068100484766,B
3.267388905686336,8.973389655687686,4.418924919666505,6.635192111336301,5.022561544647606,28.317457137024434,C
1.0804455937640711,8.132623013506542,4.723216504283089,9.148086592534842,3.942469139577666,27.026840843666214,C
8.384918338430248,2.0247856414138,8.9447805558682,8.016743548493777,4.251221342013496,31.622449426219518,B
0.719067173164456,4.46057225664441,7.653129228919666,4.41859623810624,2.307872228768486,19.559237125603257,Fail
3.9147973033401575,4.320045888091539,4.179601490671497,7.579700524606617,7.031265446731676,27.025410653441487,C
5.883522209831533,7.622325620441929,6.757386646535418,3.9909473419475416,6.660408041546844,30.914589860303266,B
9.916243429612281,6.667560613073773,3.4890922695587303,5.591514849392553,9.092270384789499,34.75668154642684,B
1.2137192454861967,1.437851730161922,8.946657206444625,7.140896025442599,4.757967746817818,23.49709195435316,Fail
5.180787662388155,6.225937965626899,9.875538288615655,5.4826694686748,9.339518874028474,36.10445225933398,B
8.554605840110073,2.500567585101532,7.581384615092876,0.7969992331425568,4.35366932987857,23.787226603325607,Fail
1.3427485090227553,7.616749053941836,9.457912719417038,4.090011410805728,1.8245454772580882,24.33196717044545,Fail
0.3836155478797465,4.908072494527028,2.873253994058962,9.696368190013073,2.9414419608587314,20.802752187337543,Fail
5.015162946871996,4.802367134710267,2.7366625410182666,9.803912045930756,6.139874071316246,28.49797873984753,C
9.670352752561461,9.081320565606308,7.96399988770646,6.074335589700354,0.23566861080660084,33.02567740638118,B
0.2660836607768413,8.092458367534826,9.398559588938637,3.8236132296456784,5.640449434700436,27.221164281596423,C
5.060446924118366,4.441590723125003,2.982636930758984,3.2238982137347505,6.333030396331303,22.041603188068407,Fail
5.359350788521182,6.859292207082196,0.7942369963257645,3.53146592660859,1.5565564126940623,18.100902331231794,Fail
5.285842014374423,6.907228942289688,4.372545006830921,4.125989968464287,8.647089550613632,29.338695482572955,C
0.8227232427706188,0.9089890147454782,4.029096163616526,9.942079899060504,8.664865434704918,24.367753754898047,Fail
7.18331175372004,5.9666290693248145,7.965420660296458,3.4664037398422467,3.6756182524182366,28.257383475601795,C
4.61033568097812,3.8010599871580397,1.4838536349964004,0.9069342419333482,7.526657800643747,18.328841345709655,Fail
8.082682112162782,5.754752778863649,5.196070954723462,9.345696979397342,9.720181731514451,38.09938455666169,B
4.7070099949106154,1.6291610476529073,6.944762294166634,9.53030418463236,9.144889370139275,31.956126891501793,B
3.1277798921035407,0.7766586177835355,8.540154152059413,5.038830254957855,5.731930965946493,23.215353882850838,Fail
3.2295647294124596,2.356871143307094,2.154107052621402,9.988163452552417,5.137130319269437,22.865836697162813,Fail
5.730422006190157,8.56130220353046,5.750471664439502,7.119708754926926,6.002878706941286,33.16478333602833,B
3.746126146264712,5.209913886493571,9.467672854968892,5.2998943780500865,2.496614741493409,26.220222007270674,C
3.4634599436596125,0.25632249884422587,9.666976167943213,3.0023234937794574,3.666804560952037,20.055886665178548,Fail
7.360173683653359,4.34935900363409,1.4552946171476744,6.309890468807041,6.28103377037235,25.755751543614515,C
5.534717762098499,0.13604395450668272,2.5697007771914446,8.790932903583894,0.4054562040815146,17.436851601462035,Fail
9.200381641090527,7.309617081611161,9.140866737044018,3.1526163603592816,9.446102159937697,38.24958398004269,B
7.727714196650791,8.436683754194409,5.978213785879017,1.4941777691127078,3.353404780682916,26.990194286519838,C
8.670116069106005,1.678789010828463,7.694054009097161,6.269040532025558,5.654830876198121,29.96683049725531,C
3.332417405507276,0.1316277143189759,2.0574618204608752,9.636315120798374,4.83772291337997,19.99554497446547,Fail
9.456981470002823,7.569947594896556,9.15956595465678,2.575524383453959,4.71228167319945,33.474301076209564,B
1.987156815341724,8.073709397924894,1.5299578667817448,1.4270766921391842,4.6352590909944205,17.65315986318197,Fail
3.2280979344785035,3.791393157725924,0.47791483870121443,0.640774931263467,2.337683611795074,10.475864473964183,Fail
3.1931688002137406,8.219173805887618,1.6697272604718938,5.793539050397966,5.985850305995709,24.861459222966925,Fail
8.369278328446237,1.4002568946988558,3.77650950839194,6.3857220786661895,2.6300484397436543,22.561815249946875,Fail
8.238017499205379,8.971304663109365,4.499749595778534,0.08401524278238703,4.797430931451644,26.5905179323273,C
2.085105143573358,5.7427038025708725,9.421963388357298,5.113317653156387,1.3090000796690116,23.672090067326927,Fail
1.9813074182357704,1.6641943793160274,8.202795606708994,0.8354967719085471,2.86559217861702,15.54938635478636,Fail
4.017936703333637,2.3325764145399797,4.593204620198018,2.5020071777943587,1.2890125116344775,14.734737427500473,Fail
1.4661455715984228,2.3198498498368836,0.5097676346867597,5.9709053621247925,6.3855435096864275,16.652211927933287,Fail
1.771497894473859,8.31640040169331,3.0044537955002246,1.3759615117111401,7.623168099769336,22.09148170314787,Fail
8.843434279712875,3.4886209677027313,7.747068680155616,6.844156358147172,1.6514013757232038,28.574681661441602,C
9.348220404438013,9.541380793838092,0.48655781999131564,0.8431752685655247,3.1696778512490753,23.38901213808202,Fail
0.6817230938549357,3.3485695099898116,9.710739982658218,4.780993726982441,4.740047549061329,23.262073862546735,Fail
7.711228158518866,1.6736753072665134,6.537325001261435,9.294322238196456,7.195986847563597,32.41253755280687,B
2.1673980009077565,7.81490243258572,9.79940238572446,9.736723982079864,3.0099764768366644,32.52840327813446,B
8.588167711681546,8.249384798173974,2.8930431710405324,9.094869361377274,9.978394331176407,38.80385937344973,B
6.843142489253448,0.2903878265977444,9.454505501177888,4.004535132348882,6.6418231943563715,27.234394143734335,C
7.561633288952461,9.289467355726233,8.448286249545816,0.0458802942972103,6.392801019849084,31.738068208370805,B
5.1492750886067205,0.583962240591539,9.911980103191901,7.230733734948085,6.7832655505788,29.659216717917047,C
8.733229158608077,2.166866437053927,5.675373675354186,5.258232395978425,4.102485348813429,25.936187015808045,C
9.928039781860145,2.785627134497355,9.136400867900555,3.8340516036783843,4.476736787588629,30.16085617552507,B
2.6804718737863773,6.973580668337705,3.4958464988954043,0.9733208845134234,9.410288865053685,23.533508790586595,Fail
5.021950103312426,9.378272069923831,5.3263274402878205,2.6949315466247867,7.552961527520513,29.974442687669377,C
6.140907379757017,7.3344149381065815,8.912718388380945,0.07926778668208678,7.4375755263712495,29.90488401929788,C
1.356266160073134,6.710124748448701,8.388175722068375,7.771602046078751,6.706830022374395,30.932998699043356,B
5.884312404534523,3.417576022985628,9.560951631253484,7.941609759707321,1.636432534973442,28.440882353454395,C
2.0468010905728393,6.663053231282923,6.953056776022964,1.394801398336516,1.8183547198254946,18.876067216040738,Fail
8.172222002012159,8.491322479885106,1.9372878619658929,0.5980847535232947,5.827291592503103,25.026208689889557,C
8.983864665840349,6.971398139457832,5.57745140442896,6.1539238468607325,2.7996819103853987,30.48631996697327,B
9.799703293588507,4.540553226095492,3.21770570248497,1.6807314730438039,8.4274208812218,27.66611457643457,C
8.253084024229825,3.0712069487206084,6.238066594255363,2.1614859504198813,3.1281083417663824,22.851951859392056,Fail
6.954884591776503,0.17631408934024706,1.5003976429087684,6.666796402337543,2.8630403152257786,18.16143304158884,Fail
9.678645659513553,5.292555409507501,9.792350925361733,1.735464011011153,9.687948466579227,36.18696447197317,B
6.5166682537588505,1.867462845973269,7.2541563078645135,3.458692918557632,4.592584620757756,23.689564946912018,Fail
2.981503562765556,8.27276954871939,3.293374119469007,7.706285954072553,9.292329955601916,31.54626314062842,B
3.9515529747230502,7.46566673803393,1.768173577797928,6.973183393874325,5.948248760652413,26.106825445081643,C
9.860010638228708,3.9425823549574526,0.9113217323379974,6.70982232385235,6.380550964986437,27.804288014362943,C
1.4866272775311296,1.2881307376298812,9.541907303347857,9.144557322680582,2.9234212778386084,24.384643919028058,Fail
9.486540809029906,8.691828639805104,5.456542076143488,4.675169787807252,3.4414857904734264,31.751567103259177,B
9.581381198044962,8.447903602895616,0.5803056188362055,1.3683441128259566,2.8837697397843676,22.861704272387108,Fail
5.537114853580112,8.328490415914425,6.030542679324817,3.048452430667725,0.4631693914665058,23.407769770953585,Fail
4.340209727087588,7.742605684324513,1.5311353090573343,9.716211996875279,9.18833292172679,32.5184956390715,B
4.703240479372064,1.8630691817427392,4.663224639621269,9.578253849279491,8.414056546832642,29.22184469684821,C
3.035039091479522,0.42590953970313095,6.508052425268339,1.0597819805522546,7.600575354853153,18.6293583918564,Fail
7.416841289918231,0.260295498171349,4.533294713173843,4.06418944757653,4.710987552429325,20.985608501269276,Fail
8.005866991090828,0.42334945902492094,8.068506011387655,0.05622886271362426,8.852101934711659,25.406053258928686,C
4.291494919583219,3.9294443937335988,6.374636288776231,2.7522255917928606,9.288973045288323,26.636774239174233,C
1.037747086347407,0.09222273587226937,5.779886113627715,6.116916225336593,7.760135553964243,20.786907715148228,Fail
3.363233942703335,6.1774050062499795,9.064463184738248,2.4705081915195093,4.113534172548571,25.189144497759642,C
2.116358985698612,9.12895980306234,9.746231168075656,1.1164157153836518,6.358363565201176,28.466329237421437,C
1.1501093682809782,5.590065389858902,1.5887901419540407,3.4953254087908245,3.0119751183660903,14.836265427250835,Fail
0.23432955367388209,3.624598486145605,0.13376239408776525,8.461467657949957,9.674990807248545,22.129148899105754,Fail
1.785197892725987,3.2831227354246373,1.3322970727684236,5.025280623108378,4.112120014628044,15.538018338655469,Fail
2.2925139523264146,3.0095771555867246,3.6634818470866524,1.419302622587958,4.208652495150071,14.59352807273782,Fail
2.1508522878509284,0.2429270339978029,0.7487203746882343,9.908391271758791,5.630025243684105,18.680916211979863,Fail
8.259782127080818,6.733915791158308,1.650373305200834,9.592142726342601,9.355536385271293,35.59175033505386,B
9.520624466390027,7.386620535618253,9.843559883942264,2.8350790670647683,0.7370461784381699,30.322930131453482,B
6.032454226840298,8.871419986941438,4.662569273026208,5.025002450183943,8.114844246061534,32.706290183053426,B
6.046127135052216,4.996906028861203,6.4667668899400566,1.4233202613101692,0.016055349594957802,18.949175664758602,Fail
3.6872515547084594,4.84425470834399,5.14853288461121,5.590203392948624,6.556197354326399,25.826439894938684,C
9.806482195640495,9.671640551360522,1.1155507896420114,0.05336560919045996,7.427227507120846,28.074266652954336,C
0.6404352386478851,0.01243438866102009,4.260604198427497,6.465050072061814,9.049189265806687,20.427713163604906,Fail
2.4995694639762123,1.8714503146222616,1.7802952960536367,4.810581961953691,7.489444547972451,18.451341584578252,Fail
3.984787621092144,9.69235997267109,0.9103966920973805,2.396173576322398,1.0054436118500654,17.98916147403308,Fail
3.927307432714162,1.85901711556267,0.8118170539169289,9.529532000878381,8.61443199896996,24.742105602042102,Fail
5.813665572045749,3.0963332370839316,7.4464824095557525,8.590086106838577,6.7854074235055775,31.731974749029586,B
0.7857849715502074,7.0712061394438095,2.5698366248748252,2.1636951773455504,9.29109995803924,21.881622871253633,Fail
3.033855436291332,0.4247091048841134,0.5966222333060489,0.7236794575507699,8.879655192338896,13.65852142437116,Fail
7.827456742513867,9.31922435685587,8.953152550713643,5.6446291839459075,7.376891165206391,39.12135399923568,B
6.435521229874174,7.609735645316532,5.587265427899148,7.471427899461557,7.736967765373128,34.84091796792454,B
6.178131945892864,1.4730134571189302,5.563038614691638,5.842632897353547,1.7886166122255065,20.845433527282484,Fail
8.479716933125903,1.5763423171681779,4.955837559923662,2.7150284529688076,0.9607340525621655,18.687659315748718,Fail
9.653027236303998,5.6277007080153165,8.08105664545273,9.374966525042609,8.024561041262308,40.76131215607696,A
6.796331823951435,6.905526403996448,4.301644525144996,9.749649802370957,9.397677413678219,37.15082996914206,B
7.882752081708296,6.3613653042813105,6.843546012483125,8.455995341444806,0.8181854437458436,30.361844183663383,B
3.064328227033716,9.639534253882871,2.2498141557381213,1.5113719682324234,6.967499840934693,23.432548445821826,Fail
5.650219928590161,8.56299326716117,1.4880210712845643,0.200232686688806,5.617123862977666,21.518590816702364,Fail
9.94287985761059,9.895632818291398,2.2481694058946546,3.873091980573883,5.1461846654109875,31.105958727781513,B
0.9849464167940325,8.394033438945055,1.224272985556355,3.544684886942621,2.0831430087134652,16.23108073695153,Fail
5.962585752327021,5.624489412714188,9.311379091926229,1.6321019743838094,9.262402616321348,31.792958847672594,B
7.624469586748685,1.6971341639491067,9.308324158174878,9.53003482796007,0.014422499849572334,28.174385236682312,C
0.9949622618063814,0.07130020221006061,1.4347724429784026,6.913579040306663,0.9118019255185517,10.326415872820059,Fail
3.5489768348655404,6.697230078311506,2.9919550613172543,5.349941444962202,6.077393257196226,24.66549667665273,Fail
5.138758347782336,3.057374740146237,4.672323823097814,8.595949565705794,3.108635828558175,24.573042305290354,Fail
2.17891379626744,4.14830671888954,9.655592183186583,4.072597581945191,6.955924708758644,27.0113349890474,C
3.3987496376806616,6.085046129707865,5.082864397249242,5.466370187949016,2.403854355712797,22.43688470829958,Fail
5.326172664550231,4.439449603267189,9.712949119729375,8.808766364849033,8.302168829505273,36.589506581901105,B
0.6290747601802393,2.9751350511377783,1.6680174037083506,4.904225397748119,5.850156077509613,16.0266086902841,Fail
5.934613827047238,7.048241653907162,1.1432999466283533,4.160790816386857,3.9692385909227035,22.256184834892313,Fail
9.095953911109444,4.696483564026922,6.073090409481429,1.9543535839126824,3.459385728465305,25.279267196995782,C
8.791183075621646,6.180375246769571,9.24805479191647,5.475096478124564,0.7530715126128529,30.447781105045102,B
4.532888347480276,3.395289191306933,4.468412544652969,2.3811900134921915,3.8026202601163495,18.580400357048717,Fail
5.830415609696922,6.562398932483586,7.1124059180293955,9.058449824286463,1.9624883899539347,30.526158674450304,B
8.972157579533267,3.012257480622794,6.0814294238315005,1.9180479163458808,1.7769468884940243,21.760839288827466,Fail
0.7697990982879299,1.6762156384058446,4.584138317921978,1.692302309001269,9.699248446382203,18.421703809999222,Fail
0.5961732534465902,3.715731085162001,0.2958418363801385,6.796353539408335,8.910360671914113,20.314460386311175,Fail
7.8489697711146755,2.3960983202820527,7.715701704845336,2.7962216965464504,6.929406539021294,27.68639803180981,C
1.4387615538978016,8.509063221509997,5.349599159338309,9.90977373820631,0.8105752641667452,26.01777293711916,C
1.3217965775387175,1.3228370800960543,1.9587320795998453,0.8740188589295228,4.7925015622439915,10.26988615840813,Fail
6.741921166150008,9.631577002561022,2.7146138389917374,0.4979042292160396,6.449863780330233,26.035880017249042,C
8.506160578411379,6.235078099562221,7.252003965957537,0.669642352899088,5.484690523835062,28.14757552066529,C
8.616249500839784,6.1025845519023125,5.340089097405041,3.124911332868604,9.439348687312139,32.62318317032788,B
6.549071231478591,6.084910865636168,6.63804286910786,1.32531395719229,9.573458487780414,30.17079741119532,B
5.182183156359274,7.428166905773317,0.9245996592275729,7.938335657483751,8.42450571186247,29.897791090706384,C
7.203839985864457,9.842497664912903,1.2056901695511513,5.7910540095933545,5.165008060570912,29.20808989049278,C
3.6258321259467707,5.059262544921705,1.3423205453146714,7.832246632353313,0.26030028203079647,18.119962130567256,Fail
4.328160022094693,4.193898379683894,9.028647937916409,7.478526265248534,5.315365202826074,30.344597807769603,B
6.497880467642996,6.3634812526705655,3.999945968094998,0.0009756956192685795,2.5875895672987292,19.449872951326554,Fail
3.093727178627821,5.87366779457486,6.364450278487571,1.7765936814178684,5.017591733685518,22.12603066679364,Fail
2.4848913981446574,7.050345222633327,4.696489233316238,7.760960138390484,9.4263079637832,31.418993956267904,B
2.7039328638452553,1.3537859601110114,1.5290544405022855,1.5819583754447508,2.9092963281215765,10.07802796802488,Fail
1.4055296757836078,8.801066672064048,0.8119459082032432,5.441292294041848,8.804130201902414,25.26396475199516,C
2.3066981171775867,4.705446849512227,9.11573140137698,8.388063350231356,7.927426843609649,32.4433665619078,B
8.364397373761234,9.424578385332962,6.936495143896549,7.232433263617776,5.706021133897141,37.66392530050566,B
2.05187142904807,5.261828101048604,7.739580797830902,7.295792552845908,9.15087195561897,31.49994483639245,B
6.637044789262561,0.4384701871096319,0.1157320648945881,7.180030966859824,3.125834330262819,17.49711233838942,Fail
6.167836078525411,9.950527524792474,5.494744796854908,9.371163459434861,6.618066962550903,37.60233882215856,B
9.242184348426601,6.315369097426604,5.602554550011573,2.5540644033402415,8.361066342554315,32.075238741759335,B
7.62212058314177,5.34659566749085,9.597362244223874,8.207672211397982,8.252271579653298,39.02602228590777,B
9.69723632797977,1.2720411933778086,7.256976947831408,6.569821959233272,1.2074853428120047,26.003561771234267,C
7.999160853731894,5.136526718213296,8.821156871941554,0.9546730079404708,3.9253141467821475,26.836831598609365,C
7.675676285179183,2.906503293653684,7.323490696478979,0.29453708925858857,0.4249232291905325,18.625130593760968,Fail
9.658366688075835,9.281321860154438,9.095555357753414,2.3467702401188406,6.712210234300083,37.09422438040261,B
2.9721411384509597,9.095385699133887,2.4230499469650746,8.198225877982829,5.6582889681779704,28.34709163071072,C
6.607273931091515,4.505971291035999,7.852700659100745,2.841218127749787,1.1450660376010757,22.95223004657912,Fail
5.701872157998045,7.899327210558801,4.673292967858331,0.3275448411665871,3.326497781440827,21.928534959022592,Fail
8.89687412571665,6.449637707451962,4.179880241888735,0.2328532066693756,1.6680882649034567,21.42733354663018,Fail
2.3538326189835757,8.20027822265425,4.466579865809011,8.082443270814872,3.8100610659807757,26.913195044242485,C
0.002410046851345493,3.8114331529297862,7.4983622338440465,6.30736879367103,1.9199178212931245,19.53949204858933,Fail
2.855250717153396,4.562430258462945,7.536958926347542,2.6964136130502006,8.6066770037064,26.257730518720486,C
4.225484283119446,1.3045348717736083,1.2596677630468633,8.887942431960763,4.120609216616221,19.7982385665169,Fail
0.8193843903814613,7.9867810590763195,2.805846836934908,2.66839654033575,5.995826470782478,20.27623529751092,Fail
9.154162014667035,6.113307533028527,7.935269516744836,9.133102521709498,4.7770149478468475,37.11285653399675,B
3.1036195892357377,6.123133848469222,9.319850178724746,6.925870022556889,3.5064246462442106,28.978898285230805,C
4.234388048997925,6.48825876500614,9.810548384103098,4.68897544512196,1.627769846806758,26.849940490035884,C
2.622640442998251,4.481286994651596,3.7160509930085626,7.282697341334762,3.9823166321720183,22.084992404165188,Fail
4.745335626224407,2.9908021165541134,6.761496784223647,5.905529010342235,1.9384662343216086,22.341629771666014,Fail
2.5706269218920874,2.6567846550283725,5.498835594877521,8.016887159973262,8.029178929602217,26.772313261373462,C
5.541780025157934,6.6167506071753035,7.5262665743428245,2.779832285024754,3.2534983088761593,25.718127800576976,C
4.1869514332768425,2.511122868190061,4.046927214478771,4.392517282053978,2.17607720139248,17.31359599939213,Fail
6.010741668002329,4.513360327392887,2.428443030004477,3.346849511031178,7.852316058423087,24.15171059485396,Fail
1.8616503574607024,7.676754330372791,0.47640943412737946,1.1702677311844456,6.179270035655277,17.364351888800595,Fail
4.353963233997514,8.320620967541508,2.019574743856899,6.565106489473632,0.8232735957175052,22.08253903058706,Fail
5.412701109416781,8.336075586882403,7.056252202442515,8.752682038656165,1.792795096515123,31.350506033912986,B
6.235053112473372,9.383650151902593,1.5369365626989495,3.4044056614326013,5.8218822441694495,26.381927732676964,C
1.613628010553837,9.819177845014142,3.4169834049022283,8.099729515587104,2.772646024401361,25.72216480045867,C
9.581180089194337,6.545848001914603,3.8454551264253825,2.1056606584860504,3.5423534319589156,25.62049730797929,C
0.009058352460902253,7.101040945928313,5.819151551265778,5.7251213304168385,8.336721421076497,26.99109360114833,C
8.183606413952166,4.833182215522534,4.0382969644467135,4.498642065368301,8.179197643537826,29.73292530282754,C
2.854040684634225,8.221829058167339,9.983848800081086,5.683515950260208,3.8918338511312864,30.635068344274146,B
9.94819293965951,3.59231140621723,9.266494080645696,9.084288952613628,9.423983313065104,41.31527069220117,A
2.064212717606032,3.3949391505994275,7.353453218142022,7.924768477103724,2.0818686900261927,22.819242253477398,Fail
5.537282313983613,5.13390073528181,7.171498830838107,1.7197241097547156,0.5161737526326793,20.078579742490923,Fail
4.6053949727414,3.567962556549346,7.245228385789239,9.19409766872166,3.2270518903519796,27.839735474153624,C
3.3796997924047876,5.063967046524591,3.74104891122082,1.610986476464219,4.951902247168189,18.747604473782605,Fail
8.903843208552662,8.169833808090694,0.017050315022650864,1.8675061325490594,9.146048593892884,28.104282058107948,C
6.880305189519813,9.065306321194894,3.7100838706479076,8.926449397971085,5.145946126351735,33.728090905685434,B
1.4284196481433187,2.657463761866614,8.795215925860875,8.573988643332788,8.544810952670725,29.99989893187432,C
5.309376784120938,5.91528797355373,7.626724239765541,4.218622554297374,1.9952736629821999,25.065285214719786,C
0.7587164122404755,9.992994759634984,8.803644095245726,6.670078902544158,4.769915425504253,30.9953495951696,B
3.9971955097442757,7.661763994699113,5.656475633753974,5.85000062502539,9.132123439779633,32.297559203002386,B
0.603520839905638,9.470875469755555,3.449047949941023,0.6762632763767251,5.000253525626955,19.199961061605894,Fail
0.3417558904108742,6.298099857061176,8.766109705478883,7.892707880622863,9.210243239828435,32.50891657340223,B
4.228764684667788,9.464580945905496,7.3441092967068835,1.4398559345675455,9.966227431351713,32.443538293199424,B
3.261702541282535,4.493658716251506,4.0131282774375086,8.562449939458833,1.8302004019666507,22.161139876397034,Fail
5.347994662811924,0.7295986391295484,2.768609315465648,0.0300796056072139,0.4720831649588342,9.34836538797317,Fail
0.5713271934332997,3.683165056261255,2.0818487800854113,0.46198937608803226,6.10748596806432,12.905816373932318,Fail
7.697314182968801,5.377707777946096,8.54869024783276,9.778688847941675,1.6596389193365824,33.06203997602591,B
5.218844619274783,9.913792184482956,4.291960626245961,0.9763913488020615,2.0237639729420485,22.42475275174781,Fail
8.028109348245005,0.26770585703127847,8.67015078472009,7.897769073947838,4.052078614578763,28.915813678522973,C
6.226305335986581,9.299847831341348,2.0495766223228062,4.095574508726095,8.04116753563884,29.712471834015666,C
8.024017844513242,9.914018630496114,9.638888681104884,4.508032617591447,7.514320191148862,39.59927796485455,B
7.90509794274885,3.7433615369673956,4.306676895328402,4.124181045488731,2.6125800961010848,22.691897516634462,Fail
5.013509936337459,9.323518979012439,8.453164795991858,9.478261116537416,6.963336947178913,39.231791775058085,B
7.284939338474402,3.358543158608321,5.006880342007635,5.453845130503599,4.566804560457567,25.671012530051524,C
8.25134875661419,2.30054367746897,5.234138271181128,9.89868054508422,1.102927350357904,26.787638600706412,C
4.174482838964625,6.52319201553551,8.189763180165999,4.866691077518851,0.8802943947316588,24.634423506916644,Fail
9.607463027713553,7.198303117499537,2.5947462896596862,3.2464741989168133,5.244474785208486,27.891461418998077,C
8.06016504603069,9.945655682085766,2.327052089391236,1.8043103449005704,8.209218728736056,30.346401891144318,B
9.182850353799578,6.306871883123164,9.768341706503845,0.6864426972503668,4.669467566833231,30.613974207510182,B
7.328015447662506,8.256086725075939,4.686413985835529,0.04346303807612362,0.5452148895148257,20.85919408616492,Fail
9.559187999620441,7.172991516875343,2.3896653358859643,3.108625857326218,7.585361795403025,29.81583250511099,C
1.9267639648670032,0.00554184585253914,3.1087011721747304,5.0431437203317255,9.605422799010515,19.689573502236513,Fail
8.439934719420247,3.0348420855156077,4.984004256620191,5.237963733722786,1.9267820898678234,23.623526885146656,Fail
5.225101810855884,8.638667559882084,2.359230873276126,6.604121669886114,3.6839061417958496,26.511028055696055,C
5.139894891598108,6.300071354465232,7.1210893285357555,7.608824340311784,0.8675660606762969,27.037445975587175,C
9.446142194740233,0.17704445073237207,8.698240088870314,4.687228489412329,5.838962048063182,28.84761727181843,C
4.838772645642591,6.6754827233433724,0.5762338168416181,7.138101973440073,5.529008256947235,24.75759941621489,Fail
5.4412600196310095,3.027735923566924,0.3806823114987967,8.85608099229504,1.2571823292792483,18.962941576271017,Fail
9.80005463196817,0.1603640003064577,9.07862087173498,3.1324272618391102,7.105820035123403,29.277286800972124,C
5.355219160859636,7.315256152685815,8.618640162829053,3.7216109981851186,5.690376161324338,30.701102635883963,B
5.960301609498011,7.754957516360781,1.8436688417154234,9.101973807965523,1.8996519469027862,26.560553722442524,C
2.4153684170168175,4.118634653864516,4.325129747465468,3.4965534053683403,0.6507720755479751,15.006458299263116,Fail
2.6536973312034395,8.895964631361936,8.535902569444932,7.955749049365231,3.1913874195921177,31.23270100096766,B
0.5057310382422886,0.09205667390642991,6.051447854452936,0.8986288473491033,5.172777029593253,12.720641443544011,Fail
5.66018424887821,1.491351078475378,5.306355823724562,2.8848841038295,4.929486221854801,20.272261476762452,Fail
4.105227843514278,5.515306529322829,7.945342025661246,1.3127620157377295,4.070687402885678,22.94932581712176,Fail
0.6256484221945158,3.0418247762851616,6.396382093034958,4.018476217041864,9.548306397433038,23.630637905989538,Fail
9.14834949996878,0.0364670278467627,1.5667189458348096,3.416580269871808,7.1471756470215455,21.315291390543706,Fail
0.9539927731321063,0.23502422818324042,8.470711376911368,4.628255480492118,2.3840795851193866,16.67206344383822,Fail
4.76991915378175,0.8107491614729878,9.347807913084203,3.1597144219290274,3.4918784867026833,21.58006913697065,Fail
1.1938101133819679,1.7779833856524874,7.269663444610398,4.63576627238672,3.1945150171274928,18.071738233159063,Fail
0.7219840897917584,8.591821994111084,0.5403959234790234,9.226462413829179,8.41174434567897,27.492408766890016,C
4.19271661166022,6.682370169773439,4.61948048124762,1.9944258718840124,9.918352257592417,27.40734539215771,C
5.572518333184107,0.40773274341371457,4.292889503009519,5.5191730712229905,3.3977342694691526,19.190047920299484,Fail
0.632626718206748,5.31467495957413,5.225352355851182,0.41386336990985706,9.753438080175584,21.339955483717503,Fail
0.8692028808742369,9.366879266671495,6.203030900433798,0.883594534860972,9.546261799155435,26.868969381995935,C
0.00011634755366141114,0.38972363968423074,9.256094483569374,4.793070143275001,4.801989892727509,19.240994506809777,Fail
3.169465877911193,5.335085861345135,1.0711251531512367,3.476266092689786,7.68586004972604,20.73780303482339,Fail
5.724077259677651,0.6577670341114461,5.66174541755478,2.137445086108202,8.169409234616506,22.350444032068584,Fail
4.691072110475787,2.4336971340637605,8.573901695871815,1.0539486805655385,7.902833358537028,24.655452979513928,Fail
7.4744440659669396,2.177991151164216,4.673587272271808,2.365182208447206,0.8583093501100303,17.5495140479602,Fail
5.793134027884609,4.075983338321812,6.473468584557034,4.211045930771688,6.924275137171717,27.477907018706865,C
5.937806319434522,2.621639104087994,5.051124210696899,3.036916230041612,5.090142914470723,21.737628778731747,Fail
2.7416066655980584,5.1497981064834475,8.503581052395365,0.8640336047187613,7.961240546835278,25.22025997603091,C
0.34297901303311673,5.460913252963926,6.137989590420808,1.7538096294398497,6.494831867145072,20.190523353002774,Fail
5.858647884535192,2.164905672661174,5.6323506887517985,3.3269068133121085,7.673935455071609,24.65674651433188,Fail
2.175879399316445,1.5763603583298058,3.368945651790579,8.559344323601493,6.930685022684089,22.61121475572241,Fail
9.411208125336735,9.959910509461052,3.52598678544753,1.711216222546218,4.214200961370855,28.822522604162387,C
4.2640605649197285,9.5548089478083,2.0559071645636093,3.0087566362431897,7.1664086104166005,26.049941923951426,C
6.149030145669361,7.056459363630133,5.091932474579281,9.310988219059293,0.436516130477842,28.04492633341591,C
5.764889031398659,8.420387836055212,8.000184814484172,5.148297815580215,6.109377864296083,33.443137361814344,B
0.6420893707513409,8.957988575088416,5.111043065142845,3.6015233145508816,6.676534275778808,24.98917860131229,Fail
3.327294765103791,6.5057479110934615,7.402843402628352,9.198120482102393,1.8681971353030924,28.30220369623109,C
6.946964708544268,6.14642818934886,0.34097861666753215,9.717589759212162,9.061827155005169,32.21378842877799,B
8.973658657909318,1.2101571674864886,0.6717543126585612,9.076330295564057,7.522532767832053,27.454433201450477,C
8.08120379564417,4.921166570858616,7.018733544543112,0.822436772512064,6.706673459871896,27.550214143429855,C
1.4011317576645255,2.7490833748224075,2.2336033273424025,9.916735495337347,5.262762016953331,21.563315972120016,Fail
8.930902051954149,8.639570281150231,3.0481313461443547,3.0664003237929762,0.48148925025684686,24.166493253298558,Fail
1.6713431486930719,7.775750270390502,5.316797785898112,4.792784642629178,4.857771846161324,24.414447693772185,Fail
8.35302495589238,1.2561270352030207,2.7225435938446605,9.617786886444568,9.987495116595667,31.936977587980294,B
0.5461030321346905,4.660035143530129,5.800248023169697,3.224868718050943,3.5421357187481517,17.77339063563361,Fail
3.702321856845767,2.7173851648448166,8.789024536458703,6.8262124989680775,1.2064421862730312,23.241386243390394,Fail
5.974131021703083,9.996732052420922,2.8892183181584685,0.3594788119601777,6.071752203290078,25.29131240753273,C
4.27466528166689,4.847413573996921,1.938763993928193,5.323539761386061,9.162977471565792,25.547360082543857,C
0.976100381089916,7.230344308507957,1.6782209412292426,3.81785780260938,6.37876107098167,20.081284504418164,Fail
5.466956820721301,5.6820834078749085,1.9701587961501932,6.06731559008003,8.210674388113107,27.39718900293954,C
8.539619669554222,6.654047926382541,6.659656183070332,0.8866647043642462,3.792432972173432,26.532421455544775,C
0.9949466887296465,4.191050862867066,5.824561304695721,7.370547463031447,0.33432974353828415,18.715436062862164,Fail
6.566310737078761,2.250583455146721,7.138909630740324,2.3004582571905785,1.9571594274888482,20.213421507645233,Fail
4.913304319121309,6.47578490806859,2.755558153719061,0.610926994819948,9.191736082451401,23.94731045818031,Fail
5.4378707039174685,1.363853929336768,3.8499194773585845,4.400388055231859,6.105327407141296,21.157359572985975,Fail
1.3420242632635027,8.964852726424965,9.797175003857866,1.4179104142905008,5.528731197953151,27.050693605789988,C
1.8089190137889832,8.940546127021445,4.394918664781392,8.872733216425589,3.599008897020499,27.61612591903791,C
4.027394847468307,9.690129635029999,7.123876355626482,1.0526026169875935,4.322073571108595,26.216077026220972,C
6.982154534944728,5.897528545321055,9.540497599279181,4.940217557411708,9.645589706646886,37.00598794360356,B
1.0926421030962141,9.82482651061107,6.20552658594881,3.1132627741993266,5.803093996962564,26.039351970817986,C
5.929399348417031,5.695118693444212,0.06449442964700847,0.7985402266344521,3.2767289637330634,15.764281661875769,Fail
4.499127810855054,3.531734622097055,9.929205505339372,9.068412894428846,3.084436792961116,30.112917625681444,B
6.228904758190002,0.454865414722746,8.54585768809481,4.149537316721186,2.5732379876995104,21.952403165428255,Fail
3.046791390980408,2.1980071196192377,8.90917280564903,9.650478997433579,0.7422593142373779,24.54670962791963,Fail
2.022541805245349,1.9758458582831828,2.332049166502358,6.827984501587863,0.5249490126498113,13.683370344268564,Fail
7.851895431484084,4.680608627954644,0.27568240835845637,8.531828692061508,5.088366597166352,26.428381757025047,C
5.66806105010466,2.2986959120225436,6.48796164736406,4.252589186028485,9.344685596548446,28.05199339206819,C
7.312505893473751,6.677560251985356,8.476177852288728,3.7351149075462886,1.6001054036292384,27.801464308923364,C
7.296066492353425,1.154336399835092,1.0144349704178457,5.678883041274289,5.159907788077632,20.303628691958284,Fail
5.807685836144216,9.353422813969054,1.4774857841411426,8.859786512970256,9.411006906550579,34.90938785377524,B
9.50532820954409,8.86932396317172,8.89621235789257,3.4340644574795176,9.410569099217298,40.1154980873052,A
2.9119645499662417,4.413111123884602,6.583008784044032,3.5068649049740133,5.742334536181946,23.157283899050835,Fail
4.958194726485391,1.441600603883696,5.574116576468948,9.038035161692177,2.561504422614047,23.573451491144258,Fail
9.327529390603132,3.0774951660782026,0.11116782334373632,0.3611011198219283,3.3842401645559494,16.261533664402947,Fail
2.8686687498279397,1.3691579247689056,6.226715841286536,2.975132460516261,6.0086032883748475,19.448278264774487,Fail
4.940116705993056,3.5392767657530366,1.5077150681110096,2.8506443620343425,9.182506282226269,22.020259184117712,Fail
6.958991181688025,7.972395750228002,7.2181973721054415,0.36426712512613646,5.447681320754914,27.961532749902517,C
2.814773024509194,7.153532125002055,2.7199297626023924,8.621951380326188,9.113515025488518,30.423701317928348,B
1.3541884981782804,4.59611671773604,8.669460143678803,5.0804855013673835,4.596468618828774,24.29671947978928,Fail
6.040049977395001,0.9887115505365096,6.515296853650074,8.844759580165537,0.702740544360414,23.091558506107535,Fail
3.382675059944984,7.783956143532116,4.062707016472843,8.813222654137332,4.93081247824666,28.97337335233393,C
2.691197526380104,9.032066679157895,1.4601036711067428,4.4032539814783025,3.882759797060824,21.46938165518387,Fail
8.577655483724422,6.949266964401023,2.4846460470284395,0.19874731022600733,2.461278816592982,20.671594621972876,Fail
3.8853114800604205,8.06545224624205,8.069201535406936,3.0434452516181834,3.245416298480499,26.30882681180809,C
3.6426986104807546,8.711870463503178,1.4615468227421358,6.649485664546385,4.441153944523268,24.906755505795722,Fail
5.807371397973519,2.0700083155804516,3.5313307514341243,0.5075229112347779,5.2784951579977175,17.19472853422059,Fail
5.126885110165086,3.3230991073995964,4.695807033518258,0.6405155685655961,4.327802835838103,18.11410965548664,Fail
7.426359896816905,6.722715076341926,1.7715121950603274,2.5172347825991306,4.510239317639505,22.948061268457796,Fail
8.07625869562975,3.6901469934594546,0.8342434221115358,1.722176760603904,0.16939501922368594,14.49222089102833,Fail
5.568121431407401,4.1192262789416265,3.489430219976515,5.677520691282214,2.4792468274880584,21.333545449095816,Fail
3.5483185554316266,8.352172606087688,8.638701476312454,5.743304982873592,8.601644372037784,34.884141992743146,B
3.677831327192532,5.535308853571833,6.135593048115139,0.0880900739351631,4.422734924096153,19.85955822691082,Fail
8.985541885270793,3.2146247794780445,1.4647076007831694,6.215672344817076,5.893081445258202,25.77362805560729,C
7.839718505055895,5.09769673499049,2.88648486009936,8.292261803362932,1.055300628025927,25.1714625315346,C
1.9231577278435052,5.879742483703485,7.432372527790844,0.40792848260617687,1.5593511494594314,17.202552371403442,Fail
4.448524328275409,3.3775576149358533,3.8342613331390707,7.066319259638561,9.94104244325465,28.667704979243545,C
7.093208284726096,6.579508281194142,6.179074241186486,5.905162978868422,1.8789736699257509,27.635927455900898,C
4.82356208582753,6.134262615212319,8.845020812264927,2.9332512441711565,5.438577096858598,28.17467385433453,C
3.8948189490242036,9.54889710009258,9.001547514476554,2.866583187925391,3.1201650305048023,28.43201178202353,C
8.940992036791345,7.959732435523011,4.3770964641673915,6.904659437813839,2.3009885382718007,30.48346891256739,B
3.255033381261354,5.058331796566024,5.0081704309384,2.359068444211844,1.8629886063526735,17.543592659330294,Fail
4.227286368939323,1.7707092191593976,4.785587150803527,7.252644238565368,3.615671539511369,21.65189851697898,Fail
5.194487863912376,5.348788154675899,5.035326258967027,4.911275642559358,8.145509607698326,28.635387527812984,C
1.4986279888655163,9.627865088280702,5.800919374896184,9.643326008891325,3.9732403034278754,30.543978764361604,B
6.428020501620825,5.061700856552025,0.5187610599699166,1.0190045080696009,0.005270850463684473,13.032757776676053,Fail
3.145876334140665,1.9924187858461817,7.2262087498854015,3.942827140115661,5.050711267248559,21.358042277236468,Fail
0.6203676362878152,8.556276815352337,9.618454045268344,8.234784494207098,4.200277184621918,31.23016017573751,B
9.824825806012479,6.601726416469569,0.6546372130202105,2.947572875544843,1.2661709653076936,21.294933276354797,Fail
5.417609642675632,0.013336394907920157,8.438520582019738,4.461507824942594,1.5024736458912613,19.833448090437145,Fail
1.5620150793059928,5.74369724239014,0.49718292487969107,2.845229604387068,0.864257005965906,11.512381856928798,Fail
9.737425820384935,0.4651849634506866,6.810910397298471,2.64102054321011,7.941746488199306,27.596288212543513,C
5.402788931874211,7.6803245425408235,7.975235474416056,8.25581305144793,2.613254918443939,31.927416918722958,B
3.80951845023475,3.0666863031311644,6.118350545991809,4.408743162034582,7.553644370782708,24.956942832175017,Fail
3.309147657801952,3.268787897653196,3.75756378506912,0.4333978760926305,6.62849202768534,17.39738924430224,Fail
8.79330215678474,3.4597248780702596,7.258743434952848,0.4351547765353847,0.907732643752116,20.85465789009535,Fail
6.812821105324338,8.644769036178282,3.489161951764336,0.7106167482348724,0.619202432164091,20.276571273665922,Fail
5.088940700698802,5.372081793948887,1.7584070537823249,7.812881414632452,4.589168226695497,24.621479189757963,Fail
3.4292966275919587,4.373612915626147,2.298389957986954,9.470333121923908,4.571326449126326,24.142959072255294,Fail
4.720669451099992,1.3443108283573402,4.66119419267759,2.0826547933454087,3.4522006055417664,16.261029871022096,Fail
5.904261031078914,3.191395155341933,3.3029373759275007,9.844620049479493,9.52547108063007,31.76868469245791,B
3.881330810022493,9.890392417557957,3.087757763619975,5.972725661438396,6.862294308161264,29.694500960800084,C
7.070864772666981,2.4870715596646784,5.476079860846768,9.882808183755289,0.46764749736767697,25.384471874301394,C
9.38315728651316,0.11626601285366633,3.8620292454588103,7.353901005357393,0.13919503667312205,20.854548586856154,Fail
2.9805220863944317,4.040299503284599,4.548864490728314,4.594686201615459,3.5220641201928005,19.686436402215605,Fail
0.3925305307099991,3.8066826380391907,8.217456485382344,9.169623507294894,1.5954498892979296,23.181743050724357,Fail
2.611624325108602,8.700479966063918,5.974078919815823,4.089743941380224,5.264511160906316,26.640438313274885,C
3.6191999083786497,7.8994826976703845,4.401159075767737,1.41447945745657,8.978567042422846,26.312888181696184,C
4.984421989290572,6.793934881124261,6.956277454030247,0.746132090189402,7.068388378431615,26.549154793066094,C
8.436496640518238,8.972826721355219,1.0254812592464657,6.413244410671577,0.7090293692123684,25.557078401003864,C
2.0588198817832115,7.7419049171432475,0.9314050904487658,4.864821073609611,6.447989318894592,22.04494028187943,Fail
6.591555446001344,6.158355154644322,3.1759666963437194,3.2540038272362573,8.259894539686515,27.439775663912158,C
7.0993307343424625,9.470313969234276,0.3631473933573526,0.1868978556355716,6.325752419526063,23.445442372095727,Fail
5.151922261382137,2.5991647385772367,0.2844121257911203,8.744007193562819,7.959379674560076,24.73888599387339,Fail
9.208724005318132,5.112957462460345,1.20326657397535,6.601602587447603,3.2944987337000886,25.42104936290152,C
1.174758988764929,1.922320045270639,4.915392442651969,1.6289952819279807,8.265577120200163,17.90704387881568,Fail
6.404760421758439,3.448891741731833,3.2179690858760877,0.060959049818695155,7.517155035352574,20.649735334537628,Fail
8.948273504276488,4.0984767311835,4.25449116551817,9.734019561875337,0.5815827505062587,27.61684371335975,C
8.891279239400099,8.32855808617921,0.5496406137865184,2.2924001981193918,1.4374361323325724,21.49931426981779,Fail
4.486325916177342,1.4102478860033574,2.1604022447357973,8.450172509668402,6.219796254634997,22.726944811219894,Fail
1.0566468426174391,6.360403551318859,7.52257926473826,9.882149529157813,8.428148535845118,33.24992772367749,B
9.224988963025032,6.300522021496285,4.5666571374333955,1.3784566296331335,7.053636707861228,28.52426145944908,C
8.764209436044927,0.770266963712315,2.0717692748641037,4.758716964558656,0.3476760313124483,16.71263867049245,Fail
0.7319592376844364,7.869568104790414,9.518838057611307,0.2135291325451416,7.096669495843103,25.4305640284744,C
5.499789863838642,9.029767236174566,5.659276445453306,5.391488967273493,8.391988285566903,33.97231079830691,B
1.8659009687316752,9.776153675237532,4.440166304226807,5.99704717686159,7.057877330597222,29.137145455654824,C
6.067150463828559,9.423435076713574,2.8211160610359762,4.710272429322744,0.2934414097833504,23.315415440684202,Fail
6.737562297840897,3.3244771824763832,3.027140600731607,7.36732945856993,6.676428232235537,27.132937771854355,C
1.2875443736805547,0.4014777002874037,0.3605976206226713,5.367540361756498,1.1473336074886864,8.564493663835814,Fail
2.6167136663750643,0.7681102763992054,6.474381006389999,0.5094644041303353,2.4441956117589694,12.812864965053574,Fail
7.994158789689792,6.605324154364861,6.978030849052787,1.9561577150002107,7.667313906173336,31.200985414280986,B
5.465771420322949,4.67838013124715,8.562269417630832,8.811283963046105,9.980666316340908,37.498371248587944,B
8.179041768324394,7.785771869332669,8.428013835290798,9.313154790735332,6.018525324325804,39.724507588009004,B
5.0511555574400635,3.4498284569587834,8.01138708298765,4.400021278757512,9.620159769867938,30.532552146011952,B
8.169739072718368,7.305426314965791,2.1145950938688673,6.0939209308632805,9.23047682839326,32.91415824080956,B
7.662454727603789,9.535735374122973,3.11156716730809,6.576356228668495,7.1326406261981905,34.01875412390154,B
4.9903617290408135,7.979467708924225,4.383038804020907,0.2926546113574713,4.095690013737187,21.741212867080602,Fail
8.49223410494178,0.9124484130425536,9.762716004370398,2.4586411280244924,6.248041467247651,27.874081117626872,C
4.708164193658981,4.734378678382745,3.5214788905551675,4.851114625138777,5.0848824984072,22.90001888614287,Fail
0.33203108791366565,4.403517738932523,0.9526206562545592,4.209718603925419,8.296045882276701,18.19393396930287,Fail
5.026312426301304,0.9905643421598798,7.153470212874742,7.820677951304712,1.7387968240946272,22.729821756735266,Fail
6.791625683195628,4.051260733368601,7.73544184735814,3.7497383614876254,6.761790944650958,29.089857570060953,C
8.427119021605549,1.556761255419754,6.664562495748334,2.4058796564253857,3.282227044901007,22.336549474100032,Fail
3.7454824337958126,3.260705023271233,6.319242814281241,4.541936770792843,7.620214623987173,25.487581666128303,C
9.093204020787821,5.58134158128215,2.8927169372447805,3.2750050350890048,2.2283494920688707,23.07061706647263,Fail
5.323043638481662,5.47039143620656,1.5593209630802007,4.450985728973855,1.6240564039327599,18.427798170675036,Fail
3.968893930890396,6.360018039889606,2.223815801790928,2.3410225046638633,1.4221872114952816,16.315937488730075,Fail
5.948473795019096,6.288605853445022,4.087125227395188,0.715187357812157,5.747869372639735,22.787261606311198,Fail
5.38022705363903,0.2978078732092093,5.74156666431552,0.10392702544208543,5.017396577070338,16.54092519367618,Fail
3.5390566721181704,8.899601216153183,2.2315772840292656,5.692838176350693,2.1372276993420183,22.500301047993332,Fail
3.4124782762615635,3.4091640919209043,0.02495453600829145,0.4643110467233913,5.914084975014595,13.224992925928746,Fail
1.1250313052663174,9.187237493338305,4.466450693099127,4.965259546767925,8.1838797964195,27.927858834891172,C
4.093449208823926,8.266371477710056,3.1631783701066785,8.767649074853729,4.013197104485023,28.303845235979413,C
9.291395200154627,4.356064974809659,6.513399408695104,4.239986983579821,8.596390075073352,32.99723664231256,B
8.000709686991595,1.2393919426443945,9.837621345689021,4.357706479092233,6.067556811419047,29.50298626583629,C
4.287251417514815,0.2629444066838671,9.90564874891695,6.30713670121113,8.810960476081263,29.573941750408025,C
4.8055994083626805,9.236026679779178,9.27952254965632,6.5815615662439955,5.816045461458056,35.718755665500225,B
9.331133313435577,8.463487798664232,1.711224219805666,4.438315052920652,8.686018780322435,32.63017916514856,B
1.3035313004326554,1.959787224916677,2.2911466775667657,4.44020680256224,3.7507502350423105,13.74542224052065,Fail
7.694425794215568,5.900933994880077,8.845712064137674,7.335492939723779,4.828005248024479,34.60457004098158,B
8.42538229398637,1.8710842291725305,5.490476975177273,7.953657251617731,3.700922112426679,27.441522862380584,C
3.988227808969005,8.405358799491937,2.6231184204597593,7.9483957477215785,4.935494902432314,27.900595679074595,C
1.7337359529475482,9.08887440386468,0.7771197568889054,3.108482709271602,5.602808490667015,20.31102131363975,Fail
6.287213870255821,7.8006092321816825,8.330644898880976,5.311797776332966,8.990947482667579,36.721213260319026,B
1.1974678850053189,0.8453261529357237,0.6350546928166523,5.956216778307713,3.500176092979035,12.134241602044444,Fail
8.963358185211197,2.1593820402013506,1.0587325557252103,0.22391369320348686,9.691642606278062,22.097029080619308,Fail
1.9769030311448754,5.63817480575171,5.629169201201006,8.961666894849317,4.660075487749974,26.86598942069688,C
1.3660090365117261,8.359240730278135,7.538262616930282,6.451700693545302,2.366590284446203,26.08180336171165,C
3.267425420300408,5.688187317664949,2.3200620128180716,7.519658333932103,1.132353855172754,19.927686939888282,Fail
3.321910331156046,6.5992429525906,7.755681478094317,3.4337093672249477,1.8463429480908344,22.95688707715675,Fail
3.244382286350662,1.8510873042784526,8.275022408016584,3.141947534489251,5.949060342622143,22.461499875757095,Fail
8.918721448107348,8.59643910565396,9.405592607568448,8.188605161971175,8.38114963543094,43.49050795873187,A
6.268329044150672,5.2204841617125854,0.0011023180182245795,4.426262199413228,1.1475436340271972,17.063721357321906,Fail
3.0891772284376606,7.5987870403879,3.4313555351396605,1.1786996377459324,8.089013005603071,23.387032447314226,Fail
7.319939418114051,1.7615391250286005,3.4663969436988618,9.644985248639408,1.2635922497221597,23.45645298520308,Fail
6.522916485919397,0.5014402307181021,0.401350504349427,6.199738232811148,3.6829125515871306,17.308358005385205,Fail
0.023474738674531537,1.0636413302716563,8.227272212473471,6.667070347347799,4.244257214395062,20.22571584316252,Fail
3.944762785700353,0.22159535544521547,4.944322008289883,7.335675226509384,0.1411863348582798,16.587541710803116,Fail
0.004102894391748713,5.482159106549206,2.026989083502105,6.082272562352992,4.956446695712748,18.551970342508803,Fail
2.6269547700193527,5.0533532097714335,1.3628907756186992,4.186121412895501,0.793081323217163,14.022401491522148,Fail
9.997176732861305,7.587941427043129,5.82009280881913,5.752532400931103,1.9326569060760956,31.090400275730758,B
8.657272371067936,0.10204187285245192,4.737872392009615,7.3356464496321525,6.698776677458906,27.531609763021063,C
2.137366879819107,6.916294905987988,0.7857158229167172,5.6976674621649614,0.037276345902581554,15.574321416791356,Fail
8.920743510936207,2.7935632324075987,9.900981192160517,6.153622564009264,2.290982314442329,30.059892813955912,B
2.72467184033096,3.0610396015761685,4.3964575142473725,3.8790599623810107,9.876955062399539,23.93818398093505,Fail
2.7080632803697258,6.548313583940036,7.700113899022821,9.192235143305581,1.5231767861470136,27.671902692785174,C
4.849922845774995,5.854700290228893,2.4404053384224333,9.469556966799978,6.115905268527292,28.730490709753592,C
8.14574720231382,8.523653492620436,5.050287713869993,0.7891203124213286,3.2455501424025246,25.754358863628106,C
8.580232710072291,6.490444672682139,6.631287382441871,0.7894027849819019,3.132791757084592,25.624159307262797,C
4.1894779018747546,1.5015364418387522,8.784449129510794,2.120310603779277,5.130691527190647,21.726465604194225,Fail
0.8741680787108386,4.8756536327892475,7.411355153704704,9.415514356898058,2.5846845775507568,25.161375799653605,C
8.817089696385846,6.985982867270392,7.3646738745000215,2.5863716786809365,4.5088961509486705,30.26301426778587,B
2.9529049404794327,7.791041873386466,7.545379761511038,1.0563386245376283,7.283266687059001,26.628931886973565,C
0.9612585173215149,1.6551973560490962,2.802918611327917,7.369019231394821,3.250908400616365,16.039302116709713,Fail
3.5442399198738617,8.173463233827894,8.016293954628756,0.12092694806008164,7.213418290220847,27.06834234661144,C
8.237444619122996,9.161510268144013,4.725699097250722,1.186711541924086,8.873314657668013,32.18468018410983,B
5.79737114939772,3.170824173929506,3.2863025831550265,1.448986133661,8.405525490682898,22.10900953082615,Fail
6.73008166288677,3.651633556780287,1.3450214760197132,1.1130867979959014,6.874841386870489,19.714664880553162,Fail
7.271311968819275,9.09613796882912,6.90643613139501,8.738244434615108,2.835902739385511,34.84803324304402,B
5.543225980836554,8.811700884741743,0.7813104293905582,1.738473129114323,7.004228674226322,23.8789390983095,Fail
4.303058948994627,9.524512631463853,0.9235645823926208,0.4733678880915826,8.43155902059534,23.65606307153802,Fail
7.9326135043825445,3.0177922313627645,0.8231529828732875,0.5772795880233217,0.10667410695270996,12.457512413594628,Fail
1.6098443168737475,8.59181890110676,6.126750567852208,8.045334263778923,2.314449683659441,26.68819773327108,C
3.9910929955742604,3.246247239784444,5.3135761959488494,4.623200857718613,8.533753714878756,25.707871003904923,C
1.0580502485651422,0.4572661476227269,2.9691733167738157,4.812764495181293,7.179075663588841,16.476329871731817,Fail
5.434698699813632,5.227857330514172,8.778690069105128,0.24368092659163176,7.395136068581603,27.080063094606167,C
0.6844070924262613,7.583057135132933,0.4842322641726915,2.5215396210011267,9.087308720163334,20.360544832896345,Fail
0.6675025485075692,4.815609677773461,9.563311999039405,8.5098785550868,2.6207106577880523,26.17701343819529,C
9.680221720457387,8.553476686836227,7.807627627484031,6.9043569454488685,5.18590284030752,38.131585820534035,B
2.767541319513086,6.707195257070481,3.1123804686473466,0.8297559439037783,3.2003133902400793,16.617186379374772,Fail
2.1150674928176807,7.219239699289334,6.001526480736147,7.32523747287522,0.6315828387767108,23.292653984495093,Fail
0.727349477786684,9.194296005584077,2.8151909246641726,4.933573915583365,0.12037282502716073,17.79078314864546,Fail
5.8319080427709755,7.809331797904942,2.8646481714502183,3.1817194087271137,8.549165915269425,28.236773336122674,C
1.7917967462532258,3.1478381581281054,3.197571219487634,8.647229656745953,7.117171853791993,23.901607634406915,Fail
1.4281430447286736,7.573055953348754,1.0351326901668256,0.1481213343339105,8.971278571356976,19.15573159393514,Fail
3.5920874698269034,2.5899845452809966,3.428451068821686,0.6844769370079751,5.2891173296544745,15.584117350592035,Fail
9.23731395876776,2.172334745924347,7.971820284078925,8.266266173496078,1.3524275896488391,29.00016275191595,C
7.554372725155812,4.805313431584083,3.031037738019473,8.674885453653216,3.244104959762911,27.309714308175494,C
5.683191510779255,8.607948898601702,8.010878500159087,0.3303533723087937,9.996723065608851,32.62909534745769,B
2.9592634898028836,8.508126664701223,3.406616915379539,1.1527799128175709,4.381314848013865,20.40810183071508,Fail
0.6014234260078521,2.740542074295478,1.9400181441521303,9.908773868739594,0.21209135246539224,15.402848865660447,Fail
4.016531257643803,1.2485147843328437,5.41100051727418,2.741373136428532,2.5250010883189935,15.942420783998351,Fail
3.6734051527727996,1.4934845031947341,9.884762727946777,2.2393214444273726,5.532573392432843,22.82354722077453,Fail
7.480347393415887,7.354572516754213,3.592095324895145,5.221011852062994,6.7401998781631045,30.38822696529134,B
7.805218027570218,9.21866435515026,4.01067627556141,6.484201479884993,2.151927323403886,29.67068746157077,C
2.2048620907017535,7.001875608304565,7.825056359493593,9.79151161709121,8.91322973049878,35.7365354060899,B
2.3448400678316994,4.255316448008832,8.24854774413739,0.20621076526904147,6.965456220661786,22.02037124590875,Fail
2.9122331857827612,1.2369183206737921,2.1460819173170167,4.69155780570977,1.5588491819672434,12.545640411450584,Fail
5.693773611822827,7.777915804196905,3.3732877683359206,4.404753729326672,4.415774008975135,25.66550492265746,C
5.103927213487066,1.3159407705151016,3.225549309461454,9.885377576285121,2.205184684022531,21.735979553771273,Fail
0.6665204056068996,4.298563691112123,7.070493049229883,9.887621377366267,8.692698288699948,30.61589681201512,B
2.944488920695857,6.99027414042095,8.336972169940262,4.881055918688238,6.156029380507063,29.308820530252376,C
4.450186837253552,9.528200617835816,2.748668983883623,6.624098523527761,4.972090875396412,28.32324583789716,C
6.428065910861736,0.4577633942872561,7.94082043476728,4.3204715394838065,3.487490302401308,22.63461158180139,Fail
2.8733033322764943,2.9714931868899166,3.889029738914982,9.339712657546984,6.967764547083679,26.041303462712055,C
9.004180571633304,0.1857071876509886,6.4205714673740655,6.3179562080477325,7.612452023882328,29.540867458588416,C
8.028534485980114,4.940428669357333,9.250866324861406,2.1513406321387074,0.018539564815209797,24.389709677152773,Fail
8.72204528998895,6.742101603876477,8.001313608829285,2.3879884650235352,0.722526125073556,26.575975092791804,C
6.76820043630047,0.0030973191500593966,3.732247432216478,1.294861955670622,0.6838247591183377,12.482231902455968,Fail
5.417603199410154,4.049970388769477,3.8851032856011134,1.0855501311966176,8.048540948948173,22.486767953925536,Fail
3.0158686987355154,8.822810950453832,8.944915448747915,2.1975311886078632,9.630179968076062,32.61130625462119,B
1.2328377929894685,0.381536059353772,8.05699185335282,0.28579690450523554,1.7652897665161238,11.722452376717419,Fail
5.120233891087594,7.418704850969559,0.645401044820354,6.495937841334435,4.659376348833053,24.339653977044993,Fail
5.711991839629137,4.665928734356195,6.9723314044027065,6.193003637474503,4.348008490592504,27.891264106455047,C
2.4029912345036673,3.1070352355824093,8.951380259615162,2.5263974260409605,3.1028082945408952,20.090612450283096,Fail
0.5126345917599817,1.4997702415154468,9.482194474950326,3.0769795188724003,2.986361185539649,17.557940012637804,Fail
4.136426749186352,1.729224976272612,1.970635340443162,3.2249824069496436,0.7882389545335,11.84950842738527,Fail
1.8527685033354002,0.08554770118170185,8.241791853439436,6.884245413956133,6.642724088881171,23.70707756079384,Fail
4.553949052479408,0.8454333538012304,4.549736950778783,1.6845985952797826,5.013759395457833,16.647477347797036,Fail
0.16969129315466458,8.701430055517372,3.8654225017280064,5.254581735645378,1.6488842236251278,19.64000980967055,Fail
2.2697853947152105,4.579191671996209,5.035521510169848,4.932903649036067,9.545277196565934,26.362679422483268,C
5.631643884539549,9.169833971814025,6.470480913867177,2.6635851558884704,3.4025799959754344,27.338123922084655,C
2.761695578208995,8.955201203808262,9.985251129895927,3.7306252623306477,6.497559498332474,31.930332672576306,B
8.366202103676581,4.218583923674969,1.1178429910494203,0.4262180973296692,2.443366503807077,16.572213619537717,Fail
6.454722959071678,8.314166219303111,8.365630353048717,0.1969392217882049,9.230365970761067,32.56182472397278,B
2.5982813794029944,2.087425334283899,2.17549430014358,5.064712107035066,2.1683891543065146,14.094302275172055,Fail
6.873899126857146,1.7335793021138268,2.38766416762042,8.256708603431493,1.1820476373827071,20.43389883740559,Fail
0.11417983454073632,0.3516071328863868,2.762273135652734,9.226012436534788,1.4325569008953953,13.88662944051004,Fail
4.528833604155117,0.9938277895086012,1.598434880002304,8.063240734885293,4.008092883412826,19.19242989196414,Fail
0.7852718594157282,0.08052621625281198,3.260997005896973,3.2632606499283368,1.8679004754861384,9.257956206979989,Fail
7.015652656029423,0.6950779651519323,3.1851857658528413,1.7305368778588348,9.550093249283648,22.176546514176678,Fail
0.10995828658480478,6.801585467588787,2.717787742083013,7.819507374259289,7.034727721303311,24.483566591819205,Fail
9.7850596693269,0.6722863557081049,9.892517284795547,9.157685177094617,6.674882715551651,36.18243120247682,B
5.298756255182061,7.733235527040767,1.4950331558022834,2.2029859181724163,8.474280810809569,25.204291667007098,C
2.6240837648930193,5.590612877652516,9.035081053570586,2.6364431327831417,7.713817267601133,27.600038096500395,C
7.996918620027912,9.67254622524952,9.57539439016851,5.4461215181903615,3.7284940870503225,36.419474840686625,B
8.159557894152066,4.516366846832235,6.9607662576763865,6.3862414213851455,4.79916405521262,30.822096475258455,B
5.80699084554285,8.112888539460398,3.7181287293066467,7.393780090191141,0.772202402914709,25.80399060741574,C
1.358861501275942,6.9575833799218065,2.1654716455333123,4.653233950708521,5.653094518706133,20.788244996145714,Fail
7.962414505413685,2.5741123019670544,7.271028277136562,3.4234641395595133,9.09077276430474,30.321791988381555,B
7.9780237220860775,2.116153273493815,1.5437349124073874,4.9780474717850485,3.731878935505788,20.347838315278114,Fail
6.88274235780237,6.549277347721359,7.911897655632999,9.758044202094448,6.764632079040873,37.866593642292045,B
0.2394626527048349,3.6159026642030967,8.034078265896357,8.912286136110094,1.20655351810258,22.00828323701696,Fail
2.7038323531065633,6.1705424610421,0.8662022900956357,6.14104374820299,9.441325417222753,25.32294626967004,C
2.2431855885352627,2.58506252147812,7.374870861661496,3.035838299353749,4.1745544584290615,19.41351172945769,Fail
6.095643339798968,7.839252791418875,9.248216019311698,7.53809308912659,8.794935249461492,39.516140489117625,B
6.857127688246809,1.405791286630823,2.7537072412167096,5.01617041186253,6.251611167671816,22.284407795628685,Fail
0.05505799160420821,2.564183695754206,1.1531252218200794,2.4377617763598716,5.421779780643259,11.631908466181624,Fail
8.292867993167555,5.350737497792146,6.93387527615312,7.255005813763793,6.1938735596930155,34.02636014056963,B
1.430011226657264,8.88592494623292,6.461303683672054,4.455938545344191,1.6084173491807863,22.841595751087215,Fail
5.382201018684753,9.18191773229734,8.278142443441252,7.853911750171772,8.80394026537693,39.50011320997204,B
4.497846488213225,6.2343179344336095,3.314047647274551,9.741519354294779,7.362151488540264,31.14988291275643,B
2.447998730017259,2.109527192527534,7.364517854198005,5.426781272914726,0.5492542311639437,17.898079280821463,Fail
6.42278163507115,9.142313763441624,5.813436037397431,2.2353738605870523,2.1667724665844066,25.780677763081663,C
6.334037565104235,0.9424306640452562,5.669299521796845,5.550370305569938,1.7293336995833075,20.22547175609958,Fail
5.057422983554444,2.747450324400229,2.8346832139225353,0.9819716574878401,2.218218514668525,13.839746694033574,Fail
5.807559990556591,1.432959914309344,4.81722204013301,2.9532535006785565,7.828021253886411,22.839016699563913,Fail
1.1539985828082822,7.009820060218269,0.7431591383591762,0.1773874090858507,9.816492013720508,18.900857204192086,Fail
9.743948076661665,2.980416983469145,6.0289633944640695,3.7718018777420657,7.535231536962494,30.060361869299435,B
4.118522831444969,6.767665412396405,1.568916249739164,5.227917490650039,8.745054025240979,26.428076009471557,C
9.383404568210379,6.787759835204289,8.42015519718508,5.7272318451183555,0.7549028102196009,31.0734542559377,B
7.203732127322029,8.098815857057108,5.876256784477621,4.683925911710491,3.2624210249913688,29.12515170555862,C
8.762923485239375,5.636680450932987,8.273914062194143,2.9400926382735006,4.03503028201504,29.648640918655047,C
8.214712527761908,7.590909613960271,4.9575262866035485,3.4071876630700526,5.105878640910555,29.276214732306336,C
2.5310153917960876,4.01325443941224,5.133924021256768,6.866994360038001,1.2190763684516814,19.76426458095478,Fail
8.59324951070476,5.6830510459483685,3.2469285660001623,3.900376479272901,1.903425410760331,23.327031012686522,Fail
8.329941385530004,1.6939912563260728,9.029097382343195,3.9582485361728503,8.677790348189967,31.689068908562092,B
8.545154359107496,2.1489643357423183,3.3980594549576235,4.993933169168267,9.60745032764475,28.693561646620452,C
6.675577385210271,5.477399094691369,4.043762007162456,5.808322592519212,2.496089518798109,24.501150598381415,Fail
4.878766059980595,1.37951010468357,4.258103096332548,8.452025352792177,2.1927154401409856,21.161120053929878,Fail
7.419953911261723,9.798031631041544,6.769579375655126,9.55662290019487,4.839499635258528,38.38368745341179,B
3.9419049459990796,7.575269941328445,1.819956213541093,3.6407047086493236,2.025600679344426,19.003436488862366,Fail
1.4795833410940584,2.985887562882926,7.189787471768998,6.246490590182572,6.470384050170777,24.372133016099333,Fail
8.260676302525283,4.029728001233942,0.26238788782329103,7.00721567310193,1.754550559167406,21.31455842385185,Fail
6.855386205626233,5.690731955900738,9.550134829825854,5.310449679749583,1.2054551949355963,28.612157866038004,C
9.344107945712148,6.615820213755933,8.203005952826253,5.323311113586983,3.6333174281789002,33.11956265406022,B
5.212960476541389,4.882411294334306,0.7573283745947557,6.877092527094356,4.999714861970384,22.729507534535188,Fail
3.7725198571569543,8.193698179343587,7.895506015797667,4.491261454190267,0.18019190907296867,24.53317741556144,Fail
9.6582216115322,1.3192982575381085,0.5388684842716396,1.6768047652990914,2.556826262073807,15.750019380714848,Fail
9.29260975197892,9.421466030661954,5.882878838354964,9.338683736265946,6.434001289950534,40.36963964721232,A
3.480519554773205,9.322821440707807,7.072008729490323,4.773517155244989,2.248514032483069,26.897380912699393,C
9.122545611011557,3.547249679475275,9.655749797267385,5.361671653581159,5.303569045356405,32.99078578669178,B
1.2508890983640353,9.207379356930561,8.912518131481663,3.0197213774184606,6.703536244885746,29.09404420908047,C
2.9655991220593068,0.18348661673632582,3.0151453523953355,7.814348635982906,9.792575283777785,23.77115501095166,Fail
4.426548482604331,6.310141935045311,8.599992187818007,9.30152772643822,4.25087293905958,32.88908327096545,B
7.29606178338064,7.161738769564306,2.0889103424340494,7.468647111345378,3.7328816367615856,27.748239643485956,C
1.138383934766014,1.7239614329845265,9.747369472575073,3.851603376344933,1.770747717000547,18.232065933671095,Fail
0.5809195208034978,7.633080771801298,2.793310185303406,4.3450619761584015,4.485809721828008,19.838182175894612,Fail
5.628302372146029,6.1358418485587665,2.1374091548932017,8.077062260940501,2.7863177204873613,24.76493335702586,Fail
5.423865601904387,6.144336548350953,3.5337988693220126,9.888500815082725,1.7515099442465631,26.742011778906644,C
1.4287596133941172,0.7532143216740483,5.074523967368567,1.9742957476577472,5.234487524087015,14.465281174181495,Fail
4.801835152618878,7.500840749486621,4.5734702594910726,9.7686710296433,0.2741891540190222,26.919006345258897,C
8.289154741506774,0.15482459137515336,6.898516287463014,9.024316492756189,0.688914007191832,25.055726120292963,C
5.187906217433661,1.1922857781785867,2.517587987887536,9.075659593363495,2.1509605031374335,20.12440008000071,Fail
0.8900973489600883,0.2898693009375808,9.909321629465541,2.2651054246949833,7.261199767692121,20.615593471750316,Fail
2.299183708616326,6.069454128382038,4.164577189951132,7.185335402924484,9.560107803868798,29.278658233742775,C
1.018036829495369,3.3421529337075984,3.5736867914911876,8.048427986631479,1.4006104071923253,17.38291494851796,Fail
5.547318032823543,4.377995312747736,2.503284438020322,1.577406158042577,9.575134874453061,23.58113881608724,Fail
7.582631959290226,2.271490888369463,0.21640689974584681,6.540939984634909,7.036670568829199,23.648140300869642,Fail
9.95734452051323,8.945212435499348,8.088011061354546,6.9401127941605045,6.260581422997227,40.19126223452486,A
7.2032291647856,0.0967253884691921,2.862037404555897,8.884975485495449,7.789462771891076,26.83643021519721,C
7.489990174049569,6.521139786237482,0.08503141740954234,9.653174124276418,4.882397387986501,28.631732889959512,C
3.922440450997323,8.502987365717917,6.806239284027365,9.609586850621426,4.430562869399294,33.27181682076333,B
1.8913869632674007,7.861684214493713,1.567773464243677,1.0939477157401933,1.2464674891692507,13.661259846914236,Fail
6.0732441679306595,6.150511655285649,4.023111965189975,9.926829520836598,2.711192710148146,28.88489001939103,C
6.595059816513271,0.3598982886866786,2.4335451991828227,7.33854824968228,5.327272628124905,22.05432418218996,Fail
4.929827104580891,7.618130968758638,2.1953101981561938,7.296268565100292,7.40752397028573,29.447060806881744,C
0.7417619559431221,6.414874708055881,8.642747603407084,3.372832358244562,5.898312397778945,25.070529023429593,C
5.340361132046566,1.6982034589573458,3.3395635634444587,8.812387838273958,4.060285422470178,23.250801415192505,Fail
0.7850986845360985,8.95866939157868,7.698161594376934,7.441120907113965,2.2913920543347945,27.174442631940472,C
2.503587295708555,6.615767405740584,0.9586967470821839,7.654306218780279,9.235478498385506,26.967836165697108,C
2.1563976272584915,6.4417809016937735,8.483771386726165,7.592692841305579,6.123186226673364,30.79782898365737,B
7.422010091211325,6.715335290546288,0.9442807969363554,3.3728621338358966,5.095417433223326,23.54990574575319,Fail
2.5760722033372185,6.129773415893603,8.269788274840309,8.698595487071684,7.203886052994257,32.87811543413707,B
9.379652314338943,5.496696690036911,5.084165513575169,6.305871214701289,5.507346826578851,31.77373255923116,B
7.660647765353026,6.140436069725635,4.331582193471974,9.215645757373448,0.2008243067749771,27.549136092699058,C
3.492095746126609,9.292806516858091,8.059448887141532,8.129038546502242,7.809372617981641,36.78276231461011,B
0.43881088368743604,9.694001125661867,0.404340955151572,5.838196679467778,9.870879840538203,26.246229484506856,C
7.032772277324516,5.442497144956385,1.7343037025555763,3.0366579824218833,9.751689521839356,26.997920629097717,C
3.4700233541219996,4.383808971409316,1.0884232282754613,5.814486377926949,8.093421749750162,22.850163681483888,Fail
5.762883601668132,0.6679707726217199,0.031673141384003234,1.7872103596715516,3.4083462746601145,11.658084150005521,Fail
4.39029243980448,9.822594078707027,2.3507341056408526,5.834825267095015,5.44892143526181,27.847367326509186,C
8.352292908460148,9.088272140969337,4.372201276582013,4.50166664051207,6.918067044767163,33.23250001129073,B
1.647063534322959,8.634431335103335,9.206750962396304,3.493694503590259,5.506590463732827,28.488530799145682,C
3.3079299142765564,2.1542190360728144,8.51244383363585,1.5699441503275302,3.5524757105700178,19.097012644882767,Fail
5.165465103892623,0.2551354886476964,1.9229266782728072,2.170676571383426,0.07150506422759273,9.585708906424145,Fail
1.1976213181925122,2.1445822932416156,1.9316521112177099,6.4657828045781685,5.1450127762546,16.884651303484606,Fail
0.7555449376276957,7.076543831181201,3.865644716927954,3.8187699461350046,5.382334210149409,20.898837642021263,Fail
3.324266921743652,5.605087340779731,0.317597887404798,3.3427464628903083,8.671916778216255,21.261615391034745,Fail
8.001375827520759,1.6955799437013552,7.411526732856587,3.4724446166228407,3.1820116594306613,23.762938780132203,Fail
1.5241601333041743,6.236259472972642,1.5830953138391013,1.418555259401526,7.969684104789558,18.731754284307,Fail
8.074401551640625,0.20510919320391174,6.958285153621519,3.489524114513541,7.401944191296177,26.129264204275774,C
2.349734049959528,5.114867692088335,8.2014406795187,0.5807129571686054,5.540001434924231,21.7867568136594,Fail
0.12003027272682543,9.451614571778968,5.160175434176298,4.050214958276302,1.078945214943161,19.860980451901558,Fail
5.976682827027031,9.505503719437563,4.99462134172914,1.7831736006715937,2.758497870552097,25.018479359417423,C
1.6418496405635874,4.942359264076128,3.538813513539305,1.8959707949408933,2.342469523287262,14.361462736407177,Fail
3.3362839583686563,4.213398166110483,5.916804195320015,9.360756398784016,4.771609529076524,27.598852247659696,C
8.902580530178021,3.476717414689113,3.0769224365307313,0.9263646272341575,2.16681228791628,18.5493972965483,Fail
3.9006606574762825,0.9516390008021502,2.8963747875183845,5.2869332435143255,5.093736184075444,18.129343873386585,Fail
4.751003406917205,9.998051441338015,2.5387883939007483,9.51785462852208,8.146769299652705,34.952467170330756,B
1.5585153655144346,5.373564047728871,8.545323695857865,0.2706851767923202,7.161208901865981,22.90929718775947,Fail
9.429097039125192,0.39451952922691436,0.6310522485867842,9.17617880177906,9.723164286576182,29.354011905294133,C
1.4112611829932187,5.989666363238754,2.6836585483824624,1.273767238186675,3.751727769282579,15.11008110208369,Fail
0.5496630683982207,2.270318342822687,5.6539848514696445,3.5440956701433257,9.247842361453673,21.26590429428755,Fail
4.83593048104329,2.4429029453716455,1.8518343810114368,7.34058900969136,6.672731665737256,23.14398848285499,Fail
1.5478603484611198,5.420419845539489,5.4427189430082565,9.881915595037109,3.54046545183645,25.833380183882422,C
5.006242680704178,5.860163774782966,4.566289891511416,6.991480641510169,5.178839201283764,27.603016189792495,C
8.287375091519294,5.83195161883046,7.45613905176244,6.9344724089831145,0.05460945031833142,28.56454762141364,C
2.768277972350516,7.511483678225827,0.6269563888638408,7.412138097049368,2.3921598550891154,20.711015991578666,Fail
0.89652231235679,8.14423567079152,5.182797624491928,0.7522558904112309,6.7323439749524105,21.70815547300388,Fail
0.3945953289089932,1.3669507448903628,9.655570857640438,1.5332017863121628,8.336378765647103,21.28669748339906,Fail
8.655071258939802,2.8527799694087976,0.3966130497427045,3.6824354514511617,0.8674419134794764,16.45434164302194,Fail
3.1284462800566812,1.6774440613960273,1.0934682329818912,5.187981878449701,0.5136388245689105,11.600979277453213,Fail
3.0137787416414206,7.77161196205595,5.988699772268414,8.154121156320212,1.666878681945927,26.595090314231925,C
3.892086186234388,9.31224759178898,8.706235634113131,6.653812618209914,8.174906511463279,36.73928854180969,B
4.404345706560461,5.556347572049698,7.12810757115764,3.8031537124764334,1.7479187617295588,22.63987332397379,Fail
9.084345518793754,4.7565098445163665,4.52932870573453,3.916208974317593,3.3529656568366706,25.63935870019891,C
8.127995672575025,2.6665619213250444,2.178245873286435,2.14345560063674,3.2470143546120713,18.363273422435316,Fail
1.2027096312860686,3.4155123185510505,0.22881274019683873,6.576748251286455,4.799238058822062,16.223021000142474,Fail
3.91859373188026,0.365698123629582,1.3580710556919229,7.050602736870108,3.5373039755718336,16.230269623643707,Fail
8.287089838180064,5.356316528472319,9.490414766166372,2.6339493111835255,5.350581715162521,31.1183521591648,B
8.407030280112,6.244249271843925,0.9770296768314823,3.1713532484804317,8.018665733261262,26.818328210529103,C
3.5677049034925123,6.545222690109419,8.497966706536564,4.216565268215882,6.361514079423463,29.188973647777843,C
2.7140938044671437,6.954756041890774,9.047698014219513,9.678505551219649,9.84527950344009,38.24033291523717,B
6.950352288585532,6.954071485893057,4.932148435955936,3.047317540737434,8.361862083152113,30.245751834324075,B
7.293447940879964,9.961468309333384,7.85181020723277,4.609656762320152,8.3098717199493,38.02625493971557,B
9.509285945025484,1.496367215089267,8.190574556693498,6.403421529040735,5.848051476826816,31.447700722675798,B
1.5631697070886086,0.15647317942065975,1.1321467660989537,8.789647207219426,2.899348127193676,14.540784987021324,Fail
6.096819082757774,3.4326715707240405,4.342835182201517,9.704649211428775,6.129863862533677,29.706838909645782,C
2.891931519658697,2.9468998543937506,1.3423333059494225,8.16415384081273,9.284247012892928,24.629565533707527,Fail
8.5510942199744,7.010671831098774,6.066939634624288,8.319099622549274,7.296763772136856,37.24456908038359,B
9.279342012370215,3.319833945432884,5.87430286885882,6.258918106574272,8.920225151726948,33.652622084963134,B
8.902637838909163,3.218466352013203,2.2964467799014674,1.2243530384848578,0.29660743564281056,15.938511444951503,Fail
1.881211597237613,1.377283015171411,5.955042152861028,5.455026263868251,0.5137350433864418,15.182298072524743,Fail
3.2367923640424365,7.254121231929704,3.32269718746545,3.355574000420013,1.2799192440648655,18.44910402792247,Fail
3.6255979655909454,2.471747445945176,7.468469748939771,6.4483857485063965,3.7908549572547368,23.805055866237026,Fail
1.7701048427674682,6.613039622868667,9.640282908324396,7.904682609600729,5.168868869203568,31.096978852764828,B
8.766507618282006,6.03307878388943,2.5353866251917534,8.456167668895752,0.08171092407713965,25.872851620336082,C
7.055751725156885,8.749770586241176,1.9641408681470107,3.330445409266838,3.3756078042215645,24.475716393033473,Fail
7.433528955700124,3.021910269280519,7.6226702253744705,2.249475406897614,4.785953573916528,25.113538431169253,C
1.3535408227768553,0.37784221812246277,3.4803894342153896,3.43011766283757,6.577024145572191,15.21891428352447,Fail
9.122082367815256,2.505014246959396,3.483875111152135,7.113031723789262,7.820035810020739,30.044039259736792,B
3.4210762086359403,8.203450150475305,0.43557580354751435,3.6930034541742627,3.583096830647384,19.336202447480407,Fail
1.2300329512374564,8.305833251144513,6.05400133750524,4.9388170537925005,6.749756173662792,27.278440767342502,C
8.911400917935094,4.49139688459391,2.7927863789849217,9.544490866568287,9.266887885787474,35.00696293386969,B
2.0229394915820365,8.748819674421442,8.4040509844453,2.6628961458981406,6.136554699386831,27.975260995733752,C
4.654869724396994,5.909999590859538,0.17693161136770774,5.630792883523885,7.905215098920325,24.27780890906845,Fail
8.059058425334413,7.969747788958131,3.082670029862493,3.4388079543335226,0.04916421707198304,22.59944841556054,Fail
2.106621890056666,4.288543613066384,3.3109429200035576,5.347817250868861,9.535598817329719,24.589524491325186,Fail
9.01485851100749,8.057358218764083,4.057105886583315,2.7603210279059653,1.656257422436529,25.545901066697386,C
2.8487290196192285,1.1057918706865943,6.0245326316359495,8.894439728375012,1.7531001472395724,20.626593397556356,Fail
7.896985071424791,1.1463994358570684,9.031397404741806,0.6962253822526709,1.0334864752477535,19.80449376952409,Fail
5.9618266940237685,5.395035904500061,1.6957245653184194,9.940551873697498,2.130110190790342,25.12324922833009,C
7.102098483162649,5.548943761752093,2.11583832895492,4.8414565044319176,5.46847800967149,25.07681508797307,C
6.016118201463312,7.241359788326331,3.5542853050794934,1.5150871105606711,6.432879371598733,24.759729777028543,Fail
7.19022820433601,8.16125573653954,0.6355213004547244,4.9144923110262155,8.347669737641406,29.249167289997892,C
1.685146434591842,8.702416582470018,2.4613111171822535,6.80364557787157,0.10506784230170818,19.75758755441739,Fail
6.802282424312914,1.7823309891158345,0.22322872897717616,4.705566410184253,1.462505616306441,14.975914168896619,Fail
3.79040485383035,8.136278802229802,9.315196275969178,6.953652977015795,0.3386114536729079,28.534144362718035,C
5.488586650773559,5.655389146196601,9.914005415521356,6.275472326842928,5.278800803820984,32.61225434315543,B
5.917169688924004,0.20194923084332905,6.0545276613791765,7.045198936276434,5.002730308349489,24.221575825772433,Fail
3.018346608928951,6.180374805617744,6.630711119142258,6.135684703521305,3.1816133859157003,25.146730623125958,C
0.938572848233562,6.678602222396805,9.391592325551192,0.3020586701109518,8.871266125116286,26.1820921914088,C
0.09098181280775997,1.6095548745672916,7.899727113656114,3.677761326518467,6.685945134616813,19.963970262166445,Fail
9.226037570939578,4.148479698098231,8.379621748360849,6.927151426942983,5.716045942872688,34.39733638721433,B
6.786699566725648,1.5591850966282705,1.4122952459724225,0.8148256184636826,4.879160108440223,15.452165636230248,Fail
7.215117798434236,5.991970910211082,8.630480434413299,9.764584829794018,0.12814650588500953,31.730300478737643,B
9.873684723122,8.150739906826098,9.347423629769825,8.706420374149644,7.26365861199243,43.34192724585999,A
8.53784921704667,5.42701247256645,2.947322757766914,7.200989956256877,3.18198413785322,27.29515854149013,C
2.8191835559725167,5.969639657164429,3.770222505665517,0.5111772772771772,6.589220591206645,19.659443587286283,Fail
9.456735370508046,4.116507968016315,7.1702729621808095,5.852978879404832,3.2498716444635267,29.84636682457353,C
7.103515007123322,8.047370647669405,7.972166660964961,7.935842504171187,9.750048266842612,40.80894308677149,A
7.153223105291357,2.0152700291824246,0.5363354102444806,9.194922785153999,7.7478623543088885,26.64761368418115,C
4.886049258779847,7.463061694876093,1.4237224378501667,2.432050943736127,9.943441856600522,26.148326191842756,C
9.082658859666537,8.886932147847983,0.7789376559515704,2.9332347643667642,2.5656351956162062,24.24739862344906,Fail
5.214596387214719,8.170849469196495,9.146898211444775,0.7810518692441826,4.531582080336695,27.844978017436866,C
4.156277820291551,4.5934637132734135,7.2861567912049106,4.160598647953116,1.321908987939252,21.518405960662243,Fail
1.0547369995663058,6.2743900768215095,4.468941600565762,6.036130998069535,8.2256209127642,26.05982058778731,C
9.091752640535857,2.7690168974093767,1.8357110265314713,2.5738706360914785,7.8645051217759345,24.13485632234412,Fail
8.212594203728456,2.7000248112119527,4.784823957528714,2.721284710741687,9.244782717943863,27.663510401154674,C
4.345959608587117,8.234530537593207,7.62667816387642,6.3852489290421675,6.385722305040624,32.97813954413954,B
8.956899442666165,0.19304416717866646,7.7227662570194315,8.434769351710468,7.160880347625454,32.468359566200185,B
5.448246756734317,9.98174737892465,7.405167995574546,5.643431117117426,8.344505400447328,36.823098648798265,B
8.467850018697455,4.345026937193044,9.789657664519394,5.436673415583227,5.618710662504095,33.65791869849721,B
2.8924477197265452,6.790371654224399,0.20952170294524897,6.364653343744954,6.272651651173761,22.529646071814906,Fail
7.943842250928563,8.095792609149848,6.974880565979574,5.755315162036398,9.069642293499605,37.83947288159399,B
3.5466620498508283,0.7227201225523694,8.242547219650078,7.025200509124363,4.2814114267227446,23.818541327900384,Fail
0.6570863942835237,6.061095998529731,6.88601876316111,5.372319091694521,6.275386184452279,25.251906432121167,C
8.160335023020684,6.935624559704699,3.1991087656162542,1.0507944555660387,5.184515337155923,24.530378141063597,Fail
8.399982232439429,7.948302616043268,1.8261141257614555,6.474482223675242,1.4957609953817885,26.144642193301188,C
1.9105186870868285,9.508410342291114,2.220756999439295,9.774482302661811,2.210109890218921,25.624278221697967,C
2.459997403067952,3.851250709192222,4.88369486954851,7.701446940712881,3.965629004256095,22.862018926777658,Fail
8.818548008206829,3.737335168314674,6.521984621920564,7.188147227262862,0.35764353600368004,26.62365856170861,C
6.213306241557072,3.5727092199604513,6.549806940388882,4.9382504065373825,8.929046441221987,30.203119249665775,B
7.403130308439514,7.3792393747885,4.87342530853179,0.20721217068958242,2.518452358454064,22.38145952090345,Fail
9.965263087986191,2.433524940335987,3.4193021759842224,5.032767198862631,4.723218077238545,25.574075480407576,C
4.350145943402234,5.27436084929228,1.217345689692505,4.480644841595138,3.888224518869099,19.210721842851257,Fail
7.33113022415281,2.4409457249260234,4.554801723926419,3.1232062987529607,0.46066095707059107,17.9107449288288,Fail
8.408715794259226,6.780603767876752,0.22093747104774852,4.766704961596087,1.2867114090064513,21.463673403786263,Fail
5.892673387566671,9.91956370803152,4.749670383902343,2.3548129298649134,0.7143871475230579,23.631107556888505,Fail
3.7686688034718854,7.74849846534099,4.39963149507692,5.2478793615109645,8.039289034300985,29.203967159701747,C
2.431245304226687,6.468602240172217,5.207742386385216,2.5325726946227367,9.394244089089055,26.03440671449591,C
6.2466356885426375,7.5662278808994525,9.986539186088777,5.228906137659658,2.2133720807813937,31.24168097397192,B
2.6347344569384825,7.724077221232417,7.006642057232902,3.58739294016027,3.8842270897866573,24.83707376535073,Fail
5.689554832818508,8.388810805051211,8.711964372184074,8.65219173522062,2.7189312488799566,34.16145299415437,B
7.701582117570959,1.408851205703987,7.688552706898138,1.5086338548656264,6.506189154224982,24.81380903926369,Fail
7.0967134350452445,7.420925925582445,2.1564830163787874,6.776131352964558,2.70688400617604,26.157137736147074,C
1.7436642900499144,0.6483421878619122,1.310422091454324,3.3420644183126558,8.503547827736032,15.548040815414838,Fail
1.382455656340571,8.922308599488716,0.40995761838033995,7.508958216961663,6.469851993780379,24.69353208495167,Fail
5.233296311947413,8.490708749034921,2.693419997497549,7.040290027146425,7.762036402556079,31.21975148818239,B
6.097081955367598,0.5061084075717348,5.589097868740298,5.836384795176467,7.952392178102201,25.9810652049583,C
6.068469555401391,1.6742294774625122,8.200417911986891,9.552015391181198,2.2980784064474067,27.7932107424794,C
6.956181464968068,8.230283087957645,1.5097568151388074,0.47539181781281803,2.0008861088244623,19.1724992947018,Fail
3.308980248526492,6.557962798997199,2.412231251093967,7.595721921569119,7.919037591928153,27.79393381211493,C
5.912754357449293,8.897353347830567,4.7902695897573375,7.206270065260263,0.9339399954944527,27.740587355791913,C
7.14153146392174,5.468020259145122,1.4137505560476804,1.9230042366613342,0.9496839321575856,16.895990447933464,Fail
1.6844055113191525,2.6799644879536366,1.6468493966109343,8.458549223583637,1.5859169290361186,16.05568554850348,Fail
2.966124821570931,9.267128453077733,1.3740987023399187,9.702378247258904,9.557766242415383,32.86749646666287,B
4.078849268503589,2.717805011911972,8.970979312064054,0.01590826515773691,3.8749048854778403,19.658446743115192,Fail
8.363785774103993,1.5415604962534146,3.677775931154158,6.488393240024468,8.56892599408569,28.640441435621725,C
0.93981939840869,8.289298911930121,2.268470955010564,4.435198804758284,0.323756366393656,16.256544436501315,Fail
2.9335342144100984,6.624968731842785,3.0332312023765997,1.4871556890010473,4.065928603139865,18.144818440770393,Fail
3.429665197000782,5.911550046227392,1.111665011759373,6.57659510848882,2.2950834150598176,19.324558778536183,Fail
6.903948286293653,8.687572305365872,6.455736368731712,1.2335361317907134,0.1296626089819919,23.410455701163944,Fail
6.630471918034225,4.99822257748589,6.024352555904404,2.4599313416561284,6.142118545413236,26.25509693849388,C
0.20944961030912812,1.6167233555371152,0.31567496409881324,1.8869899679533253,4.200488542112919,8.2293264400113,Fail
8.601223971892045,0.899672788609609,1.8731861970191033,3.1489018669282807,5.769274349724983,20.29225917417402,Fail
2.454544625389304,0.14628539205070012,6.340900343618303,4.997709716929386,0.8607107620767707,14.800150840064465,Fail
3.7549862202072015,4.735085877410645,3.4866741021174787,6.8268937909616465,9.587029355439439,28.390669346136413,C
1.3171502857909356,3.8350902449273905,3.5085034576848684,0.8794442480542597,3.8036959597539086,13.343884196211363,Fail
4.159136542975094,8.286949422440019,5.543847058315099,2.1674357326954663,1.8241595487790452,21.981528305204726,Fail
1.0609204994795207,4.038871173236047,8.97361623970461,6.252628972772694,5.826478031178226,26.152514916371096,C
9.849291084414917,2.799296216564434,6.7268813959235905,4.769559177576129,9.491703328680051,33.63673120315912,B
7.818238633449356,7.63997049319543,2.1116046996275237,6.306526815968541,8.35223428104575,32.2285749232866,B
0.08495578607209509,9.636871659566511,0.6008835274328461,3.144604039737703,2.5144405220793073,15.981755534888464,Fail
5.8482781130579085,9.324504210806433,8.661260590941703,8.012766725549804,5.698849771542218,37.54565941189807,B
3.9701504123719165,2.7399060047259005,3.4714059709477594,5.723306138091213,3.916063065245796,19.82083159138259,Fail
4.744531798445233,6.120470796577556,4.107634398907557,5.776785933067669,2.875610890007261,23.625033817005274,Fail
1.2048182243846794,4.3919216568266695,7.683152979282216,2.633793639182872,5.5704066907190395,21.484093190395477,Fail
1.8663993979768256,0.6959184739630897,4.323007699841961,9.330951222719214,7.239533966442725,23.455810760943816,Fail
2.6355147949677784,7.980465828368204,3.1858701995745644,8.071786556507227,5.165038765776313,27.038676145194085,C
9.556494672664893,2.2417227674690174,2.7698978178488542,7.575917008399362,6.687362841352302,28.83139510773443,C
1.6827858850771282,8.361128049276877,1.7602815278772688,8.349872377090708,8.50525684809875,28.65932468742073,C
9.210694862995814,3.269584202701765,5.875759776432724,8.002417430570047,8.140045973173175,34.498502245873524,B
3.1491844458889573,1.70433201879996,9.72340376595683,7.313560480957188,8.238282286598587,30.12876299820152,B
0.6845045256601678,1.4637593866815701,3.297224588276676,9.675364761781314,2.3936486908897447,17.51450195328947,Fail
3.6765804605910835,0.7098919115138647,0.5731304651933244,3.8031311043552884,6.640504019288651,15.403237960942212,Fail
9.31535049155262,5.714485657480787,5.633312538407954,7.776900559701825,1.638742228619684,30.07879147576287,B
0.8322306620807229,7.5784629293247106,6.879920186356801,1.61578981859815,1.2546520137241768,18.16105561008456,Fail
1.0466063390789626,1.8927350016787547,2.7316369041905517,0.9136061111495652,5.756649703841941,12.341234059939776,Fail
7.9501153692847035,0.9324491922135836,1.0167689643099187,0.3166561296263626,6.889662486736458,17.105652142171024,Fail
5.054551179104499,1.4278485013956466,9.506244692703167,9.6972834375999,9.182805259955506,34.86873307075872,B
1.4407878601319957,8.029298413742762,2.091845927767303,4.934734416094052,0.7904117739411443,17.28707839167726,Fail
3.571923339930448,1.9079226547583872,5.934612224518362,3.2384675447751965,7.818954979063461,22.47188074304586,Fail
2.613330178853838,3.460024129722764,6.361120572029383,6.5579142692307695,6.257470645631413,25.24985979546817,C
4.470555438064254,4.4967985088515725,6.585064471923961,3.9066618467818435,7.884862444624352,27.343942710245983,C
6.024691704572664,5.8260093678449945,1.5610499763740027,2.603385838990089,6.011593633442057,22.026730521223808,Fail
6.2955769689173655,2.773758133333014,5.798342336703631,8.166050940616037,9.359723751517352,32.3934521310874,B
2.4348229657629927,7.093238527759674,1.2324627225029061,4.640899308913634,5.593563681164273,20.99498720610348,Fail
5.3839497928695765,9.2622745020583,7.140487993824833,0.9576312611263971,6.771791474377556,29.516135024256663,C
9.709402496046186,7.759739087498882,3.825935145010045,6.732055732893966,1.1011952392337243,29.128327700682803,C
3.245118001753421,1.6426366372062395,2.3686070944035897,0.7771319804839205,9.418206571623742,17.451700285470913,Fail
7.939550847155906,6.88512188409563,7.939506871051522,9.59431736270982,4.899548233953591,37.258045198966464,B
7.39563248111268,6.666474656992775,2.695064583864828,9.514874716617904,9.351212305394824,35.623258743983016,B
1.6695308874719872,5.379230312678858,9.365049809018455,1.706583713411366,8.669388507928906,26.78978323050957,C
2.685000761974954,2.6348337714290304,0.41973568276237105,2.16928457865989,9.319531227123077,17.228386021949323,Fail
1.882321997690456,6.779980152425845,4.238735060906968,2.637780315573015,5.044849909877459,20.583667436473743,Fail
2.709632078712195,0.6877060197114782,3.2386976790381174,8.305071529993908,2.3909103898338824,17.33201769728958,Fail
6.681806619579051,4.333786099349219,9.196068617206368,1.539905463143355,6.148878829801947,27.900445629079943,C
9.61135485407593,2.5209865956229995,0.5318534146714948,2.772430399980684,1.842903566700106,17.279528831051216,Fail
4.224457900308791,3.461285400715879,5.134067340104331,7.770369819396953,2.9204190607717226,23.510599521297678,Fail
9.992072989434408,5.192634144878443,7.610026277600237,2.3770328395885287,2.8673835319886285,28.03914978349025,C
7.6409558657887935,5.258929685789998,0.39183782011250834,0.9433525891297889,7.696318359032417,21.931394319853506,Fail
8.61664884699101,7.856268042879978,8.063289748473586,1.2901261583424806,5.963182340854308,31.789515137541365,B
4.690249397178835,3.965637167970809,3.154444660818978,4.59437493461579,9.7092072108536,26.11391337143801,C
1.5492531114344266,6.785392442143758,4.339549202495178,5.620018370849113,0.3229599670421257,18.617173093964603,Fail
8.97532326522084,3.6148842996524766,9.304916218764344,0.31819291024910656,6.3197426915211485,28.533059385407917,C
4.595629775055219,9.648231254722479,4.188697197272205,9.92418701883176,6.171270439589308,34.52801568547097,B
8.413567713051986,8.182372870192298,3.954875261869222,5.211911273373402,3.814757919656465,29.577485038143376,C
1.3341633552320709,6.5584894857387415,6.058668475118884,3.697879475213254,8.270617403256258,25.919818194559213,C
0.7266558758115671,4.575454073734121,9.724066947103173,7.306785444849197,3.6540734324963307,25.987035773994393,C
8.105533307818328,5.442000021136279,9.110737569064792,9.465073224704517,4.914558254465787,37.0379023771897,B
9.764896611478871,3.9796037644511486,8.266109663519666,4.156181863686542,0.9588037515889136,27.125595654725142,C
5.323602348613149,3.7875144844067377,8.028491069882813,3.8064606173155466,8.864708469902574,29.81077699012082,C
8.788811459128521,2.4570509248467562,6.330077925320383,6.280091789157193,5.193790230728465,29.049822329181318,C
9.366056922949614,3.053814819684637,3.610596982781952,5.044861888318382,5.967983181334544,27.043313795069132,C
8.295627156830498,1.3710318807432864,4.441328507580268,1.500038607274724,9.036997826884809,24.645023979313585,Fail
6.920505530397448,1.9503023178915435,6.276418014401731,6.818496118721638,5.905866060471836,27.8715880418842,C
0.07841590771916818,6.205591954189986,9.178270537571949,6.095551016456765,0.6911861145125942,22.24901553045046,Fail
1.9201608474003673,8.618281308246027,2.4373666202780986,3.6122787551301174,9.746683074076278,26.334770605130892,C
8.607305832563434,8.467830271688292,0.7065879267438624,3.093723624631325,4.723470532618785,25.598918188245698,C
8.381549749886425,4.712507166235281,3.735246278123828,0.17860056015324144,3.272894217257033,20.280797971655808,Fail
8.951000290662442,1.4817773032947368,9.523951740639516,9.599658137120642,0.7290738972253885,30.285461368942723,B
2.7706924971339966,2.2655384852629123,6.701074493444349,0.8586232154003115,4.551665861403284,17.14759455264485,Fail
5.414076073475852,1.8149762827084115,3.0217126330528785,9.540675511821481,1.2730023613241448,21.06444286238277,Fail
2.9994206977702262,4.901114766364554,6.86788968358385,3.739160272185668,9.794404918313177,28.301990338217475,C
1.928396089422456,0.9137144056141477,6.431737953393419,4.994723703137796,3.8594088715467456,18.127981023114565,Fail
9.148421498516546,6.802656287285745,3.8655018472493854,1.4899590157096043,0.8579344551294565,22.164473103890735,Fail
4.173829418004733,5.764598564592339,8.443172414063234,3.58191215252584,2.277823846488345,24.241336395674494,Fail
2.4192772811923655,8.82142314225861,1.9935946957802475,5.628398170087364,2.131613101349381,20.994306390667965,Fail
7.660258995192964,8.798199767054522,1.09667038976753,1.516798073055432,9.404458011570085,28.476385236640535,C
4.0414032165103295,4.330761025867926,9.648645994052996,8.222832210950944,4.927193347496059,31.170835794878258,B
2.889685249210585,0.013198689843296751,1.0278557855729642,2.472866812474476,3.6754052936218806,10.079011830723202,Fail
1.7275731828108731,4.882099782764918,7.8558808405292,3.0087831786088195,8.16687177229051,25.64120875700432,C
3.0646346804282034,0.6387578386188841,9.873602045353342,6.270494173976454,2.6456422741482544,22.493131012525136,Fail
8.349472056944037,7.533881149198358,7.883273956211774,3.865581687096312,4.725897794155661,32.35810664360614,B
1.8485445552552704,9.852073259110938,9.102271992824473,9.14944628847511,3.002767505471863,32.95510360113766,B
8.416220075427741,0.3499884126398567,2.559389576766262,5.939842838125028,8.788782786455435,26.05422368941432,C
6.7981812521997,6.286312155688929,2.8081254718323754,4.5555848909469265,5.5908869886735175,26.03909075934145,C
2.381827810467265,2.8454061027205615,1.9630779989540803,8.667187281564487,7.818927084903276,23.67642627860967,Fail
3.6023391880042785,0.8170395960222876,8.749118332547884,6.683116953494155,0.07657637654089,19.928190446609495,Fail
3.7646336687804958,6.202788171008429,3.1258025885976073,5.4288243229793,9.279475222441556,27.801523973807384,C
7.644407280755043,5.616325332843798,1.6769732291229367,8.015629946391075,1.8003844568886185,24.753720246001468,Fail
9.32924862569672,0.8536877932656528,8.474208876266559,0.41402859184269447,7.252943189429237,26.324117076500862,C
9.86630122958847,8.313240712852497,1.6020475439554538,4.985329029726056,1.2131866708121586,25.980105186934637,C
9.717820827209607,5.534295611637274,3.2168404666703445,4.961534392841937,8.178327787414739,31.608819085773902,B
7.941973312770843,2.9602455152061036,7.19055397776866,0.7881144921456174,0.018443169182416064,18.89933046707364,Fail
4.4641951640158215,5.2729913312879395,8.755478724654308,5.086089476366661,7.421113586138825,30.999868282463552,B
8.763194331423115,5.081573065601476,7.285425986619441,0.015238938833312954,4.403345661638555,25.5487779841159,C
5.147421937567799,9.848659403448428,9.462969204384414,7.699070330116626,3.1367940077990775,35.294914883316345,B
9.29697652342573,7.044236214774866,4.993151480812449,6.791027618365744,2.2253732711643126,30.350765108543104,B
9.969494174116697,0.41603233355321345,4.796671828600848,8.662935529197348,4.56644737978198,28.411581245250087,C
6.452185758446639,8.350299612668469,7.333839593650058,9.529062696655666,3.3975162869581133,35.062903948378946,B
4.553287498086021,7.256918489147458,2.828716578474062,6.093113233554833,5.1825644996085005,25.914600298870877,C
5.325040664159818,7.288341471223035,9.676641981464208,1.4451281280809647,9.714680892780079,33.449833137708104,B
3.6913619380920446,8.294002201989358,2.7195711491032846,1.4167552438632902,3.096604796097795,19.218295329145768,Fail
2.804632242046524,0.9537380789802752,3.9714690251986626,3.348353528896062,3.5485475282321977,14.626740403353722,Fail
3.7802494943440204,7.6827594779952255,3.2111613429918293,0.6610436188823754,3.9435232745601545,19.278737208773606,Fail
0.13862135912860118,5.248772180055824,4.021704270424106,6.909526432130171,4.60662615071135,20.925250392450053,Fail
6.481021272610715,5.686042135699344,0.564143726600913,6.091477381842527,3.6619624955364207,22.48464701228992,Fail
4.850946599795401,6.90920570071195,7.460863228216274,7.483011227232222,3.296328277650784,30.00035503360663,B
5.909160928272268,5.620781375656487,4.795885847196653,5.253538399331118,6.9329659722000905,28.512332522656617,C
8.543995133256802,4.367225581556666,7.288490193646112,2.505247399255255,1.9393098079064086,24.64426811562124,Fail
6.738388982700046,7.9870457384263895,9.427452535006328,0.2890998664195654,9.241168037861081,33.68315516041341,B
3.8213947483256927,8.06111817658405,4.101379857214415,1.4140324357889977,0.3587729637997972,17.756698181712952,Fail
5.361922792822042,8.313762837143706,7.452338530569891,6.758289313211581,0.4596507973936015,28.34596427114082,C
5.130772183680499,7.4812080011092625,6.443048407191403,1.9156692428599054,8.885271045645945,29.855968880487012,C
6.874368609408673,3.502019253129683,9.221560928441523,6.373613911759088,8.123143271522606,34.09470597426157,B
0.8355433751068975,7.839165096792028,0.9414675228322356,2.197644577228308,3.098100491304523,14.911921063263993,Fail
1.740104480161242,2.8265565275734463,3.1980124594798855,8.525266696954988,7.436787361363288,23.72672752553285,Fail
5.58404249735805,9.524913004343246,9.687534424428032,8.16405927503135,9.07100361449826,42.031552815658934,A
9.680763814507335,3.1813253133349084,3.244506536463395,0.766814372282203,8.007947923526089,24.881357960113927,Fail
5.648191628863961,6.9124041113661026,7.564805799765626,1.1383459187591682,3.780298416839647,25.044045875594502,C
7.281164373361664,7.9334482786097595,7.277210963267101,1.6871045675694862,9.769413502961498,33.948341685769506,B
0.3491155265622381,6.8777303554548155,9.721820779667603,9.064074290263411,8.442764899891799,34.45550585183987,B
4.4767342541041835,6.132833468418987,8.419606812337943,6.9572303021815864,6.401349235418353,32.38775407246105,B
6.459172413316012,4.461143071251877,2.487156819788625,6.980460422993326,6.673094143866567,27.06102687121641,C
0.7356335421576565,6.265033072660964,3.7245164350386775,5.633631129946286,1.8842689155674441,18.243083095371027,Fail
7.493153551424344,6.824504201904001,1.6748308597624073,9.609742145155739,7.55825591076799,33.16048666901448,B
8.57230937369791,8.892140134241908,0.6180423957608661,3.27276300983274,6.453254594195881,27.808509507729305,C
4.460057729579558,5.640849216886251,4.287507412983116,9.324854267666343,0.5245483812386287,24.237817008353897,Fail
8.06834739267264,8.932361472099467,0.46404358579154703,9.240901299302697,2.853235262699613,29.558889012565963,C
9.976282974021565,8.828117988673707,7.973141440866252,9.715401943085151,7.304217930127749,43.79716227677443,A
8.078459419412585,6.0986873498553775,3.1832521305626726,6.86376357366453,8.840765310045404,33.06492778354057,B
7.945782787001903,1.028328160641574,8.174314092138697,6.603034469691227,3.7360968151796214,27.487556324653024,C
3.711724234376276,7.5570992249239275,6.607289701491743,9.77333782884695,5.045765359691481,32.69521634933037,B
6.17354250988067,8.832052018734622,6.408362932947479,5.972032822521003,3.870362879616457,31.256353163700233,B
2.7214513722996267,8.49219144694105,7.627067232232837,8.101532098961716,9.705296007351492,36.64753815778672,B
3.2784283788581825,0.512395411464247,9.232740863535495,5.296669163295151,3.534079797309434,21.85431361446251,Fail
7.832979829560477,2.464598696375051,3.9575770372231656,6.552429986709277,2.6107733615724635,23.418358911440432,Fail
7.86205652261058,8.150077769837576,0.6041199169449418,3.2870793197452075,0.35423389843151076,20.257567427569814,Fail
2.4339668321853045,6.073563834777438,1.2095776175452344,8.48655032727594,5.034125208842861,23.23778382062678,Fail
8.226479271938894,5.335076625164867,2.9685862496600715,1.1304303368610724,9.701396431949954,27.361968915574856,C
8.457448783257632,2.5223921907695224,0.23186011793026595,6.518898304852431,9.910666606220044,27.641266003029894,C
3.4557958587081306,0.6525518912500594,9.805271682972927,7.36376067714298,2.2813193258273334,23.55869943590143,Fail
6.894649691372657,7.307068843628862,1.8958893109771702,7.482078217278744,4.670351952745392,28.250038016002826,C
6.439042535411307,8.179146260466648,2.9598321371620804,7.773500628840102,7.967343520450476,33.31886508233062,B
4.194479939573136,0.753548962288918,6.95786306423427,7.024452444001158,9.958162186058676,28.88850659615616,C
5.3187176650501655,8.163977263615706,4.68690067229141,7.511473516928845,0.18295393219249556,25.86402305007862,C
8.341445970006758,5.801763697965338,7.36439642113269,5.468708875016044,7.479469395906544,34.45578436002737,B
5.208155861440822,3.781539679503604,9.545088072716378,4.798710601102767,2.757897669573662,26.091391884337238,C
3.679407513020845,4.778773056530577,2.4316757352572904,4.612653602920992,5.0461688264012565,20.54867873413096,Fail
0.34388521115218396,2.2489680573040727,7.093779303098891,5.121678841676017,6.680602906989623,21.488914320220786,Fail
0.43397178578560847,9.81521014576294,7.288170327753302,2.3041157061902195,7.52684071811559,27.368308683607662,C
1.9579113478929644,6.015485063797062,0.025217617028200356,7.698836079771308,5.534869512137199,21.232319620626733,Fail
8.37013328363672,6.09505122449431,9.284686523951569,0.29834514147479063,6.977157798727407,31.0253739722848,B
1.2818807281046174,5.747032039194878,8.135488124382674,4.130082537590635,8.874953031572362,28.16943646084517,C
9.45017094248494,3.493270359759112,3.6383330784014345,1.9303472511251707,8.129982386075646,26.642104017846304,C
7.104218150124117,7.896994303155147,1.9002379259265345,6.261121806334554,8.809180259518442,31.971752445058794,B
9.15138820404896,3.5075321474935492,2.1462027467122247,6.788139690442136,7.250064381031529,28.843327169728397,C
6.126843446746072,5.54842190371608,9.539757140805428,6.084721170244956,1.1256683241659404,28.425411985678476,C
5.144613277398942,1.0723580176952352,9.975056931735013,9.229092642058225,7.366191578787001,32.78731244767442,B
5.769816124176819,8.598514719156631,5.577397403311118,1.1868050052868495,6.989603925173866,28.122137177105284,C
0.257424097472162,7.173277870408695,3.8449358140731995,9.1667190913718,7.904460866918956,28.346817740244813,C
8.570290283305779,9.556554252415335,2.1341443521689696,2.8069162002394634,8.901281134730398,31.969186222859946,B
6.451727904094499,1.8433134898819126,3.843696757343462,4.142290156058561,6.981217796931782,23.262246104310215,Fail
0.3531135494023907,4.174560710937415,4.457486230680722,9.347612504894489,4.886385681536599,23.219158677451613,Fail
3.501252591667301,9.893332868282753,6.378728330734765,0.778236188960304,5.2910544215215936,25.842604401166714,C
4.082375193462987,2.4789697275087565,5.649902980821317,9.075547793492426,4.154645620824525,25.44144131611001,C
2.414964852568678,1.8413002308118487,3.1937166643826176,9.364510344721612,5.166917165640603,21.98140925812536,Fail
1.8143834769562694,5.9410463827542515,4.644761457173383,2.45391959934007,2.980426956240744,17.83453787246472,Fail
2.0699257843842678,9.88389878639863,4.9816841568734525,8.047054282081351,7.250296177158747,32.23285918689645,B
2.651232614457395,7.624196216457234,3.785668501891366,4.494730102036709,3.7416343334862856,22.29746176832899,Fail
6.3156022009252055,3.7180299127453575,2.902512201909068,7.760999296899824,2.9540061103847224,23.65114972286418,Fail
5.019355807808607,0.008536974374032669,4.51331213259485,2.390838631963139,8.750892674500069,20.682936221240695,Fail
6.928784276966522,7.332782958676516,7.0491981630177385,1.6114919428836316,9.078437719683969,32.00069506122838,B
2.0399460360938737,6.689516417606249,5.276123313583822,9.532414133186423,5.258492790729812,28.79649269120018,C
1.3088113855357597,0.12187551011742515,0.2664529116386738,2.4462207821161783,2.748894817002604,6.892255406410641,Fail
0.1968321538141371,7.729335403597556,1.1265308676781594,2.444635982310961,1.054714029685938,12.552048437086752,Fail
8.1707207094928,4.759266973649633,2.725493950616454,7.8494921887985765,9.941485895291095,33.446459717848555,B
0.9993187705440965,9.729348125037022,0.2824620621007623,6.52648774224321,6.949654458545106,24.487271158470197,Fail
9.434281072652853,3.292757292224576,6.1436094370851135,8.656738823544446,5.2780105146575025,32.805397140164494,B
5.511599619163721,4.712366872916477,6.2028700948851,4.37928603453911,5.723396104739059,26.529518726243467,C
5.156794276964978,9.986114270374543,3.41674039951283,4.2608231306260835,7.916839655081644,30.737311732560073,B
9.49799913291924,7.130314563751039,2.06138918210397,6.2418152934606175,8.98327323304383,33.9147914052787,B
3.2078006497173583,4.184467897162279,4.542677432026226,8.605221394916002,6.481714191813239,27.021881565635105,C
8.89000610814666,0.2645450548042416,2.7558246415775853,4.467636154642759,0.39097219931284677,16.768984158484088,Fail
8.285302595815086,7.455679517353511,3.3765571319092356,4.704044259245642,5.7032092092481115,29.524792713571586,C
6.922765645178525,6.414903690642878,9.47088324752695,6.212319904757898,5.4369406746635995,34.45781316276985,B
6.378221792594102,3.776290801401446,4.935161363219271,8.460881077341021,1.0414346923510909,24.59198972690693,Fail
4.486106309545425,9.149319017702965,6.991833749902954,4.466514305061395,2.6344160468691347,27.728189429081873,C
6.590454101322324,7.12248891844014,9.846973894715495,1.293033020964418,6.974082740498616,31.827032675940995,B
6.6480775858024455,5.077309640122381,6.129475283544884,2.421579997060287,9.398102525758548,29.67454503228855,C
3.451798382956305,9.635501381630547,9.289506697490857,5.951442530388644,2.747197086139396,31.07544607860575,B
5.952768411040545,0.9318878597231284,9.583505630013928,8.556965204939717,7.966182847273643,32.99130995299096,B
9.754103676847452,9.392184948776851,5.368662670843625,1.95863004825516,4.223215634324847,30.69679697904793,B
7.404761319535192,6.617651547273958,3.3320423212585903,5.330328849390766,2.0381122746022493,24.722896312060755,Fail
9.949078226464353,7.341245436569687,0.6604553730600693,5.751384410508072,3.7897456149210162,27.491909061523202,C
4.191828759021213,0.6662208736746145,5.68649636179005,6.940622919770036,1.0267324544753553,18.51190136873127,Fail
7.286151567927769,8.384826905658242,6.448954103016112,7.976518421744105,3.438079649726146,33.534530648072376,B
0.12120774643893273,7.367502209132274,7.510646831324317,3.9054598303993315,4.547000671411774,23.45181728870663,Fail
3.3581636464153455,9.933898787390682,8.203933529989882,1.798427496812367,4.462455230697211,27.756878691305488,C
1.5852023402740945,8.750589641689428,7.057667693076394,6.641381070085667,8.901420448756195,32.936261193881776,B
7.418963269587151,3.8756633829983214,9.756387190976337,0.6322892822569659,6.794511172164065,28.47781429798284,C
4.296027434485468,3.5796782555966553,0.2868557363984714,7.4804508835195636,0.5218662987238254,16.164878608723985,Fail
9.101961241446965,9.094771083678907,7.920213931794246,3.4082202218634516,0.8206884511759827,30.34585492995955,B
1.448948720912231,2.8021640699057104,2.3330228755829143,8.389320735626661,2.229264907205489,17.202721309233006,Fail
0.7235725774132662,2.8195832714264544,7.238155239078763,8.36700514273689,8.915064995650821,28.0633812263062,C
1.7589028341866209,3.206647262228499,9.777627884638743,1.739672687888122,2.5144977986403436,18.997348467582327,Fail
3.0846828148948404,0.3625231751479485,5.189812535232788,6.777368967668842,4.680169000057593,20.094556493002013,Fail
5.522222801738465,6.179182568379911,6.610854671689877,2.050315833598213,9.69533648164646,30.057912357052924,B
8.082352100092221,2.8940513070441263,7.43076134782676,3.55045437122979,9.07311156986661,31.030730696059507,B
4.596648704026612,3.7614731001049018,3.591703511697899,9.005662353184542,1.4959908916490205,22.451478560662977,Fail
1.9819638642166815,4.719379285564587,3.986590920676089,3.9452362360177453,7.236619282196818,21.86978958867192,Fail
1.3714848815274316,5.382527463447656,3.0198022695393636,1.9835387955218298,4.212295086699421,15.9696484967357,Fail
9.354845135274957,2.216638430873883,2.5740488847936573,5.756308900917173,6.2944366698165375,26.196278021676207,C
2.860600516592855,7.049846384775807,7.055997631197547,2.215518161999336,2.7390291739856454,21.920991868551187,Fail
5.941307153521351,5.341898918086192,2.902004955065575,0.7687821328212519,3.3068078555647684,18.26080101505914,Fail
1.0927944536815992,2.5308440322142687,0.10173818067478968,2.2403964332701767,9.257137810077209,15.222910909918044,Fail
0.8157492561136592,8.674041132245677,1.715211880531785,3.397818564453181,2.5487186130763364,17.151539446420635,Fail
9.89279945106385,4.166803804314379,3.5030305521297436,2.6839545601234005,9.082364937765217,29.32895330539659,C
6.150129680388666,4.363511943036117,3.53605276236486,3.516609131199737,0.38433143490149035,17.95063495189087,Fail
1.3097374299417408,7.477652771400321,1.0171844403962904,7.571618488220965,9.432786045140967,26.808979175100283,C
6.2509155268652865,3.5467082661031046,3.2242216611345373,9.548602930190969,6.281966103792811,28.85241448808671,C
4.318436923120297,6.628376002907298,6.207578417833939,0.5650372072961962,3.480037687598495,21.199466238756223,Fail
8.839977768711867,1.3850677782515919,0.020570207285622866,4.474215723157187,7.107898612487697,21.827730089893965,Fail
1.6393172095320274,0.23089622682200828,5.696179675857601,8.798314961199845,3.5728456813434217,19.9375537547549,Fail
2.708322512620742,3.09481579194867,8.331908044356465,2.47770536315587,9.792772679449756,26.4055243915315,C
5.540583834602107,9.004053185650672,5.281071259750552,4.24833606610707,7.397314066170983,31.471358412281383,B
0.9761876053514895,8.31721120279918,3.9874930925105856,6.454926923614376,2.693213202131041,22.429032026406674,Fail
5.371693216040288,8.39172810510297,2.196379914349047,4.915637119218269,5.935073929629318,26.810512284339893,C
6.61667259629189,9.392241361712067,3.4805228699093416,9.519727547075984,8.789857931690744,37.79902230668003,B
2.1820753455217226,8.451072990054122,3.6545415918827375,0.02759648505280987,7.655118970710587,21.97040538322198,Fail
4.579289944340279,0.09242314581078159,5.159840862093631,7.295984582352659,4.46241361701833,21.58995215161568,Fail
4.54764342552661,7.845101356775531,0.562249158241932,8.843972763852587,4.1723517541934925,25.971318458590154,C
2.0681789313339625,9.947536880619715,6.17293826458087,6.108540130819524,4.345033820286241,28.64222802764031,C
0.09197051616629648,2.0518283339516072,2.84149644890044,0.393765304378354,0.7142515293286433,6.09331213272534,Fail
8.589863910321169,9.907239105537778,6.809995141600522,4.800359575072838,6.28213049852017,36.38958823105248,B
0.7613085949030018,1.6222957109649694,1.760877582692022,7.763934240664878,0.09934037696879616,12.007756506193667,Fail
5.348727557587552,8.686272654795317,5.516523238192358,8.326562263797326,7.077502696069947,34.9555884104425,B
6.359547071637285,3.71895999541176,3.2911541289482726,6.64640712101837,3.361550441020568,23.377618758036256,Fail
7.9773226334821405,1.3355826586348352,1.104276364633331,2.251171610282791,0.006128938052726296,12.674482205085823,Fail
9.758520794625346,7.242049128083701,7.1727168918733595,3.726515493680828,9.008561269332716,36.90836357759595,B
6.458108126552061,9.735265518372518,5.294648519714666,6.623585818888475,8.923698982253471,37.03530696578119,B
3.423340824609907,5.694918385200097,2.01135110676532,6.576011439251483,2.8548113889838644,20.56043314481067,Fail
4.3685070261517955,7.747216226093416,4.3429176943029715,5.1942321789544055,2.1896304581618677,23.842503583664456,Fail
4.157751035233219,2.349291930291433,6.616843562366649,7.999936919364935,2.574215443461767,23.698038890718003,Fail
9.811778367622946,6.740261791261327,7.925310589064704,7.923429118143624,4.8418827607116475,37.242662626804254,B
4.073655242128323,1.7010688201207602,2.161538276063797,9.605665928179834,5.671155842422665,23.21308410891538,Fail
7.566465493523989,4.283502838131507,1.9389591438337883,4.776079326286701,5.333933191509503,23.898939993285488,Fail
0.5006452709329434,3.309118856783746,6.287731192513989,4.583660310374356,0.675666462785981,15.356822093391015,Fail
6.132916848873791,1.73639312625412,3.590963835363911,9.06232274103479,8.349810044364204,28.872406595890816,C
8.118067183508863,7.608310300194505,0.7357963815975155,6.750686766869876,6.6821280724999985,29.89498870467076,C
9.919627472386432,9.84685553915239,0.6180287007903473,7.8619710296913246,3.9716806133127838,32.21816335533328,B
4.964611523552998,1.7522429236611525,3.9206805305237244,8.213597672177729,7.749925414389587,26.601058064305192,C
4.618064815620187,6.150849664876834,8.822910389513378,0.22900512558465924,3.037976968060919,22.85880696365598,Fail
9.246511054051808,8.883346267787601,7.223992488915677,0.7587778948398882,7.221406503499873,33.334034209094845,B
0.36340748316242455,0.4761237842748811,5.653139862898864,3.1518245584420193,7.0435629408909595,16.68805862966915,Fail
8.77472013527053,8.620840858402314,3.611375171057245,9.909378222590474,8.781547155606045,39.6978615429266,B
1.8424865157267423,4.072464172620705,5.425710492038139,2.5526425799591634,1.115991057225827,15.009294817570577,Fail
6.300931268616634,1.852233308309379,5.319710170643921,6.75533643048471,0.4000681357380298,20.628279313792675,Fail
0.3897932066113041,6.269162793138956,4.87600821398706,1.009515181277556,4.94932271041429,17.493802105429165,Fail
9.362806214689266,1.7952829249366675,5.073635432245636,3.2340795220797105,3.3504299966489204,22.8162340906002,Fail
8.576559882418273,8.770386290433045,9.522754503465832,7.540339091241604,6.2244520100372815,40.63449177759604,A
2.282353634936991,8.285385759270493,0.8553535929946199,6.062480599465474,0.2067294640375028,17.69230305070508,Fail
5.087059842162667,9.276142351480566,0.539511322741022,9.835720017720195,7.954238105597035,32.69267163970149,B
0.415959562564695,3.1647453163785833,9.019344250462051,9.413319884051734,9.241720488153284,31.25508950161035,B
1.9648265240291862,5.534849535843279,3.004705945281956,9.708081599171377,7.506176050391641,27.71863965471744,C
7.086767199655069,1.7073207611304964,3.325822904933614,1.7478294246430504,2.374986082461356,16.242726372823586,Fail
8.736780345607487,8.098764150385694,0.9121427875264976,3.254337568408862,2.81621968289101,23.818244534819552,Fail
8.236236107489734,6.876014289207337,4.608899696277167,5.007480192678987,4.632393472523604,29.361023758176827,C
8.291817799499178,8.12952983647206,2.741327588133667,3.767625812463521,6.770680714343818,29.700981750912245,C
0.005979388347953085,2.6514900221701065,7.322592825084565,2.8443958083383594,3.3600941084047697,16.184552152345752,Fail
4.014617790890433,1.8705683602638035,4.588129282414341,4.849484397422268,3.7971183556922017,19.119918186683044,Fail
3.1692200515627764,4.028895789566308,3.3331781516524197,5.628600074847734,7.240674813977018,23.400568881606254,Fail
8.487675852813142,6.797086292790952,1.043003229873346,0.6224396649490282,3.2441023502380295,20.1943073906645,Fail
5.10212916478122,7.520443368826271,0.8439049603687643,8.447651915570113,3.701968411211154,25.616097820757524,C
9.484251555414929,7.186953871475389,8.776677629335158,8.56723571671022,2.8787001212411556,36.893818894176846,B
7.019668772577034,3.6046302914925556,8.432594806477427,2.5638531329145318,9.022695826245776,30.643442829707322,B
6.056378893234115,3.386396946864684,9.026711702750369,2.564676909993211,3.315135265567044,24.34929971840942,Fail
2.7576756825135695,8.301389022766536,6.803521921518914,0.07278663975058053,9.668241183367757,27.60361444991736,C
5.9083326056901075,1.4369160726173391,8.345957386283171,8.276651670524876,9.456218111148832,33.42407584626433,B
7.59520148716944,5.719826853440127,0.5459027705119657,2.1136374645364886,2.8500102008605532,18.824578776518575,Fail
8.660956336116914,6.253976298804127,7.256554636438663,4.498800454177615,5.862770992622216,32.53305871815953,B
6.5494110456732155,6.084079219394797,2.831832717810161,7.526395594523189,0.596826510368107,23.58854508776947,Fail
9.974229390535541,8.383990884866922,9.60874356021272,5.145039189033348,8.1133611953587,41.22536422000723,A
8.73361117841438,4.538378812569804,4.343515198459703,3.278768084678385,4.627660223911701,25.521933498033974,C
1.1921044284057336,3.427404135888459,5.373166952330477,6.060479492740166,8.908389140546136,24.96154414991097,Fail
6.225493962131138,7.9352126464032455,5.134021853256213,4.378334734560012,2.188298054262612,25.86136125061322,C
2.7186072672591575,8.24475046244502,1.3730254167886091,1.8741360144053365,1.0091594436889306,15.219678604587054,Fail
5.833329099885175,9.860985134801991,2.9438035887794047,0.6279999232289091,7.113605907756597,26.37972365445208,C
1.136460386967194,6.79551862285185,3.58522178802846,1.5223095675393428,0.0889840668199049,13.128494432206752,Fail
2.472060737388768,1.177639922766185,1.9947568511065672,1.5176161391317522,5.580348036403331,12.742421686796604,Fail
8.093611554785136,3.8419418492597748,4.047253114449356,2.4023872807781843,0.7009177820026657,19.086111581275116,Fail
2.5319890701281023,3.799561251474085,0.630585255762437,3.5898293802478554,0.9175360213614647,11.469500978973944,Fail
5.000582591910867,1.838457268892978,0.6644583889262812,9.12526502472266,9.95572698735315,26.58449026180594,C
6.028075322667594,2.759830336711908,7.4342289808691975,1.3915916367209713,8.833133034728666,26.44685931169834,C
6.75811635742733,5.971243771775492,2.614307838690749,2.610005690799082,4.015280272925481,21.96895393161813,Fail
1.63035336931591,9.262141053985687,8.436098291374417,5.271010191467135,1.3172070886544396,25.916809994797585,C
9.374811723991046,6.2793749329946005,7.32062097069341,4.623863184426856,0.22700365754377394,27.825674469649684,C
3.985592241441276,7.006723448461598,5.569331688070466,7.167813399925107,7.732443333486324,31.46190411138477,B
5.413744209074382,8.646777525856503,5.604115100156109,7.357133504822722,2.3865935462868784,29.408363886196597,C
7.187396178535303,8.39629387568992,0.046099359731681666,3.624419144809583,6.99423114186547,26.248439700631955,C
0.7349674733001266,1.6979263955094737,0.4306742630609717,1.3686685788379327,6.307785372626386,10.54002208333489,Fail
9.04243291407565,1.9526693519105398,8.202742939097465,9.477441380681789,0.36646223819128965,29.041748823956734,C
7.220660642037853,1.2652691404907568,6.461871840148815,1.7500732929761187,1.7908924173769336,18.488767333030477,Fail
0.38591561938133845,9.61234703892189,2.0751462525023023,7.991799322009761,6.13586414545251,26.201072378267803,C
5.125762159242116,4.443351670829699,6.172129780442768,9.269220045749938,1.521193402304284,26.531657058568804,C
6.508279504893281,3.21179258967464,0.09219594210902682,5.68106663090961,9.535075245907667,25.028409913494226,C
0.6355835028602363,4.970236477772066,7.961505080230743,4.390835760299835,6.648963055724977,24.607123876887854,Fail
4.087341710980964,2.8088327306759977,5.958348969007225,7.4145946884255345,0.6302885287127491,20.89940662780247,Fail
7.739361288236722,3.5861105228117074,8.601463118009935,6.085724508733423,9.191571928550541,35.20423136634233,B
0.43846852496629896,4.577793512656399,7.338218870696326,8.753571857284786,2.9807955491606886,24.088848314764498,Fail
6.790666044956374,5.333268427529364,4.244963745271675,3.7014993054727032,2.929304755572203,22.999702278802317,Fail
5.992992870063887,7.485589856706767,2.178165192852075,2.966786573346978,9.984112612357812,28.60764710532752,C
2.52314736135153,6.149100858019407,1.004560231135082,2.698469579688534,2.13928794345277,14.514565973647324,Fail
2.2531692995123507,5.5721904493004395,3.841765552044174,3.9048736196809495,3.223232609872028,18.795231530409943,Fail
4.269053206363036,7.1840627769836,2.605024514540651,2.632528417842155,6.847924853079367,23.53859376880881,Fail
4.830662451933026,0.37949730239870805,8.845314396280024,6.759464706423063,2.3844256172009537,23.199364474235775,Fail
2.7024769213078326,8.768585830261717,2.845807390476489,6.468574698844601,0.6147482703996987,21.40019311129034,Fail
2.314752137652981,9.632026409714166,5.070267874446399,3.77101079484485,0.6542670398580264,21.44232425651642,Fail
0.5113538144210072,1.9462964720322462,9.000968114631178,5.980649334297752,8.199668444123809,25.63893617950599,C
3.9295076499135306,8.287580737433393,3.8525413593277524,7.659298421692087,1.4627980855867384,25.1917262539535,C
9.326481005424785,0.8478062372975437,7.250931110695649,2.0307804819947917,9.04009213127177,28.49609096668454,C
1.9202336913634455,1.5859800583804229,5.269193673044325,4.402837136399823,2.698517403456846,15.876761962644862,Fail
2.8485267661061364,3.396763385456688,1.0992497329916862,3.5392408984262658,6.108746351964212,16.99252713494499,Fail
1.8987532909591998,4.572997979968979,0.4084044294998834,4.775853915400993,2.93449970283137,14.590509318660427,Fail
8.055808264412336,0.6380474409793502,4.2727190650335265,7.878642501977611,6.9314547559554,27.776672028358227,C
5.598931015359494,5.70570709130388,9.592379046834012,3.601034468105172,8.037643447438484,32.53569506904104,B
2.989261500983332,1.6566316747641274,3.8214596688876834,6.796723701008637,7.651249811595051,22.91532635723883,Fail
5.87369868575577,0.7610105583336235,0.05675112852708719,4.228048821410199,4.90654902452921,15.82605821855589,Fail
9.720534746234883,1.3645111827045853,0.13459952931471286,8.932691154176982,1.2803935071759132,21.432730119607076,Fail
0.7171188884765101,5.280584218921246,0.46760013811166234,7.421113599114321,5.848991127746501,19.73540797237024,Fail
8.343247957493986,0.0648952138699721,5.251589587779172,4.073603536836341,8.135824330179348,25.869160626158816,C
0.823810456158427,4.322270754910422,6.8258167214241485,4.09824777784705,0.022404730736960143,16.092550441077005,Fail
6.05759489358972,3.978155951222587,0.7275152527663176,9.185304517857848,5.1990352829400415,25.147605898376515,C
4.179840855069136,4.895395420941543,6.278142966875447,2.514991370562387,0.4661576484567487,18.334528261905263,Fail
3.0336428221417044,6.333385818425894,8.226335553161645,1.001378690429685,1.4387941586379627,20.03353704279689,Fail
4.213570022770702,0.33403006577434446,5.985130794667752,9.447662659001471,2.941663235080507,22.922056777294777,Fail
5.768573811327002,7.09123840815229,6.647969910304584,9.795112370928859,3.258404669979754,32.56129917069249,B
0.7675806188873802,5.545806715356244,7.584101904270625,6.26589051672234,2.2209620792935345,22.384341834530126,Fail
6.338894618324419,2.8462991193931906,6.6430160025992855,1.6827256345912833,9.206561352104348,26.717496727012527,C
2.8045506476005535,0.6225058994145427,5.678982289501747,4.351087326908967,8.422861677619633,21.87998784104544,Fail
4.5836347942630615,8.480946638011215,3.9685926616982172,1.0765983535766332,5.1795197810754825,23.28929222862461,Fail
5.032204148586344,5.726705831911209,9.520242771695731,0.340963569516618,2.6468184220668323,23.266934743776734,Fail
5.115361942347918,8.800767088838445,5.033212592453877,4.739362034994854,9.961309760734187,33.65001341936928,B
8.008180998597503,5.118277606625545,1.2456754775461554,4.6744249908265125,1.1068281203548591,20.153387193950575,Fail
6.2092856747843115,6.281826045103552,1.261099813368064,5.669724439667916,3.657925185002621,23.079861157926466,Fail
6.740199190587926,1.6093701120241843,4.2912331778188815,3.167270437063252,7.19753227589857,23.005605193392814,Fail
1.738952492194873,1.0407595641824696,1.3509455659530978,9.285721953957477,2.8840638324940118,16.30044340878193,Fail
2.393698363420463,8.713573412322077,6.7785118430683475,2.266467737565204,8.315503542546566,28.467754898922657,C
5.07610378684455,9.55098556165686,8.45112413071161,1.587421289773886,6.3857682011569485,31.051402970143855,B
7.567049101114696,8.772033440940048,9.106957964263788,2.542035445899061,7.1836410266176545,35.17171697883525,B
3.5698242946866388,8.890421176901611,6.6752796926314995,1.169323822606776,3.122854685267412,23.42770367209394,Fail
2.519982216440717,6.26947855241755,4.200347066632821,1.374474895987885,6.1013654903095285,20.465648221788502,Fail
0.030208713561612477,3.9685147034186397,0.6495243408219176,1.9381411445852825,7.194731210687536,13.781120113074987,Fail
1.8445905105988336,7.7963435613347905,5.797650089005092,8.774952783854053,2.2791071722661496,26.492644117058923,C
9.579341210567705,5.457030160329484,5.373791879137075,1.5173317310020895,7.04912368434663,28.976618665382983,C
1.2038757878908901,5.914499314430248,8.172264190930921,4.486123138520718,7.090986799965383,26.86774923173816,C
4.864423871418745,9.882471556902454,2.098776716687892,0.5334703392498474,2.656931614063046,20.036074098321983,Fail
9.820773786356309,8.890360441332016,2.9144808343195305,8.275324879395754,8.650797111735102,38.55173705313871,B
0.8464875358462898,6.431614511633416,2.126764294948763,1.130253020535622,9.242393004337288,19.77751236730138,Fail
6.404832931422122,8.839183964342784,4.337734016604722,0.6391397575305591,6.531103382522919,26.751994052423104,C
0.366832028905979,2.083269468600397,9.49153053348051,8.735342010653152,8.566717755091197,29.243691796731234,C
9.664173858664073,7.817222659879597,4.199554241477856,7.859409178637,9.525081557696254,39.06544149635478,B
8.939730574625047,7.34447277798688,8.511939701767673,3.3756613621897245,5.5133218595085145,33.68512627607784,B
2.7967385654644317,6.092974392914144,4.868485751034734,2.3001227210660122,0.40678112444547665,16.4651025549248,Fail
2.09059373706846,5.989900906310265,0.3419648557083299,1.0928141871350416,7.837940933437314,17.35321461965941,Fail
7.204337022257779,7.130392752586317,5.929594554972878,7.593985524347406,3.238545534575797,31.096855388740174,B
3.698132559871766,2.8509949938299406,5.167606342967996,4.7719955046838844,1.3540941565389453,17.842823557892533,Fail
8.112305584013578,0.2891182326655728,7.587198022716453,1.6688923897905228,7.335024984885612,24.992539214071734,Fail
0.5560552168046062,6.5380465938433066,2.238423885633983,6.746344439551894,6.511178781027978,22.590048916861768,Fail
2.792760884544104,0.37997837304742155,3.4073935571101286,8.714789419851126,0.49856431283240243,15.793486547385182,Fail
8.449503772726041,3.2086504502396975,1.756556934911625,6.677771313223193,1.770907638436947,21.863390109537505,Fail
6.3328348233299545,1.4548264959926016,0.24077668326494828,5.011165490312455,1.3076398861099192,14.34724337900988,Fail
8.044946424318223,8.875889907188583,5.554934964649921,5.847880229508412,8.123227798420455,36.44687932408559,B
8.245170697999292,7.469746046867705,2.081338974188094,5.890709285530575,3.129209798386172,26.816174802971837,C
1.9692570445342839,9.840181501963606,9.544960284547797,3.0011079762523285,7.5949949687757545,31.950501776073768,B
6.638244748527251,2.967062891698996,7.474425253205591,9.040623875331745,6.481003370283095,32.60136013904668,B
9.684191305004079,9.830164307061484,1.7025488272214617,4.822434118708304,5.627336390129929,31.666674948125262,B
0.8091928305125218,3.0956935223823145,0.8139205801795824,3.8327084018288717,8.40234067365291,16.9538560085562,Fail
6.024494419665878,4.274151201877094,7.835926574173304,2.8963872999190676,4.462543789331969,25.49350328496731,C
4.096728692925192,3.4869789536163665,1.8287424811797115,6.7683629755502785,3.760078411299246,19.940891514570794,Fail
7.806317174255572,5.580489756294876,1.3144601664821243,5.1459175937573765,0.299294650652252,20.146479341442202,Fail
3.405759374211187,4.44802991036633,6.86846537371726,3.89030491584902,1.4443784108724256,20.05693798501622,Fail
2.8254086366244358,0.202702056730526,3.6072898449608615,9.682366859696408,8.210510229384735,24.528277627396964,Fail
7.955783762575864,7.675066953953641,2.1064154235479435,3.1947554589723515,4.896190441309411,25.82821204035921,C
0.7514295317758657,6.937260614624422,5.19375105210803,1.9708564648503235,6.2298350513696965,21.083132714728336,Fail
9.56047143611933,6.5490530211783105,8.824212084869503,0.6367133306578854,8.711954020224855,34.28240389304989,B
9.277914793753155,8.818909649480867,1.5180545503977105,7.588310690354364,8.004797640295019,35.20798732428111,B
7.29173487549448,8.40888976711485,5.437773088398854,8.893560065283344,6.674130651162549,36.70608844745408,B
7.15125019816888,3.3222776406628385,2.5937253352419596,7.464408330220916,3.196413807375645,23.72807531167024,Fail
9.956451766743493,1.8048300806813267,0.6837087931058983,3.2290198978667073,3.4401865015388946,19.11419703993632,Fail
2.8152119841492995,6.82479066236862,7.399087115888829,6.947241276365813,7.703874926345308,31.690205965117865,B
7.360354004260655,7.735191902421032,0.23194140426842758,9.91334634224846,8.734326730868755,33.97516038406732,B
8.727538395661279,1.0157454423538137,7.265034594069625,9.267908456554052,5.422416062535823,31.69864295117459,B
8.03002071957837,4.933002162389592,8.176993118476059,8.766077354618588,5.307676098409236,35.21376945347185,B
3.445965957269718,6.3835430488547775,8.085398166969732,5.213745754024134,0.4447050897189442,23.573358016837307,Fail
8.597946748116456,7.667116744207175,4.376940382247118,0.8125841458183791,0.3566050385197228,21.811193058908852,Fail
4.9398718014349114,4.674105002574649,0.17953470999239052,0.21976692873475812,6.981080539383803,16.994358982120513,Fail
1.7512314013035324,0.33559181647251135,8.107614681476385,2.553495585343067,4.609742311550441,17.357675796145937,Fail
7.620327210390511,0.15499916690321025,6.987399073299491,6.999321856531138,2.1572989925019614,23.91934629962631,Fail
8.816353491754107,8.059293661594655,2.682003620882192,4.146789478433988,6.229898221062107,29.93433847372705,C
8.77470046654482,5.220735711373331,0.759886518955416,2.6945976854857867,0.1981069682761616,17.648027350635513,Fail
3.2518332202674705,6.123112888403968,5.248902827551506,1.2507369392943568,4.005737507767721,19.880323383285024,Fail
8.501327346850369,5.115151360832249,2.990887172438467,8.692811183651747,5.4938745009791665,30.794051564751996,B
9.078987937796194,0.5804633701850381,8.049885589761221,4.662742405342238,4.327310361353249,26.699389664437938,C
0.4961437333883745,0.2596101835392095,7.820981470876015,5.609220647701569,1.019955522201379,15.205911557706546,Fail
1.6067958471184518,2.849086230417651,2.316809654233646,3.2369635154978083,0.15535062983948023,10.165005877107037,Fail
5.140308194758695,6.068597036029475,8.986357546727756,4.057095288823525,5.391299289508364,29.643657355847814,C
4.741579458790797,2.5757878249799937,9.284207109439263,5.115877622667807,2.979287980812156,24.696739996690017,Fail
6.434289495173307,0.5097403579166138,1.3895826438351822,7.6819724822303765,1.0655932143106905,17.08117819346617,Fail
5.750605734588147,7.33863983993982,4.094684483426194,1.3066903242483585,2.0029542295336986,20.493574611736218,Fail
6.637896861755891,0.7081470138576451,2.717937526236749,0.003996925893249292,0.8775922051931062,10.94557053293664,Fail
4.134657667101601,1.8366153878188574,2.434124320801364,0.6910087778539409,5.099655470658696,14.19606162423446,Fail
2.7875987241455302,5.9166882059350385,0.7298271473095086,8.626819126981447,2.8880403622030193,20.94897356657454,Fail
4.412743367500687,0.46777150190113304,6.655621562121212,3.5165605584517956,0.4613625878503691,15.514059577825195,Fail
5.011197008253482,9.531825969108853,2.925705925387012,0.4488030508974561,3.52599275113029,21.443524704777094,Fail
1.7925325573928075,1.8976355814601087,5.861071179372228,6.849947226475862,0.701896405775605,17.10308295047661,Fail
1.5041689110352818,7.0593661771162,4.967761755877278,0.01962018310955327,7.319445357122386,20.8703623842607,Fail
6.113416562477262,8.61657155497048,9.851896896773885,1.4785492605950734,7.293018956565996,33.353453231382694,B
1.6406358826533518,1.77116568678373,8.708052527096603,1.7760920430537552,1.630232795012032,15.526178934599473,Fail
8.75883083517057,1.069256024472448,2.403739540314662,4.760054797324638,1.80680688139084,18.79868807867316,Fail
0.15456616528867428,2.6670343063721424,6.055786770307615,9.432671888373228,8.758268474572294,27.068327604913954,C
0.7862671098975804,0.39132254483859374,2.209817233331808,1.3151854501922489,5.25005172062436,9.95264405888459,Fail
5.128747423052678,5.336024015254278,3.844330974291502,0.13309797230643627,5.9262473538612515,20.368447738766143,Fail
8.909953746442648,7.243627065632184,3.6432275719759977,2.827871624713978,3.5460250032764087,26.170705012041218,C
6.195262000363034,7.969115657426298,8.923771145932998,9.351089863388404,6.989050777683342,39.428289444794075,B
0.9352012359790951,3.1494030568124955,0.22905866597183855,8.886915661600664,3.1649774744443313,16.365556094808426,Fail
7.722675568375058,3.141674127919636,9.176214699566588,6.934534536943787,3.442799919530848,30.417898852335917,B
4.241850557459762,2.4382385260040484,5.725909140644579,4.650644339129785,3.009363017523957,20.066005580762134,Fail
1.7081370630621073,4.507179855321474,1.9204976639603766,6.108439090242738,5.538044123635338,19.782297796222032,Fail
8.533957335369417,1.8064373322469496,0.32190149849968264,5.403648725739268,7.350363166241917,23.416308058097233,Fail
4.639854174403808,1.861321543680995,8.108609695187914,0.9017382358204584,6.4394623870064756,21.95098603609965,Fail
2.469787990719998,0.8003256976593665,0.06516315691875274,0.07960567965591414,8.964132367792892,12.379014892746923,Fail
1.7854466205433361,6.94541974037274,0.4024042161061925,5.437456448134136,2.205656605586258,16.776383630742664,Fail
9.461154621336327,3.686206524982887,5.109769156255563,1.319053932554447,1.7440379964594832,21.320222231588705,Fail
3.8310143359058446,8.35588608892925,5.105189477299,5.094514539197757,1.2330072711791507,23.619611712511002,Fail
1.0466044034648114,4.017452054249785,0.5012643232081615,1.9200797041008821,1.2301658598338017,8.715566344857441,Fail
0.26511310541621813,7.861826691982131,4.603808754259775,4.0481315912921625,9.426559327703732,26.205439470654017,C
0.0024087451786647396,7.06560814322998,3.5011807946112494,5.148144294278952,6.8257095497021965,22.54305152700104,Fail
2.387517710860241,2.3792416224498347,6.824495863507913,7.191893476094226,7.919828322249004,26.702976995161215,C
2.072825225497356,2.4032276849186687,0.8844614693908781,9.59445158179006,2.943051509110987,17.89801747070795,Fail
1.2613765801615207,6.8269850477583685,5.995098294218943,2.1314498820534755,8.443956128393923,24.65886593258623,Fail
0.4916082915504816,4.173414732663257,7.201111188748665,7.346725691462678,9.70329576279778,28.91615566722286,C
1.0493017841817487,3.0003048059549666,0.2608328668472182,9.99697209659069,8.472021799769852,22.779433353344476,Fail
0.9917809958721591,6.746739920231618,9.515421467554985,1.689028740064522,2.8467329150464096,21.789704038769692,Fail
3.15653626982324,7.243569348298356,4.9958665312189225,0.9923432399148102,4.763432422847194,21.15174781210252,Fail
3.8646256432793527,9.965220719246723,5.009801634329029,9.207416892788666,0.20635424916799483,28.253419138811765,C
7.416030197372087,8.094440438786346,5.722105936046747,8.480093068031561,1.8080042366735594,31.5206738769103,B
4.1860727491833,5.561155414872131,9.13916578896033,5.658572551096086,9.867331847340875,34.41229835145272,B
8.196770027804591,3.344461868783247,3.922202286020279,5.939011536611077,3.8339464436487214,25.236392162867915,C
1.8641980485397458,6.083090281035596,6.064264908049407,2.5469238224706925,8.399148866460157,24.9576259265556,Fail
8.059925497751582,5.0921158524604255,7.08276825657236,3.2785468162150053,5.588712935603243,29.102069358602616,C
8.224223736682784,3.1294561734835846,4.580688623688061,6.996556568999477,4.314288990430927,27.245214093284833,C
3.28179482797612,3.9715249994292035,7.668036652069574,6.792686250450148,0.8076643251753945,22.521707055100443,Fail
2.4535231416621106,8.274457359796132,4.98557640281776,3.857147876028778,0.73373956834068,20.30444434864546,Fail
9.56835667543063,0.09561712850478243,0.9962178094965946,8.367704302759325,0.0031101252880083585,19.03100604147934,Fail
3.725332737595508,5.410302890628115,9.880544606955093,9.22391103890533,1.3022107253992132,29.542301999483257,C
2.7738118298113266,2.3547141701087715,0.6850296310213089,4.400835628923801,1.2978076729942423,11.512198932859452,Fail
7.374260857706773,7.089541234284219,4.76770520606426,0.22374845771578444,1.4243445395876841,20.87960029535872,Fail
8.935099713933178,2.2941867651571335,4.1895289526586055,2.708290279486767,6.8165745292617155,24.9436802404974,Fail
0.9148683739775487,9.282167956475945,4.229066318539193,3.1078690457365843,1.9883118643060649,19.522283559035337,Fail
8.403481775885082,0.9607597563835613,9.037124316303917,0.05521478401990798,2.2739836482992892,20.73056428089176,Fail
9.477328040063053,3.12183216821511,2.5667282652566015,3.2712623197136406,5.484932386621831,23.92208317987024,Fail
5.1226056387626056,7.852946667226732,2.5342796199139683,4.443289502357971,6.1941703470312675,26.147291775292544,C
1.974862816520323,5.4577748540561055,6.168365907684797,4.2424886672813376,5.754889466482039,23.598381712024604,Fail
1.2637014194700513,7.457821580012718,8.376738186088083,4.189762513198266,8.524400957052837,29.812424655821953,C
5.450834128598902,9.736076488006987,3.1860443134649277,1.7763899337730826,0.08873289987423316,20.238077763718135,Fail
5.114364063015873,4.820811582322733,9.352688410954316,9.852507246957497,3.9652540125509073,33.105625315801326,B
0.30970603422510123,7.967728605698454,1.8322586690535436,6.160177918813622,5.9404731996892215,22.210344427479946,Fail
1.544922040049258,6.128547739633639,6.701067957222666,5.478976016990269,4.574279798355568,24.4277935522514,Fail
8.27518922106303,8.067147680447276,4.216937137181818,0.11962149701723934,0.6887468520822926,21.367642387791655,Fail
1.6650354704951509,5.866430124456344,0.484229464267778,1.8754229000500444,9.22424540611759,19.115363365386905,Fail
4.207365625686168,5.435402377305709,9.719900985807262,1.7657897248946397,1.4958450339101281,22.624303747603907,Fail
9.807611743888515,7.196895960453546,9.112353632581481,2.0409167874066094,7.742707799871847,35.900485924201995,B
7.931428739967394,2.503730507069777,1.3102850581229897,6.363262260197279,4.7788849147833385,22.887591480140777,Fail
1.3605623443164294,2.527078597091249,9.974027069430342,4.817127538777543,1.4103811811415923,20.089176730757156,Fail
0.5276525785960262,1.2325561995088175,2.2144744191015575,4.157220716082292,4.517087176199929,12.648991089488621,Fail
4.3239636018509,3.690297563825978,1.8246567479193154,1.249568546467834,7.467155742042458,18.555642202106483,Fail
0.747459036363155,7.379480082833204,2.111241942157452,9.539362487254937,4.58038296159045,24.3579265101992,Fail
6.553831994634533,2.792874957941657,8.074419885945437,6.789939148076991,6.88802422343942,31.09909021003804,B
0.25811906949486985,4.642664202859397,5.172964958900732,3.3445481521505815,2.940011982104221,16.358308365509803,Fail
7.589768318540306,7.889771878522938,4.238747434344646,3.5442778302086264,8.892427118867257,32.15499258048378,B
7.898646210355388,3.2000488576134813,4.776503773982941,2.9582173932597544,2.1054559333155676,20.938872168527134,Fail
2.812845635530341,8.77598373161419,1.7118572340371774,2.4499421350077255,0.6336739645751432,16.38430270076458,Fail
1.6577454016327575,6.5036556049544565,4.684299404952506,6.47197172294114,7.582278275515905,26.899950409996762,C
6.881347060865421,1.274207833593991,9.83928201701618,0.9532584800405575,9.30706409664446,28.255159488160608,C
2.401515960220142,0.00252454490562104,1.9235247273235623,2.557011301282203,9.460062242626169,16.344638776357698,Fail
0.08363681876857099,6.363443153180893,1.4028230859967694,6.605662867602944,4.601654699929478,19.057220625478656,Fail
1.8712427041050173,9.562261970761538,5.967039731879612,9.009024889891045,0.5317210774952519,26.941290374132464,C
4.70762392387603,2.9290567548335957,4.977967970337582,1.3736810042300285,0.9459857039728581,14.934315357250096,Fail
4.819001671099774,4.353976302115996,5.2442531174202545,5.107313315441536,9.429269203505722,28.953813609583282,C
1.2839428945412523,3.3615966498509886,6.092383555719223,7.170174013647661,4.57170499290184,22.479802106660966,Fail
1.010458110106467,5.721468777864002,7.68481229287306,7.426398331459307,0.5757548901508402,22.418892402453675,Fail
2.3724908749680007,7.8406177982847876,3.6639266671480533,0.39189393037135645,4.087958183425956,18.35688745419815,Fail
9.507447132126718,1.9758094435047702,3.3907634180391275,1.1002962414545414,1.8658516530271174,17.840167888152273,Fail
2.518147020091317,1.4473293333807224,5.109172633186193,8.494700601523622,7.939929490436125,25.50927907861798,C
4.55656752785713,2.464779095767362,9.728713248219055,1.625905557812457,2.3581379175280115,20.734103347184018,Fail
2.6855714062064107,6.2636554197625784,8.52028139827274,6.103019741788572,6.184077668020328,29.75660563405063,C
9.213075122129755,0.9372486605971642,9.285417634273816,1.9956809753028015,5.152966945173656,26.58438933747719,C
5.709070537521448,1.8640541406811106,6.017871644071158,3.8469407304656844,0.6885406449344877,18.126477697673888,Fail
3.6340393199942698,5.108523649637979,7.268820563185974,8.032892973145042,7.7529768762122,31.797253382175462,B
9.906791570657658,9.350766159804687,4.9679125842969585,8.648304307032253,8.642667271708186,41.51644189349974,A
6.785473414181606,5.418809537726811,2.940298705546427,2.906744944732372,6.648445460983803,24.699772063171018,Fail
0.33426533093221633,1.4052372418008585,6.4658795052882585,8.463680534575731,9.492268834271147,26.161331446868214,C
7.076205857405354,7.244604232514118,7.018993438689735,6.62806656559933,2.1144326925067447,30.082302786715285,B
7.851759613930136,1.5214788691951653,3.854241780866443,4.755587381251365,5.15392971393247,23.13699735917558,Fail
9.753431334790704,7.475746360541104,4.989128732895759,4.326134972172978,9.948947965009928,36.49338936541047,B
4.540016211961149,9.792381683199844,5.265265331751754,7.823484442285039,3.9413800410771085,31.362527710274897,B
2.532723835227151,1.6789269180501332,5.110902011564185,4.0204081891378145,3.9372558523589953,17.280216806338277,Fail
1.8065754131130318,0.8851905256306758,6.3835358415262755,4.256774809905713,9.66191092200879,22.993987512184486,Fail
2.8949786511971967,6.996947009573651,2.197017802646121,1.620686812970299,4.160277229634279,17.869907506021548,Fail
8.191888594267901,8.122395386087472,5.688607973611775,0.9543995962533425,6.6131094279857585,29.57040097820625,C
9.59916689642091,3.259979185356027,2.1213057586633797,1.3937818619153886,0.8148005689799998,17.189034271335707,Fail
1.7999961661068686,6.240284371728137,4.805591247944314,0.14649348595588974,4.649331292643282,17.641696564378492,Fail
1.8177886721736192,3.092561104732855,8.5186417451415,2.62492918504822,3.103256210720801,19.157176917816994,Fail
9.988926120332906,3.6540613090155682,5.317089965810524,3.4699967968862566,9.239959806278438,31.670033998323692,B
1.8078515056237954,4.521390551224474,9.655469178939454,2.84851736164058,6.682738804369527,25.51596740179783,C
5.968428489168892,5.69335201776094,2.5891761793138235,6.919038621001561,8.552390575229689,29.72238588247491,C
4.16504431903879,2.3357908312186626,0.7930247475338636,9.89682494930088,6.407439600539822,23.598124447632017,Fail
1.9747048985993731,8.140682873866806,6.67808571905532,6.859813592932423,7.7987015790357495,31.451988663489672,B
5.983060756960188,5.390890052067938,4.711343184714222,3.2495682784946087,8.655405825997457,27.99026809823441,C
7.101732665901607,5.926780659137455,8.652622291318057,3.500758048335615,9.64868807633642,34.83058174102915,B
7.199595393694795,6.698908678584068,6.3468561436720226,9.429349740741657,6.278490177342105,35.95320013403465,B
6.393864214540979,7.531877038481741,0.8738006251949093,4.5434671736919094,9.693580578479136,29.036589630388676,C
4.229435437415577,0.7090792233184173,1.965433955358904,8.588084545127332,9.293068592750007,24.78510175397024,Fail
0.26366974497252005,4.941257411412706,4.099279333510725,3.4699113425203807,7.566186181878059,20.34030401429439,Fail
5.047394753803517,8.998480060071014,0.8700658705606035,3.790279739767074,0.8052543134143653,19.511474737616574,Fail
6.444231696298166,9.57604371116171,3.8286279669494294,5.415233815949703,5.325292987476487,30.589430177835496,B
8.837858849634257,7.666226651744862,4.186036173839682,4.772084919532585,3.1153252854534506,28.577531880204837,C
8.433261677878832,5.395065739842955,1.8780777755756906,9.163513936926792,3.3940414018223084,28.263960532046575,C
7.147023163822577,8.620508569761277,3.3217328778848563,5.385542506564208,8.617399025326662,33.09220614335958,B
4.238081851735743,2.3515557000841705,2.4032095529260533,2.168939412390578,6.4450707845117305,17.606857301648276,Fail
7.632851902031591,1.0786433844424248,4.446262636120776,5.302186928672416,7.28561222249406,25.74555707376127,C
4.863721008251476,2.080872148501103,6.947891023676675,8.766268316137536,5.761390949505701,28.420143446072494,C
3.3440117898874866,9.156913500516376,4.284730981565819,7.507792421587989,4.237250401184555,28.530699094742225,C
3.390297910487007,2.2690076724380823,3.7188050458859125,6.462727180159138,9.958879068640611,25.79971687761075,C
4.580286165838686,0.5259147124067853,1.2125271213239064,7.412617996994535,2.5625115917059507,16.293857588269866,Fail
3.2749735217791462,9.45117507342546,1.1909433018675497,6.085137338409772,8.473008641294212,28.47523787677614,C
6.12158658943229,7.508777765144899,4.646403105003406,9.281761961722093,4.9833208239921865,32.541850245294874,B
0.7569972730978747,9.568884426329662,5.805315044577366,8.717578985684373,4.270998317335292,29.119774047024567,C
7.387231507265664,3.3090858307802606,5.368090852774561,1.1800589504250591,9.516443481944645,26.760910623190192,C
5.17131892010638,0.8220158948193368,6.437389945999205,3.4459281023316732,0.34487586431967143,16.221528727576267,Fail
3.714672626243768,7.807179957065223,9.143635202447616,4.165213928878437,3.7883638091744976,28.619065523809542,C
3.0557645932782576,9.344556867627814,7.378783528059887,9.32262936542037,8.495341532464174,37.597075886850504,B
5.806452259096341,1.4833918071971308,5.462980698788807,6.422083168448445,8.10170166536629,27.276609598897018,C
4.711103549977539,0.895156997948855,1.582595598103197,5.591488284902999,5.596385020420063,18.376729451352652,Fail
8.583416767991208,5.813392169322986,2.7858517284706563,2.2280576796266747,5.506360133473953,24.91707847888548,Fail
1.5378370551321618,7.608075414310771,6.463930515080781,9.795197607408515,4.9473540740217015,30.35239466595393,B
0.39291945150692453,4.986244632662835,9.197464335671063,7.474114683271265,6.430968210213585,28.481711313325672,C
4.4279813654373745,3.143148787246922,3.029909306643547,1.2827739414696326,2.1956439187475194,14.079457319544995,Fail
7.325720972102503,2.46617422690674,2.5131896862631544,4.4903496626419015,5.367817086642457,22.163251634556755,Fail
6.456025770584116,2.196746779947074,0.4187469897321472,5.558362666927152,4.562515290266508,19.192397497456998,Fail
7.308674752036443,2.423257302463214,4.675703616132969,7.614807377203095,3.8592303655556224,25.881673413391344,C
8.12928405393937,2.300726211037034,5.336486181176871,9.302237343916019,8.909655045397617,33.978388835466916,B
0.3247077169174828,4.396423205248466,1.925976832614592,5.164738681007048,1.0512372238435541,12.863083659631142,Fail
8.22888068293502,9.383297785765185,1.4703094052048282,5.872303282634098,4.88647630449274,29.841267461031876,C
1.4643625660281612,5.96738862779908,6.068078346024334,8.230465748288562,5.435667742951704,27.16596303109184,C
9.601356044054473,0.5282464448413671,6.852107463384691,3.7128561240847846,0.3609001892673869,21.055466265632703,Fail
2.3238432305604784,7.247893011954353,0.383490509254073,2.799153605365452,7.159227349221242,19.9136077063556,Fail
8.243504472493495,3.4809554750787406,5.343879642857669,1.5364311936713593,9.62798999051064,28.232760774611904,C
2.0930607583420855,6.317361768234109,9.213405598049215,0.591001376769672,7.265282990036969,25.480112491432052,C
0.6505159298527952,8.778326035758145,7.242282373068361,9.713526750860549,0.8779062571884255,27.262557346728272,C
3.3774799673484726,7.273535170759596,0.2690415384963385,5.646789414600971,4.133647474286674,20.700493565492053,Fail
4.107004005865431,5.353975274254768,3.687868398948434,4.520537425759178,4.620521883275325,22.289906988103134,Fail
3.6440986599540324,3.5882860691438356,3.771075883381082,2.0179279560788044,2.0562692686019,15.077657837159654,Fail
2.530263409202532,4.736911322907005,7.322045446193497,1.0952514490167298,7.426079690047855,23.110551317367616,Fail
2.4575031218588785,5.810162362482695,0.9745594724472584,2.8414261772952596,3.1933300554954815,15.276981189579573,Fail
1.0671181910235428,4.157889015772531,6.356401098079596,2.5916535236932603,8.36002708279732,22.53308891136625,Fail
1.3516628915482276,9.271748377359888,8.960566874979847,8.841379632883147,7.697837455704024,36.12319523247513,B
5.695397795671036,7.915739089300279,4.140619402133414,1.197731584998557,9.336501118115589,28.285988990218875,C
0.9653447019544081,1.9583924189423374,0.5462628876648457,0.1446853607314469,2.207181076397886,5.821866445690924,Fail
9.287634212054924,0.6487363783510725,7.558381253766747,3.7703917457627067,8.053005086593718,29.318148676529166,C
2.625502300200002,0.03362378322936621,8.227324089914696,6.606563360492455,8.657311868828067,26.150325402664585,C
4.928195845328246,7.905921286504128,2.391864489385803,0.43243024979265354,8.299352033787553,23.957763904798384,Fail
4.1317251720771955,7.987491489520008,1.3499556933063517,0.2317608369701174,0.37637089751928143,14.077304089392955,Fail
4.652775312759233,2.577976621641259,2.5646279180623477,6.597239388241021,6.924811342298776,23.31743058300264,Fail
0.22569696573442655,3.718493027039589,5.133779832839814,5.971322315085748,7.1003681837926305,22.14966032449221,Fail
3.892663968090483,0.33821641719199214,5.194870317406245,2.790370750812956,9.854621200476677,22.070742653978353,Fail
8.07702369044057,3.1076169537242135,1.2496861815183347,5.810944411887535,1.4746565797094402,19.719927817280094,Fail
7.317052727231515,4.38737207510412,3.1381619459896815,4.589250130775121,9.316743982341787,28.748580861442225,C
4.299576197798217,1.83947417847384,3.092933780174436,3.6615200723586696,9.583399183888941,22.476903412694107,Fail
7.9383591214861635,7.100227315001845,6.156498982898608,5.665942702381937,5.856318000289242,32.71734612205779,B
3.542713272172157,7.160919178315135,0.4206584721517004,7.488957995367867,4.072778240783146,22.686027158790004,Fail
9.86349922944162,2.6598253937994185,1.7935968955032966,9.754287616656391,9.854224909589451,33.92543404499018,B
2.659284506321188,1.431975038802421,8.901406412016211,6.771380805787961,9.363181563200847,29.12722832612863,C
8.442123252861432,5.157361883740449,3.1099470201195367,8.314755664936886,1.4131071299836229,26.437294951641928,C
5.062660594952027,6.014711008812074,9.971136340127392,5.490421808222619,6.366165888475628,32.90509564058974,B
7.73995087294009,6.817831212123454,5.814061568565664,6.874888619943076,6.797023229000433,34.043755502572715,B
1.6761921628831766,4.5256450343558265,7.305914330966171,0.12020590177249879,7.05780291652024,20.685760346497915,Fail
3.769444294249076,1.9517461504000622,2.131228001055584,6.008748920952613,0.81839653344566,14.679563900102995,Fail
6.482334688078461,9.488816248994638,9.87729555306441,5.099208946848939,6.76763091917965,37.7152863561661,B
5.215995129911216,9.335623116027332,1.265221715036069,2.49890508904558,3.144029376872882,21.45977442689308,Fail
4.962951255006397,6.558343876174053,7.077919273761769,8.418261681905443,5.921207196064159,32.938683282911825,B
7.869757993812009,9.326170171703337,0.9605226358380392,5.098833141090063,2.407238353687605,25.66252229613105,C
1.1635848516449587,5.8341543526012405,1.389332294404545,9.848146628076183,0.22715624647781985,18.462374373204746,Fail
2.2149354885964003,3.0386146398872205,4.33256563689223,9.444476320383256,6.331721822695304,25.36231390845441,C
8.80156737921485,6.032915106120173,5.146127912377616,3.169556149585583,8.821056905590439,31.97122345288866,B
0.8476615442633317,2.3902563680366917,8.364763806164097,2.4691548684263553,4.203935629957981,18.27577221684846,Fail
9.303511771330678,3.4254216565935094,7.3846340808164,6.469826186837487,2.9256288985929024,29.509022594170975,C
4.103968269896615,0.13981712971364746,8.479505747274157,2.463851278925965,6.595112723444973,21.78225514925536,Fail
0.6699109439584761,7.530576099149094,5.603762658820751,0.04956591859212267,7.081158446400949,20.93497406692139,Fail
0.6489927953840946,3.6122273523428627,4.308196881586439,6.646950660295098,6.1211623415991525,21.337530031207645,Fail
0.32659060784495875,5.121038554637992,0.7983893135040021,0.33939829723420245,7.253341472740898,13.838758245962053,Fail
9.678600348450304,5.155469940751422,5.6880034888375794,1.8319759521953871,8.661171533224405,31.015221263459097,B
3.6332447556901,2.396521330160949,4.28828009706886,6.054286592160663,7.257655356285703,23.629988131366275,Fail
7.296996274467209,1.5957723278671354,8.64236169931181,2.7467392750484745,1.2557526460536994,21.537622222748332,Fail
4.42937121734436,3.369831224412506,8.004000212838287,8.276633424845311,1.8407265951386542,25.92056267457912,C
8.49098019958676,6.9749903603709456,6.163955247768592,1.5805430190304437,1.9968239459195536,25.207292772676297,C
2.6380607494635755,6.8472253722133205,1.2581746791483706,9.078978199700572,9.047845261955823,28.87028426248166,C
9.150900684070432,4.068641075392998,0.33844370833002846,5.76999925669336,7.165244098835898,26.493228823322717,C
3.667520764259401,7.344924006110509,6.349870898624407,3.128790211458272,2.1236573227498736,22.614763203202465,Fail
8.059254001176212,9.054894774913256,5.542147153188828,0.22714111249668156,6.2667005367141835,29.15013757848916,C
5.3302886724614,2.6197556427851754,8.105931608770096,6.457027303012182,8.498130653571618,31.01113388060047,B
2.3374079203674425,8.733694396494187,2.4955239221512002,9.53525262934058,5.903432379299968,29.005311247653378,C
7.026295764379158,8.896013951243946,4.527554512749155,2.5335997268353405,3.3164320056531613,26.299895960860763,C
0.43412532854819164,5.482037727921516,5.43815506842666,8.646027004236931,8.908325164671426,28.908670293804725,C
1.1567522364811655,5.969513962618159,2.255802472456261,9.63892522707597,7.935596250919318,26.956590149550873,C
5.8371358773136395,4.473798226380675,6.895972903277331,1.3922022336369044,0.5963378239739603,19.195447064582513,Fail
1.3394121940000037,5.152954376314456,1.06636763428817,0.5975099149684715,7.645922504458386,15.80216662402949,Fail
6.424192782063156,0.7234850989748554,8.566938033265645,9.91680651116834,4.814126747601911,30.445549173073907,B
7.514233175313026,0.10567122774442939,3.864959908767227,7.389311814871142,7.814981085853125,26.68915721254895,C
6.512329770414921,0.8118778705043117,6.59519954669955,2.277588137195216,2.796110110841158,18.993105435655156,Fail
5.134344971258201,4.841642473920018,5.695576646779217,4.496895369849698,2.5942913742305196,22.76275083603765,Fail
8.765981188350187,8.827368389822446,4.953798172859805,4.857806083340411,9.658170738331703,37.06312457270455,B
5.149333499132594,4.269020873228372,4.221215570501817,2.134560873336435,4.710964042905634,20.48509485910485,Fail
5.765164755142536,0.20279973767419968,6.4096439599733195,2.577048321094443,7.483371492260189,22.438028266144688,Fail
8.992489182892026,7.616813559803183,9.499660880907374,7.462458519268623,6.951797465255588,40.523219608126794,A
6.480303180552141,4.238578941692717,0.9752599029680897,0.45611964123636217,3.988660806611317,16.138922473060628,Fail
8.87817640335819,6.548480623891279,7.861985768350283,2.3799048042402116,8.171041003287701,33.839588603127666,B
2.152018720172375,8.579952227273587,5.59508633437328,3.0353620984206886,2.3780574047244585,21.74047678496439,Fail
5.121699559338872,4.008933182666265,6.740678940177103,0.12235022880396795,9.710083019348389,25.703744930334597,C
0.1177987628664201,1.1624575268993798,8.41595226800382,2.3084061324724434,6.3914215237256675,18.396036213967733,Fail
8.920846889402345,2.394887145701299,7.077603058254037,6.282499409475309,4.70390756560205,29.379744068435038,C
9.734889691773969,8.352455477380024,8.717463771925573,7.999039272758867,4.324467428145516,39.128315641983946,B
2.9754845131882055,6.349142353120642,9.62380327227039,7.017270340031013,0.7228096876630907,26.688510166273343,C
7.385974581323307,3.212551734139125,1.7150982298024275,2.1875743107011525,2.5684019578730655,17.069600813839077,Fail
2.6023659798522933,4.342366966113957,2.7164113074417404,5.905977939047688,8.54727306095151,24.11439525340719,Fail
3.4734332625884266,0.7268231558981486,7.972065717060325,8.538519081332145,5.515212147149954,26.226053364029,C
7.593982624179637,9.279690617870447,4.740631241545077,3.9176836589859807,2.365607019528687,27.89759516210983,C
0.6964586774826564,6.291131434804304,6.814402654638969,0.6223632779380273,7.874309687117402,22.29866573198136,Fail
4.284579038487955,9.310285962775627,3.082579895048255,8.295781928970477,9.98289163489885,34.956118460181166,B
3.251329284002644,7.593235685784019,7.7707099132287505,5.609019214358502,3.9932287605815575,28.217522857955473,C
9.598628027134552,6.936348407276482,7.212855485978258,1.3143786445264916,8.811623446894654,33.873834011810445,B
3.153637432661175,3.80575941378107,6.05425045880057,3.4722677035689617,0.5465308291820847,17.032445837993862,Fail
2.3272834891555183,1.1339832734490873,6.907566561823386,5.6871340952413005,3.3065314755847486,19.362498895254042,Fail
9.849896561408752,0.23961385124269818,8.482746006672285,0.7188986403111564,8.144102939373877,27.43525799900877,C
0.5845798723687701,4.065383138870131,4.8967306551656185,6.364155853388137,2.666734524800799,18.577584044593454,Fail
8.584127518430119,5.053320333358803,1.1756707047322779,8.35860811185881,2.7014827370994365,25.873209405479447,C
9.514298103618323,4.5490660288239715,6.857437323304836,6.438456761362233,4.146587426445213,31.505845643554576,B
3.3300763305224423,9.907324363757766,6.932868725572886,0.6116934938844887,2.164127225325622,22.9460901390632,Fail
6.06512225323219,8.271787066580128,8.284865813896308,3.5455167288846203,9.617415499400026,35.78470736199327,B
5.942418273085972,3.473973617503389,4.775565995631801,3.377099130255864,5.267198745638754,22.83625576211578,Fail
6.473421343730912,1.66973873672554,0.21165447612074284,1.2961901984491264,0.5381999712758312,10.189204726302153,Fail
1.1309973942382245,8.398580033995856,4.544348665747845,1.5781687248236642,5.683913671847433,21.336008490653022,Fail
6.089991110519285,8.893376120214482,8.486706988741405,7.818622814993935,7.089618941245886,38.378315975715,B
4.0564525944723755,7.651902029810298,0.6892322134514528,1.3379933799932264,1.611820653278987,15.34740087100634,Fail
5.438779211611175,7.61211515165474,1.3399089075726323,9.689090876186553,4.125731993150705,28.205626140175806,C
8.043203260971726,9.966009120549105,6.788544438340626,0.45020149457104197,5.912076298552212,31.160034612984713,B
4.822252303373266,2.0644269212906896,2.8040479962538676,0.4252664196219691,9.579372165467692,19.695365806007487,Fail
9.270345447963066,8.545651689412404,8.63007881499201,5.799007909274971,5.954585141710033,38.19966900335248,B
6.7730395929814105,7.687292280120813,5.39913296861959,3.3745748235839947,6.078317433235556,29.312357098541362,C
3.5923336939976567,2.2780075571285616,6.462633770407274,2.1232153399353457,9.89454513725115,24.350735498719988,Fail
6.404472739932529,1.9776762761751843,6.863011257436234,7.668587553202292,3.480100518442455,26.393848345188694,C
9.710582451653679,4.844728090331926,2.227581135471066,9.13088178051939,2.1453477822661347,28.0591212402422,C
6.826172212234024,7.65063431365564,4.093868368164491,9.341394380831446,2.531956784557905,30.44402605944351,B
6.46046944096596,2.152687740328598,5.362091710683334,7.935878838566871,6.552803752282912,28.463931482827675,C
9.111205013919575,8.425883794336675,5.463138975047485,9.160037609456705,5.854306153027108,38.01457154578755,B
6.233144337590575,1.7406413740730842,2.4102263855769834,4.3458363495903,0.8142208173004839,15.544069264131426,Fail
1.8181765283733875,5.039657798253935,3.3785712913695,4.1711034146560895,1.5309739464624172,15.93848297911533,Fail
0.3892996332566745,6.245180153643472,2.3440145372373578,4.337790040870445,3.8457310437680183,17.162015408775968,Fail
4.128393977589065,8.310534408973382,2.147900387392543,5.644640277151673,0.8803702834417704,21.111839334548435,Fail
7.210546608978719,0.9668971633774304,8.974225712283456,9.636226105275766,5.984846091827619,32.77274168174299,B
0.9355940691233555,3.230887472945523,9.43607821823655,6.047365098467406,9.643767242151823,29.29369210092466,C
2.2763253581939233,7.716407371953017,3.2479506541193337,2.5188499452978674,6.479041641989064,22.238574971553206,Fail
8.160567571143236,4.5237417702330065,9.288459758762544,8.096445401971156,7.185560507375774,37.25477500948571,B
4.503709362581851,4.183689101320072,9.125577718786598,6.450176812558382,3.910552770344311,28.173705765591215,C
0.2534860426393848,9.466387272149525,9.68414862695618,1.546132440198339,4.580218693672908,25.530373075616335,C
7.498599312882687,3.998586951372155,2.1136664381511316,6.338453578669174,8.82920772253161,28.77851400360676,C
1.009781068177611,8.574148466508008,0.923940289370857,6.740895997545487,5.310656384037258,22.559422205639223,Fail
0.9914611227762393,1.9582504885515772,6.411117764696796,8.627400436578409,6.695227535636455,24.683457348239475,Fail
0.30824618699370254,5.673399295689356,4.2507074548840995,7.040700345670042,9.08038311670282,26.35343639994002,C
2.857075676608903,6.83730693510539,6.250132491160459,8.50678684008378,0.3252975728649432,24.776599515823474,Fail
5.276244568387078,1.8476498842135691,0.03270925331250174,0.265574481792632,8.661316796402831,16.08349498410861,Fail
2.999293974730662,8.658414754199422,9.457113649836586,8.414206919413335,1.88853795722427,31.417567255404272,B
1.952429877980445,7.99578644102003,2.816357933534568,5.4020907790190895,9.961273480262802,28.127938511816936,C
7.483752494281825,3.3028701249211023,0.11137576472173061,1.8391310519261506,3.6680799545558673,16.405209390406675,Fail
5.322918759514544,9.648829941638532,3.261323270161658,4.879696858115886,1.462463358571553,24.575232188002172,Fail
1.4328145870264108,9.859616844014173,9.497871013080065,2.06000106190925,7.390952904101335,30.241256410131236,B
6.47720054420612,2.4241591254486385,6.735312598991562,1.422049441569666,0.05474219983708006,17.113463910053067,Fail
4.734356593750214,7.4674677251259425,0.6075372958802006,0.389034677630975,8.167384190851912,21.365780483239245,Fail
2.9635761351328838,8.946676243140136,3.0802535180193735,1.818694324216663,3.61816939436019,20.427369614869246,Fail
0.2090951233523497,2.6724697507105235,0.19662589975881772,9.685567383046719,7.80433456488845,20.56809272175686,Fail
8.446659090902243,1.2287557989415265,9.88055718624109,0.6733539888500717,6.975196305881541,27.20452237081647,C
9.301652028625501,0.9993690656861953,2.9069981364692055,3.5701864408854123,5.089874838541691,21.868080510208003,Fail
3.2819275360931153,5.491556907902392,6.203388640619995,5.832192675233877,3.8675103000918165,24.676576059941194,Fail
4.657255776674976,2.604875790573491,5.033100308809489,4.095069343892553,5.144658146454085,21.534959366404593,Fail
0.12154474689816341,5.720998169716251,3.8423053803934892,5.453672526693822,8.885739847602917,24.024260671304642,Fail
2.8935241022224623,4.358396389345528,9.074820069524831,1.8500974261099201,1.7679090508531548,19.944747038055894,Fail
8.809730056396575,2.655356056137621,9.229811327341476,1.389958841364738,8.69129434295579,30.776150624196198,B
7.758650652027868,5.953195457828951,7.800260645738896,8.577637029224581,4.660535743531266,34.750279528351555,B
3.9513090761150327,0.9427597789893605,7.807878459797925,5.479346898991778,1.3624455204452457,19.543739734339344,Fail
7.848829833877943,9.465083782919413,7.424142652825937,6.890092212548127,5.995073430704215,37.623221912875636,B
0.1240403627731479,7.847743211627893,3.5084782405217974,6.058447608958808,5.237930684840068,22.776640108721715,Fail
3.9624201890265875,7.893334823405524,6.636489895040385,9.826099070125561,9.507807248149096,37.826151225747154,B
7.884473432532987,5.1026264622064925,9.22323061478669,3.5996404629774705,6.429021081542521,32.238992054046165,B
0.5476163882203133,2.016999626310254,4.678323393717424,6.829937462355694,4.70674576666411,18.779622637267796,Fail
0.6527675756646389,5.705528549499722,6.536294323173154,0.27997742820626836,8.62891822728939,21.803486103833173,Fail
5.969452234131726,2.0866762451159184,9.22915743553214,4.16136698204326,9.53245807528874,30.979110972111787,B
9.15814348190744,8.11016110262656,6.624377467363361,7.721889554985943,6.121344579082613,37.73591618596591,B
3.006556405607441,0.12727281689920544,7.10735178688058,8.037570560137597,5.32664587403624,23.60539744356106,Fail
1.430813954173139,4.729159709784576,7.536492823215806,2.285890892963154,0.3618929726866382,16.344250352823313,Fail
2.5709608939511175,3.8816144796031695,8.646163648220234,9.145745363262048,8.824481779607936,33.06896616464451,B
3.7731805396319285,3.0977248472404906,0.6928490144422583,9.14452912837003,6.591486354289616,23.29976988397432,Fail
3.5672316930890635,8.614479214043481,1.2058621611823495,5.940671835871898,1.9275420141593924,21.255786918346182,Fail
2.3540724884152664,1.2652567631557798,3.160904474199687,2.5382925235944667,5.287110057487415,14.605636306852613,Fail
1.2251914253709384,3.3821651718250556,7.697334025740443,9.102328101535118,7.218593315507839,28.625612039979394,C
8.621529582931217,8.427654361503011,6.991294159634353,1.6148910528977278,0.8879508848722184,26.543320041838527,C
0.9944139275934516,8.192305768401022,8.842387450846559,6.045670666827484,6.601303889505533,30.67608170317405,B
3.403871042545057,3.3169025167338564,9.961151701929122,9.725468804397861,0.5155097899245775,26.92290385553048,C
4.719025105645231,3.5400494318124265,0.7055795526542419,7.276582273722944,9.825045235234477,26.06628159906932,C
1.310146186504656,8.12451131720594,3.033692575287322,8.402915307988488,7.906333788384025,28.777599175370433,C
3.9900270387013026,7.003063538838071,3.0175755725023077,7.250759105109018,7.856131291137865,29.11755654628856,C
6.094452973272788,2.188684923295469,7.19322819311142,9.604018188608185,6.068508531891527,31.148892810179387,B
7.837382510752365,9.173031454640505,5.753245787430636,0.9932106478176661,3.0491619765372424,26.806032377178415,C
0.3752865753180312,0.09506202418105625,3.9054764672445987,6.213393099778738,4.90380408989539,15.493022256417815,Fail
0.7100766453325547,3.235776040395119,3.9452259453626204,7.225491864460757,9.130675010423664,24.247245505974714,Fail
4.255558776967176,0.02080639176285759,4.274896501846589,2.911874588185589,3.561705484686619,15.024841743448832,Fail
1.0539321810780522,1.88598931271592,8.979503433820446,9.377745466889639,5.014156672777471,26.31132706728153,C
0.9839564971339732,1.053338942449643,2.199854951381112,5.783118567867813,3.3194896411182206,13.339758599950763,Fail
0.9896862340870682,9.503245389672733,3.893611644977847,8.57201346872908,8.71872119269377,31.6772779301605,B
0.11620539908100636,7.267348363533426,3.942710347842806,5.521367878460221,3.4370721710516348,20.284704159969095,Fail
7.68747131362513,8.074987316566608,8.597796549704967,9.614359759001141,1.568153218266135,35.54276815716398,B
5.799678202031428,4.282507002599032,3.4328212588721065,6.322189682471079,1.0982498301065569,20.9354459760802,Fail
5.954148016201084,5.655318769240576,0.6698959251262993,3.3088694006036556,6.547843671275638,22.136075782447257,Fail
2.048024090562095,2.485493107511796,6.766856334286485,2.4194623658811576,8.049530895087493,21.769366793329027,Fail
7.308703457761604,9.564981247770985,2.9794045872903907,6.30283655822188,3.481493476469635,29.637419327514493,C
9.409923225744372,9.982689762040685,9.585082693602052,2.208403722847182,3.592551267028629,34.77865067126292,B
4.27486454090268,3.3785388569530372,3.858608133416018,9.140641445324565,9.425812722231232,30.078465698827532,B
0.09969234734518495,4.271811624083718,5.022669388521994,0.6641171494840159,1.2139024703924195,11.27219297982733,Fail
3.1754970025758844,7.416608887180887,9.40998927825097,4.9796606072149014,2.219062808589576,27.20081858381222,C
6.962887758781397,9.451897611270066,1.910524864594867,4.276484305156512,7.535180075887757,30.136974615690598,B
2.4219589201314218,8.576174997682786,0.277422267726386,2.3449155399649912,9.369187011538042,22.989658737043627,Fail
3.116529166546489,6.567940046300318,9.11593173557445,1.0070958018948017,7.435518198230903,27.24301494854696,C
9.839776479598282,2.6706094023936022,1.09777895057392,9.370293944083278,5.970373975944806,28.948832752593887,C
2.1714040403767187,1.7226481435578822,2.573979790803852,4.874236984754531,8.617067104185157,19.95933606367814,Fail
0.5207240622126974,6.867166596048486,2.0412628466319713,1.9971951700878399,0.19148291192146116,11.617831586902456,Fail
1.2611532237541057,9.816094273320143,6.1701720693371005,8.72533649182167,7.815680695482563,33.78843675371558,B
9.394989415641891,9.037672613991067,5.724732279387089,5.758276467140232,9.699314443756608,39.61498521991689,B
5.050280461487669,1.8873984569850732,9.36968950433861,9.98473875474441,4.222921316838026,30.515028494393786,B
7.041043607716368,6.032823194505884,0.8698740568108854,0.3925159115030974,9.875791442170645,24.21204821270688,Fail
7.282163486118596,8.33916600461037,3.0069118672374207,4.649246471158478,5.088442428058181,28.36593025718304,C
6.619698394506342,3.9341357635042415,7.701871511048247,7.099265666954027,9.9003475636462,35.25531889965906,B
4.043187681042921,0.4455663161765322,6.484833418701278,8.659809289783485,6.575762515095032,26.20915922079925,C
7.175977656581763,6.787132362153539,1.8348320436002308,8.008292578333368,2.127607746221601,25.933842386890504,C
9.915942356641667,5.685821806899978,4.571029926424934,6.0008411190417,6.918561864370739,33.09219707337902,B
3.377107747242245,0.7560158889467905,8.817116471665708,9.612923915099344,0.5233399595224564,23.086503982476543,Fail
3.2056322436092453,6.217593860953973,8.54811156317281,3.014552064986483,5.078710476308807,26.06460020903132,C
1.175018402123733,1.8027153601837609,4.919085146648673,6.5327491206422295,1.642278706756799,16.071846736355194,Fail
5.119386306819278,9.973206116397705,4.065854099658091,2.9953708001494137,7.959899951401754,30.113717274426243,B
4.407549434413179,2.7537568147494462,5.7581343184818055,7.871859957322843,3.3267442774833187,24.11804480245059,Fail
4.032077561332522,5.242859833747512,1.7957876061053302,3.176876027471016,4.631032644809761,18.87863367346614,Fail
9.571070960000513,5.410709207986163,3.5352880688780397,8.651612733765461,1.7927296112248636,28.96141058185504,C
2.1778080176756855,3.16537731334959,0.37257210687799636,3.3841569109510927,9.310932790450988,18.410847139305353,Fail
4.287020209864336,3.75497241321621,2.466067636802356,2.5606277542631553,5.8783490263923746,18.947037040538433,Fail
0.7276300636419353,2.8715226343762867,2.9653442935481245,2.1848382723149182,0.167560255520115,8.916895519401379,Fail
5.206553537341115,6.850451757086196,6.398397656097723,0.8276853352188884,3.564368334069763,22.847456619813684,Fail
4.362144171200454,2.0276920936883913,8.413031495773076,3.193526154508092,2.401067125488882,20.397461040658897,Fail
5.570405132750351,6.72225380547175,6.8349915446637795,4.171966378226815,6.800595270289334,30.10021213140203,B
4.281996149256147,7.84441542070729,5.836965828034155,6.531125373455573,4.83622683877835,29.330729610231515,C
0.49979028659678737,6.800610283068366,3.2853511659620596,4.641311877976561,8.769254993975533,23.996318607579305,Fail
6.486950425330354,8.224243845798085,0.6804905500496394,8.225248183419499,5.767133050108688,29.384066054706267,C
8.974190500781736,6.438472028115468,7.215951708485088,3.413398872002152,1.2705056420265803,27.312518751411027,C
5.00619532333931,9.300268378881624,6.554071232145865,4.660748415349745,3.3607301171371184,28.882013466853664,C
7.87371958149273,7.227272780446271,4.879610450415376,9.045404349276255,8.502630111551131,37.52863727318176,B
8.43879411230929,5.203463368715742,8.510265963017416,4.887584100365685,2.86296413052077,29.903071674928903,C
2.149403785907568,6.683607021173941,9.096769219050845,1.5167137305923928,8.535793440668431,27.98228719739318,C
9.681934279147217,4.624942740124381,3.051121396784092,0.927453273787272,1.8074543305738622,20.092906020416827,Fail
6.972093819096368,8.494222694548899,5.357990655656452,8.181796497217405,2.894206597441855,31.90031026396098,B
0.8018001408190345,3.412020723921535,4.599089219551607,2.8174786419852027,9.396757915097929,21.02714664137531,Fail
2.256645830520551,1.7770446119681405,0.2731657272543697,8.555631931755052,7.479780687612475,20.342268789110587,Fail
9.668655502933936,5.840386578266218,6.949789586053303,9.08858684731333,0.2947760358920237,31.84219455045881,B
1.0579652027279896,9.221997238356852,5.363037799187325,3.0782996057900913,8.907754507830942,27.629054353893203,C
4.503509789054126,3.916947755108394,4.866686170088402,5.139218530847253,6.798630747305739,25.224992992403916,C
4.041098477429571,8.740459143411641,6.534434586108001,9.367229869005541,2.430361403739374,31.113583479694128,B
7.905136075336477,3.644268113352511,1.0629711531171782,1.7557686525854843,9.895273412128907,24.26341740652056,Fail
4.6349404380057235,3.985996627184558,9.247686864359018,1.4601521482301438,3.335716614416495,22.66449269219594,Fail
8.118661240103798,3.536378631401104,7.953831741226179,9.895683115440448,8.841048087996912,38.34560281616844,B
0.5535981693840952,0.6845316942604274,2.2244295579410265,2.63476782730673,6.869226619214758,12.966553868107038,Fail
4.517394759814438,9.497993534620031,0.8464993460641068,3.7295894195781876,8.047285933215333,26.638762993292097,C
7.562136139501768,1.5044855077321628,6.439944728541983,3.491337429383694,0.9497726659984429,19.947676471158047,Fail
4.852807171101983,1.3884164254798526,5.465759107914545,5.138617118500513,7.616854184723676,24.462454007720567,Fail
9.413343927869017,6.73516527472109,5.2609083778376124,5.765823695056426,2.848424296127061,30.023665571611204,B
7.352285181015961,8.206255930671947,1.635209511974589,6.164365009995645,0.22492918380839333,23.583044817466536,Fail
5.8577558127346325,3.769499716862721,8.264993623010078,1.0659061457982921,6.796383660574911,25.754538958980632,C
5.019454051318418,4.736307554846095,1.6801773829702615,8.063049805831936,6.67563997621807,26.17462877118478,C
4.481708470213185,9.907621555393796,6.695157076020122,3.746880207268947,9.065898410683882,33.897265719579934,B
3.3473532657927905,6.834265904180037,5.008270423112719,0.7791215847082011,4.894106810671043,20.86311798846479,Fail
2.037664591276891,1.3705968353658127,4.248391981092704,9.208247944507054,8.664971086451654,25.529872438694117,C
5.260940132515421,3.100018527823053,6.537061048017106,2.903093818420006,1.4861436268680206,19.28725715364361,Fail
4.110956026007066,6.242904007832697,5.654427335151183,3.0828341235651147,0.7903434540117349,19.881464946567796,Fail
2.0117296711390074,9.161108438696377,8.059837948283267,6.718057946136212,4.2565972783811326,30.207331282635998,B
4.1119047586949105,1.896963648501283,3.7524140689024854,9.686587973345098,2.4431174993363847,21.89098794878016,Fail
5.5520081159946235,8.747019843267122,2.229188616858405,3.555683549610582,8.680954688303226,28.76485481403396,C
9.095866950537774,8.270098816469236,3.2627549115123866,3.872520148456824,7.24250957164001,31.743750398616235,B
2.0444837246427303,9.720489647757143,8.302435279704074,7.094269032949429,1.8598699959572373,29.021547681010613,C
5.633953507126401,3.46495063176825,0.5146670517596907,6.254506185589501,8.637851365451978,24.50592874169582,Fail
8.127329043046794,1.4862413046990497,5.785011516511451,3.4716581918336322,0.7366599864991763,19.606900042590105,Fail
3.910815366517607,7.55494657014215,7.513742653580106,8.073995292991697,1.7910754528902406,28.8445753361218,C
6.141688503188927,9.855193569028653,6.7637683565491225,8.07663815694622,2.7926833220533065,33.629971907766226,B
5.734378881232861,2.8866630267546043,5.013428804247794,9.354561556059762,9.001397328257003,31.990429596552023,B
9.698188646337847,4.7184297483761375,4.508742314022398,4.891950662226295,7.706309833689708,31.523621204652386,B
2.9797723549584374,1.6012824018464022,5.588811141021559,4.311647213889117,9.00198901911297,23.483502130828484,Fail
9.08228488700323,8.563740982148024,4.124294900127587,4.761601114769399,5.720893394123924,32.252815278172164,B
8.25710951560667,3.7815481856074173,9.52824716936136,6.196317513185524,4.0403597803747555,31.803582164135726,B
1.8564670490124302,7.342183395288688,3.128829125959328,1.9806501424125011,1.45230423568102,15.760433948353967,Fail
0.34670266726483323,0.5297290604610083,2.765648124156246,4.7518813798088235,1.136627005966988,9.530588237657899,Fail
3.524327315388416,0.7621839344504822,9.977444210068505,1.8144801421388301,0.38009333705462,16.458528939100855,Fail
9.368534300910152,4.4823884655539645,8.504901885825635,1.531689154795266,1.0148786265499965,24.902392433635015,Fail
9.36154774160781,5.878856919297817,0.7028761402991868,5.739461797217537,1.8729704771130606,23.55571307553541,Fail
9.960127833822483,6.081011868520917,5.312330609895951,7.373219894423212,2.1398654551140552,30.86655566177662,B
6.420316461542877,5.212677538240658,0.6003631300235868,9.098539533981457,7.880389744478141,29.212286408266717,C
5.932215701073843,9.686138153459295,6.357393575301872,2.0049707068506786,6.894899217125228,30.875617353810917,B
9.943303026857148,4.274310711602142,7.565147240490595,5.371507564441066,8.2326174442849,35.386885987675846,B
4.7601812936876655,0.5218505779676108,7.747149780111911,0.2633481930699122,0.03490105851904235,13.327430903356142,Fail
0.5688139777764656,9.390813048870202,7.642435154076484,3.7816557969768914,9.149081706762841,30.532799684462887,B
8.072616493262505,5.330788223246319,9.707140544213345,8.103485448376937,9.668195539557862,40.88222624865697,A
6.73516786817259,1.5716282299175,3.7701985667090607,5.578133538150713,9.075942987109627,26.73107119005949,C
0.9455634477438823,7.461148572032363,4.0591434312742125,0.25841139072023234,7.136396267772012,19.860663109542703,Fail
7.368737449441821,0.8703356509155424,6.519951406635723,9.565586390807804,1.472684241652119,25.797295139453006,C
4.56069984217036,7.360821443370854,5.308079280904162,7.675685623061897,1.5460641774159745,26.451350366923247,C
2.640619846937188,3.7233781838538107,9.718227002619614,9.332118027415051,5.260005430489195,30.67434849131486,B
9.911686261369766,4.50390076405931,4.659327833010924,4.349178801251945,4.604778344369488,28.028872004061434,C
4.077780344061627,1.707545509961964,2.7607191236586326,7.877189431349656,6.824419246266452,23.24765365529833,Fail
9.634992408875883,7.221555793166278,7.47832360934888,6.663866895672575,1.255860686267587,32.254599393331205,B
0.012844255268014138,1.0561704526173599,1.9545800429559268,2.8489271425528626,7.2979173868925376,13.1704392802867,Fail
2.4900873610908993,0.4585201837470154,4.9127291810447185,0.23019516177752442,7.688844188631043,15.780376076291201,Fail
4.595840572136231,5.1476737407544295,3.7318345986368175,3.5747758935814664,1.861312786763285,18.91143759187223,Fail
9.326457173411677,2.965217203911461,2.910872649942303,0.20331442973430813,6.5257054873390405,21.93156694433879,Fail
7.542649733470227,5.716397232701479,8.683962094619007,0.64767752993658,9.1861255184066,31.776812109133893,B
8.742225246851758,6.796751311406348,6.280545311504252,8.542887987468259,1.0924808315606305,31.45489068879125,B
4.31805100785912,4.320427135264763,1.8660621766203045,8.689088439014775,3.1680034364881173,22.36163219524708,Fail
3.9103286912739863,6.75323526807166,8.038763771441994,5.4025505857394975,4.8730499263081795,28.97792824283532,C
7.12137045880605,4.094962783455518,1.662594283013965,8.17033027220336,5.831088344232497,26.880346141711392,C
8.148251137465122,0.6792620422282625,8.193978447055413,4.929840078402414,5.651436065908029,27.60276777105924,C
6.1062004244163255,8.094732096154345,3.7822290550604687,2.7301111809306846,3.4161378464194736,24.1294106029813,Fail
1.549417853379359,7.161350631535695,3.8604776655731046,6.35576537374575,4.773550436190091,23.700561960424,Fail
3.138780765150273,2.48898385193192,9.016738252269851,2.831581629058576,2.9299147611104748,20.405999259521096,Fail
1.8993474366102003,3.4992853377140767,2.354399797260802,3.770504930509154,8.826828173423586,20.350365675517818,Fail
2.7421520234867005,9.427720011052767,1.298055586658794,3.2117478054525628,6.5365141973242915,23.216189623975115,Fail
2.8218707469320012,3.1694528863558546,3.747320134531215,2.4555425001939177,5.663712269473736,17.857898537486726,Fail
7.9829517896677515,6.237422454995412,2.643451177266962,3.4753877326251925,8.765605018630945,29.10481817318626,C
2.3600793032371206,2.7637934531589945,8.416317320471183,9.038965101218912,3.898425188879031,26.477580366965242,C
3.5751332842723693,6.501781259610119,2.3723222984358037,9.913814748505898,7.800520489358751,30.163572080182945,B
8.924690939520117,3.681335899811382,9.916595457479623,3.124608425491772,4.03410600338384,29.681336725686734,C
4.617161438131191,2.9232951584263347,3.478096495859168,2.2946792057193477,2.098854417558381,15.412086715694421,Fail
0.4005911905069448,4.496896733693397,5.423000740240845,9.04734989845906,5.322720771157558,24.690559334057802,Fail
5.140954425512597,9.218454995477849,5.258685282282677,3.0458614408807394,7.450850681180249,30.11480682533411,B
2.411652143077619,4.797001625335458,6.768855167565773,2.200266972117182,5.5889290116881085,21.76670491978414,Fail
2.3647491223869457,5.892009067638531,7.664552459976987,6.042085757936549,3.3852690465267585,25.34866545446577,C
5.319883182707819,2.5520212401559794,8.971704995968603,7.858558362591179,7.005493928755477,31.707661710179057,B
4.065905373594722,0.6331924697232094,5.588008343539963,2.9664129192539637,4.790210565529707,18.043729671641564,Fail
6.667088553964567,5.1631656166117,8.537286379643831,1.6860612512357742,1.49351920147768,23.54712100293355,Fail
4.951465270139743,8.999832768786542,6.152653679709729,9.070081212606208,6.523682728035328,35.69771565927755,B
2.418932941128892,9.352503143943329,0.11054398697009526,9.010844242106812,3.5003086744138368,24.393132988562964,Fail
1.1448763806590512,3.425987712181194,9.800623153872843,8.48407798813456,6.050834599891464,28.90639983473911,C
5.541812554487988,7.357404498934493,1.8704516366992818,6.509643220703954,9.075139783630291,30.354451694456007,B
6.514203883518642,3.110417050569839,8.170397786091792,6.576225939020224,7.101282398630769,31.472527057831268,B
7.778777055368772,9.733070795003766,3.7492905135932886,6.306208914453316,9.76023699963297,37.327584278052115,B
2.857835555258702,8.04396446915202,6.750519182919879,7.77547317065192,3.972669019908339,29.400461397890858,C
3.2891977821072436,9.535568067200984,5.280521374355123,9.686245673010589,2.7391753514597283,30.53070824813367,B
1.4278563666788469,3.203619704923062,7.741986595291865,1.7491122391663727,1.1083686569241857,15.230943562984333,Fail
3.516498723419054,9.43503535633239,8.205597309882025,3.0027413012699022,6.567959002878922,30.727831693782296,B
5.464585417281244,1.8346425396884847,3.083011038682084,2.9769716476861285,4.5942890308294935,17.953499674167436,Fail
5.407656313005429,1.627491077823806,5.018201158603004,6.503341285359268,6.339994983553954,24.89668481834546,Fail
3.188668183211388,4.561053995172126,2.1313847535904316,6.890075108450791,3.0313640311022247,19.80254607152696,Fail
8.714605901877178,1.716939931284912,5.879422383882646,1.4641198790816667,7.801222730609881,25.576310826736282,C
5.450269188969383,9.384620531246687,9.26471204559658,3.2626119546706622,1.5482040945143405,28.91041781499765,C
4.85344897134418,0.2016138211789409,1.2210620423079432,3.3199896878047372,5.500561996856092,15.096676519491893,Fail
2.1440648299316454,2.0601740429137605,6.438632350104302,7.660080638040771,7.6451816658083125,25.94813352679879,C
3.5472855673021266,1.5166696035762028,9.502246055934323,4.111444528505039,3.8962633644063405,22.573909119724032,Fail
8.179634943491536,0.7625156434625346,4.184197837673277,0.9037252205004309,7.715458416273004,21.745532061400784,Fail
1.8143543508979731,7.8986810737974285,5.476682345123463,5.842779223576656,0.17256505546768053,21.2050620488632,Fail
3.570293439700122,5.126839534499428,9.067894038860251,6.732258140073574,4.874443409893614,29.37172856302699,C
8.05714525668218,9.737482141179605,8.837359561360547,6.735240435180014,5.458607058980929,38.82583445338328,B
1.2665587284719393,7.317399735856052,8.02765287536304,1.1623498047732006,1.7448741097694487,19.51883525423368,Fail
4.605825506946665,6.113530307751418,4.629740118747546,9.651723240968167,0.16174477496196826,25.162563949375762,C
4.329730498397063,0.3672818890591556,8.4711322349092,8.446078670432493,0.8538326529272833,22.468055945725194,Fail
9.82739540910386,6.439979536304735,1.3955460456356439,9.637230972241316,6.615225511672419,33.91537747495797,B
4.437835792823357,4.949323243392362,0.618717608917484,3.4053661157358963,7.4331769458327726,20.84441970670187,Fail
8.187402294840508,9.65902991865811,3.057868139896102,1.9902529943302727,5.790062459524785,28.684615807249777,C
1.0682099296399061,0.9289971449411938,6.170541946217925,6.012079656047576,6.138770199960298,20.3185988768069,Fail
1.6653851349727,1.1346050152476905,6.872150411811147,2.145438252553399,7.829783467541931,19.64736228212687,Fail
2.5646306101676597,3.7485227279680453,2.348737010875004,0.2593835624868879,7.87619349676136,16.797467408258957,Fail
0.8468834187530683,2.415428127159779,8.27368911366188,1.9171233045729363,9.852799474290439,23.305923438438104,Fail
2.7544667979050907,4.880834771971446,8.388642310312495,5.071235509350089,6.697310764611391,27.79249015415051,C
6.402509149522762,9.308730929145202,5.738692169072057,4.7500900257229635,0.507006117090194,26.707028390553177,C
1.6881000578456418,2.547923557313042,0.5594794659862057,4.52303903836847,7.03235386386514,16.3508959833785,Fail
4.401989979554905,3.3407721741784724,9.317976544659986,5.675858148436767,6.990786294639991,29.72738314147012,C
4.18363038428793,3.3407889553381755,6.556510302221518,7.43721747980749,4.733055857282805,26.25120297893792,C
8.66855213027066,5.632647205206204,6.934808763573784,5.355235107553732,3.88176060584812,30.473003812452504,B
9.447073816724817,8.347379547769675,4.4632575244220165,6.431517453797216,8.715740359336401,37.40496870205013,B
0.3174376537298862,2.3731416089475155,7.363458626893268,3.765372192716553,6.717205283334209,20.53661536562143,Fail
8.800790875614583,9.035593036972818,7.001867210119319,6.661966075072097,2.2021600934425045,33.702377291221325,B
3.6727770128070922,2.299896132914453,0.9413976066968865,3.6655878527264587,1.6299430786124447,12.209601683757336,Fail
1.7110247841340187,4.333420303683231,7.608418524044702,6.9449027145810955,5.871024942145305,26.468791268588355,C
9.614166196420495,7.650431899704897,6.869099786832132,3.624959787241744,4.7602792786407,32.518936948839965,B
7.493694366449569,3.8839318038388693,7.214854094365492,7.810264103082412,8.66248730884929,35.065231676585626,B
2.330189643968348,9.253280538641636,8.028775378898347,1.41322239438203,0.18087706885486554,21.206345024745225,Fail
8.986389283011032,3.319769521612331,7.913405032135343,1.9408187896629403,0.8562883624372586,23.016670988858905,Fail
9.868959453882976,8.841944712283693,3.4416352675180395,6.603356509573663,7.734935468788069,36.49083141204644,B
1.1098946921348107,3.1119244435437654,2.301834913340015,4.075032920375987,4.705357007686962,15.304043977081541,Fail
9.225724049058,7.1672478268145055,6.99198902757233,2.1895290101216047,6.158571758990345,31.733061672556783,B
3.545482088286074,1.1924491131926118,0.4336330016822698,2.225200527878537,1.4843740362464053,8.881138767285899,Fail
7.008656972438799,0.08486012083443017,6.27536489945376,7.182874881619098,8.769789841038495,29.321546715384585,C
0.28782676313338973,8.582913355531062,6.835808333247098,7.828270199584491,5.70461458476435,29.23943323626039,C
0.14856122507503788,7.511916364513858,0.4289590953107614,0.8819865345406519,3.6130992582048616,12.58452247764517,Fail
9.325667087059609,8.193187623469647,8.774840413175335,7.348674669691331,6.062136898717148,39.704506692113064,B
4.459027063767484,2.283308365933104,7.217702773178095,4.1603699661089,7.980191120661617,26.100599289649196,C
5.867679078445912,8.481362893031783,6.696511223036099,3.5588202294795943,3.593106090541236,28.197479514534624,C
0.3121356033874756,2.8240432884586433,8.198893835391821,7.064095139680655,5.508928604048076,23.908096470966672,Fail
8.129857387160936,0.4204479607594469,0.5940297389077098,5.674040420065989,5.3829140754386895,20.20128958233277,Fail
3.2825508927733704,5.643411678731507,6.567870109644293,0.8538424951985513,7.05537176710346,23.40304694345118,Fail
2.2123869644606398,4.687335268214602,9.79425395831939,1.2490928226283216,1.975470532769813,19.918539546392765,Fail
4.467145272585204,9.56527749078009,3.7924111976206785,5.815097267209794,1.5137805606046162,25.15371178880038,C
8.315739259104525,9.381831520445091,2.715222255379748,0.9048222153793284,5.888901203573978,27.20651645388267,C
6.736454174749077,1.7023303243833054,2.5780391699196925,5.456765158365603,4.100642826378831,20.57423165379651,Fail
7.502657639388422,1.8148712485869867,5.391908707225317,0.02160104124001805,7.830352501747905,22.56139113818865,Fail
6.195879548978295,3.752411324969148,4.655200053141495,3.8607032910786176,1.9610065239661612,20.42520074213372,Fail
2.40692711832505,0.6303365249976156,8.544204093813946,1.1878442132437672,6.834609920137867,19.603921870518246,Fail
6.97015740995268,4.7108285070451315,5.967882300144401,2.3365604625771574,8.420151686975487,28.40558036669486,C
0.1401451752605698,3.313930876965162,7.470677343101828,4.850083799932724,6.691060596611157,22.46589779187144,Fail
8.246809659251491,7.670125299807694,7.832641987897759,0.94808271336286,2.396826814150357,27.09448647447016,C
3.0104607783431305,5.434894577086338,8.006914635742854,5.3338928397041085,1.8897389079712257,23.675901738847656,Fail
3.372124904062858,2.8944919430436933,8.22262302613711,2.454982591265602,7.084266970852532,24.028489435361795,Fail
0.6766836190000158,3.9602434630234615,1.6258631176311356,7.102954714653835,4.876095498924004,18.241840413232453,Fail
1.5047227100599747,3.40225241522392,8.957011019115182,0.8334958135760695,7.502885216489589,22.200367174464734,Fail
1.4888805033244468,0.1102808426890034,7.966583738498375,2.6756719979275023,2.959200901005964,15.20061798344529,Fail
2.9757071644081545,7.9583265895044155,9.098509748640852,3.7427865725685407,4.764851184424968,28.540181259546934,C
4.722818041629817,2.662282863174682,9.843091908625356,6.721904206261219,2.7167205495122158,26.66681756920329,C
2.8377590579872445,4.321171756158945,1.3860149809820177,4.1150533532193485,1.3510650709894834,14.011064219337038,Fail
5.7228381454200115,7.545395326953876,9.887541054134065,2.332561352149831,1.7211753440651711,27.209511222722952,C
8.017280830697919,1.4228621861093582,1.2472377005225799,4.384266120984911,4.596241036890242,19.66788787520501,Fail
8.28667143533594,6.6979872777461535,0.21532600298598048,0.2571690240365865,3.4540178530838905,18.911171593188552,Fail
9.502373538208024,2.5717713602442727,4.540935446043325,5.104502346762439,1.7843564854119864,23.50393917667005,Fail
1.9344722801193748,5.998412211431142,1.3673082591560848,2.8116928145204723,2.1042421025711477,14.21612766779822,Fail
3.9783662550215695,3.0059112278091837,0.9340768176021597,1.486817618224603,7.232079955032818,16.63725187369033,Fail
5.631265938920469,7.148704106773852,6.046743561687919,2.267403505232468,8.304566731354774,29.39868384396948,C
2.042564679363964,0.3328554926345695,6.09363711524254,2.55028202084723,0.26244486992232696,11.281784178010628,Fail
4.732099066915572,8.762033622249849,0.10722802894385097,3.356337258823261,4.368121160678018,21.32581913761055,Fail
1.737615931357438,4.874404737597883,7.165490680232919,6.982598633062064,0.6140514404753472,21.374161422725653,Fail
4.109606080359033,8.820544042787684,1.3314405913340432,5.410290208745952,2.753904497508536,22.42578542073525,Fail
5.5201817229565115,2.037224619305155,5.826778747168274,5.853036886145931,9.647810078308916,28.885032053884785,C
6.050712534377437,1.972058972310008,8.984633484785533,6.485580144670411,5.334616019211872,28.82760115535526,C
2.148546064249981,8.70327593704692,2.33590258254364,4.554773776566151,4.380897132551471,22.123395492958164,Fail
3.7049143705951426,0.48150789173200925,7.631467101641358,4.057577813229325,1.991309201974717,17.866776379172553,Fail
0.5274395216221739,6.394684394921038,8.900479098739408,0.5192268232086716,2.7570519528324633,19.098881791323755,Fail
8.71204482263052,7.028508233960325,4.073437521701873,4.631430302575681,2.346874135517405,26.7922950163858,C
6.832587636595959,5.631980924481612,7.01775770487553,6.975809089595323,8.941877486390235,35.400012841938654,B
8.696496848121713,1.855802367835554,5.02721308954724,7.103442385187472,3.4614292643429225,26.1443839550349,C
5.162478232000605,5.390901450222475,2.140178672380062,7.321832739567052,9.591497743591576,29.606888837761765,C
5.412963353010705,1.160534593845689,7.983131337633469,7.964633089564489,6.947596400433964,29.468858774488318,C
2.949311358038643,3.727770457892867,8.267625819836523,9.616841475759792,3.515030782399867,28.076579893927693,C
5.3582768447308124,4.8556620228342915,8.679797724397476,2.8279728293055326,2.576771099173273,24.298480520441387,Fail
9.429127113917565,9.654909384377849,2.6708977717556817,0.27399771531840145,1.1701687057109544,23.19910069108045,Fail
3.516226872396344,2.1623289439099125,1.985286903854141,7.355484870305315,3.0192435449119923,18.038571135377705,Fail
1.1310575650171983,1.9602920170350768,4.143594513009211,9.575956159300173,9.217603365078189,26.028503619439846,C
9.402302414249576,1.0036749509505394,4.231054812763299,8.21504215407343,8.934195606199092,31.786269938235932,B
3.63629602379294,5.671630879133922,7.743001177801508,9.236760450107129,0.48565231560116606,26.77334084643666,C
0.85347464993768,8.456263001150187,0.8115924912471495,4.542987889209727,1.307592003359197,15.971910034903942,Fail
6.1098098885099175,8.60930482578696,1.22887789461389,6.5257078193746345,6.251791646752402,28.725492075037806,C
0.39922532563751223,0.2669315858685428,8.554328533030777,1.6050312793241428,8.109134564964243,18.93465128882522,Fail
6.28942846779884,2.5421782906668824,2.9512604400607714,8.905727342437824,3.784005611909281,24.472600152873596,Fail
0.29170668574074465,4.68034692922727,5.88368758244175,8.683628209446209,0.6905917896461522,20.229961196502128,Fail
8.824951050681364,0.7880669804540741,0.44900277220172535,5.4913099536682966,6.480816646869281,22.03414740387474,Fail
9.380641395681312,6.834527434210504,1.0629486049964143,5.5853079408102735,8.824782275975037,31.688207651673544,B
1.1043186341110267,0.932139258926985,5.9754437452722,2.3589290407251906,1.5578870992875948,11.928717778322996,Fail
6.734324333249173,7.858004651879744,1.900940896880815,3.9428870146042314,4.456267691535436,24.892424588149396,Fail
3.549951158139418,4.2423724529527345,0.258603835385971,5.280345595713141,4.875292134689021,18.206565176880282,Fail
3.141620638369721,8.19346148721771,4.871917752884433,7.457837451961883,4.063940741713006,27.728778072146753,C
1.3688563006880727,0.5813379102682859,9.930080362841643,0.8863756986523486,8.805954928197636,21.572605200647985,Fail
3.7455288702012135,6.827438396270411,0.057532623233013114,6.837607747575566,4.018902332387908,21.487009969668115,Fail
5.6930498441220205,0.5806333889109128,8.003404076738423,1.1248375478637829,5.7507854470539215,21.15271030468906,Fail
0.7442841843851566,3.215839403624651,6.699713489009396,7.5790353558401735,1.2683153517969692,19.507187784656345,Fail
4.7594221754772414,3.617775344387341,0.26289979875180114,3.0568615246122266,9.059579137893273,20.756537981121884,Fail
7.83198413298626,0.846761552426899,5.781622005994636,4.936686607253126,8.631344393767272,28.02839869242819,C
5.606600944161709,0.7748579745049144,0.003070750337554884,2.1532940500346864,5.990625133111591,14.528448852150456,Fail
4.1577480098965145,9.757893363441147,5.2748637879533575,8.06783521123471,5.355744672355747,32.61408504488148,B
2.195539232298019,2.369278615111823,4.582654823968083,3.489909269897231,8.82033374518842,21.457715686463573,Fail
3.7111293843012785,9.530465861598449,2.606771268344865,7.357751920175288,3.3157752964036713,26.521893730823553,C
3.7997907896539465,0.6958178354357902,0.20067095406966717,5.723245754536014,4.023663430194018,14.443188763889436,Fail
3.109730213830333,9.404877369692498,8.879739429633759,3.1002543337128463,1.3485008677816557,25.843102214651093,C
3.4751879531375462,2.714606630209909,1.4570661174750899,4.2343863165272,0.951592924140201,12.832839941489945,Fail
1.059559113440477,8.666569240289064,7.201869343191708,9.5169837347218,2.1817024452331424,28.626683876876193,C
8.34956775052117,8.507306845860374,6.512039599558403,5.681141810051872,9.659396951310415,38.70945295730223,B
6.06719579782232,0.1398079183951184,5.157079672346375,6.135143681111254,6.712597375655836,24.2118244453309,Fail
7.140870226850175,4.935774386721822,5.639907834416132,2.6649889670593865,8.475780312173548,28.857321727221063,C
2.5448133161826023,7.566024982938546,7.613099154523793,3.259857008077496,3.9294756374186655,24.913270099141105,Fail
4.4410355690661865,6.7295040024636865,3.864483744543449,1.6263325374888837,7.545831175084565,24.20718702864677,Fail
9.321182824836123,4.084873888822733,9.338989713039693,1.6301699033552153,1.4981097643260455,25.873326094379813,C
3.8420671298580023,1.122115392472729,9.935649993533152,5.781709654738779,2.867269229335175,23.548811399937836,Fail
4.830141128439505,4.274356695512971,4.628397021877358,1.730996579053048,6.245670184427898,21.70956160931078,Fail
8.018258998755151,1.1240471127794882,0.5675118217302388,1.8287043523463486,7.333765293406711,18.872287579017936,Fail
9.084505613336283,0.8504362130607113,1.3321859404012326,2.3975141630535024,1.5122937673124248,15.176935697164154,Fail
4.975660833887259,9.578131827533579,4.9049465163702,1.9703592975296924,5.353632818230361,26.782731293551095,C
8.247432373470076,9.148783806173704,3.4028646709839694,3.5674271769313526,6.73702504676889,31.10353307432799,B
1.1005192452767676,7.18531318122246,5.557228691248916,0.7478230512642436,7.000454745795091,21.59133891480748,Fail
8.71271850950117,0.24414314822222116,8.845009632651589,2.6399872185388884,6.842982226364885,27.284840735278756,C
4.891965179806156,8.576112353255574,6.163796046156383,5.433127390975212,8.341509691424246,33.406510661617574,B
1.7488143717595939,0.392435760405464,2.246169164582019,0.9435990826063945,2.431119370915229,7.762137750268701,Fail
3.25104015431699,3.622929983164862,5.357966461869442,8.162071708213908,4.527733878530399,24.9217421860956,Fail
7.67233394159223,5.040951146760274,1.3040388498034905,0.043333164827822346,9.673106600948998,23.733763703932816,Fail
0.566804321658354,9.816106556424328,0.7731879285780763,1.8653392183615836,7.774726032520418,20.79616405754276,Fail
8.757170365589394,4.977273764780678,4.145495531479622,4.886845447886909,2.4764865558791413,25.243271665615744,C
4.425773459328154,3.2457865916527915,7.918518627551306,0.02631644021484747,2.203798143662371,17.820193262409468,Fail
5.902949425148077,0.057209315419646245,7.097371925255213,1.4914880357871452,6.749963046456779,21.298981748066858,Fail
3.0306576117510167,6.819974472807335,1.540028735322998,5.5047489472816045,2.11500764814466,19.010417415307614,Fail
7.087656323456546,8.28744265728477,5.146073102354617,2.6366021893955374,2.5424520503642425,25.700226322855716,C
3.452231428016921,7.196639255967115,6.481795582653734,7.125255868765637,9.830409704170288,34.086331839573695,B
6.41675710161496,8.694591028404044,3.786514712523662,7.038552456488843,2.664634248222458,28.601049547253968,C
0.9377652625701649,6.6144083845077475,9.507496060422586,3.40132210843451,4.916689839434824,25.37768165536983,C
4.915945467414369,3.768355610161657,2.7420760506024475,1.7057155320619222,8.362468629999801,21.4945612902402,Fail
3.0166224163114883,8.05270597207251,1.9725277773071948,3.086144915725445,4.798804683688855,20.92680576510549,Fail
4.1581856801841095,7.4030479075598175,0.09725875131194384,8.592228039017971,4.662858890019779,24.91357926809362,Fail
0.7748362655548269,0.5695286729568116,2.226129123735603,8.888395822693703,7.070727086326673,19.529616971267618,Fail
7.61027902502028,6.421291468642604,4.121730468096116,7.677187648213534,5.491776921290614,31.32226553126315,B
4.754757152327337,3.711116637765881,1.7306194920070495,1.7477750386324897,8.262664274789909,20.206932595522666,Fail
3.733531610318317,9.805921238047873,4.987393308123381,5.051221723379385,8.033562279200071,31.611630159069023,B
7.694488940820471,4.4948196518542805,8.940975279890292,4.289126149407205,2.3162631170049144,27.735673138977166,C
3.742707957561203,8.529839690301365,2.8231105785420674,0.10399188788189573,8.462209705984744,23.661859820271275,Fail
5.661806912250709,4.594387466183786,7.023514608651067,3.2399250046560555,2.8959018442373363,23.415535835978954,Fail
7.067772168854458,5.45488148056962,7.229751935086205,9.82654829435477,1.7562276641855612,31.33518154305062,B
6.765133857772465,3.0714995018995217,6.356280558356952,5.350372896565445,3.679724553540591,25.223011368134976,C
3.548457234306582,1.8517593884505912,1.3440612688778908,1.7122981486334676,9.15079070799875,17.60736674826728,Fail
1.6361620413827627,4.715825960942325,6.105093152379945,0.055835306779890015,1.8939965360620747,14.406912997546998,Fail
9.979341105333376,9.882034927269741,5.757685815522844,1.5556806076536867,2.229082494294905,29.403824950074554,C
1.0792455496499387,3.8669149463878805,1.287787554774632,3.682083408540474,0.03287443112213517,9.94890589047506,Fail
8.213883629006943,3.170737693630582,0.7271121434459171,7.438422454835969,6.550534134393447,26.100690055312857,C
6.5784530460303605,3.3636871188370976,5.750857058923728,5.231189668395544,5.794205722629432,26.718392614816164,C
2.6549640742907235,1.291364040663343,2.046689475939475,0.9275379265788675,9.514422247445026,16.434977764917434,Fail
8.309491710550684,4.646270708685445,0.5993043311889179,8.277144662138603,7.7312099190091566,29.56342133157281,C
2.578876854332023,8.72948730409002,2.8391829091838905,7.977779628049182,2.377790380438599,24.503117076093716,Fail
9.277457330754073,7.781256612865217,3.4118005460035574,6.594564786342838,5.823320928612362,32.88840020457805,B
9.340329911306393,7.294439883265498,2.9510946788160486,7.35422045484789,5.636644806957731,32.57672973519356,B
3.502723706693276,9.499609008768916,9.737634500127166,4.76825706434835,7.277033223113857,34.78525750305157,B
2.928220367009647,0.421504169629342,2.4590304256326667,6.865582639721405,3.7477529641349303,16.42209056612799,Fail
7.542482596820808,6.3199134413146885,6.63214327298456,5.686592289914879,4.150937698340198,30.33206929937513,B
8.414397599562447,6.594796782867858,2.4092559247157808,7.146292891863398,5.089929496331433,29.654672695340917,C
4.599419512939628,6.1328639383312975,2.296125565197147,1.1543277967431387,3.8006855181243546,17.983422331335564,Fail
6.136379029893838,9.863985764853,9.40752452645006,7.7964106808623,4.885197006554536,38.08949700861373,B
0.827368356181899,5.8255169638460025,5.733284926111635,6.014935235424668,1.0178931150434112,19.41899859660761,Fail
6.62232158329593,7.469036553555233,2.7963832805172686,5.121466810476494,6.526088379243976,28.535296607088902,C
8.93534583498437,9.040817085413082,4.234950388278682,2.4110298890663486,2.583130006765927,27.20527320450841,C
4.427359277064583,8.977740682550511,3.120730182954224,1.781533312461292,6.245849045552929,24.55321250058354,Fail
8.300326836280746,2.676481623668492,9.43505583788035,0.75022760072876,4.035596158930988,25.197688057489337,C
0.6265320345535452,3.2913670555608032,7.0556820207556665,2.481658432092808,8.330928914504517,21.78616845746734,Fail
4.0941165219124045,8.901151363098093,0.1671109373772628,7.7689965587958305,2.722296754759518,23.65367213594311,Fail
9.132059618141724,1.1988587082400426,5.355194199109402,8.84237946334032,9.206676917076997,33.73516890590849,B
0.7924960612992882,1.7722238330646967,1.7157494376313598,2.5171661592473473,0.8354762035215169,7.633111694764209,Fail
7.324010490583791,3.6037812155656956,6.4968083794538405,6.71614763387235,7.586496023537597,31.727243743013275,B
0.46851908527603126,6.036445245059879,8.278031832982524,7.058367737667124,4.262213418642181,26.10357731962774,C
7.927581135728127,5.811853427321135,7.450365341015921,3.4760964227431246,0.10020783390207288,24.76610416071038,Fail
7.439051873021519,1.2759123928737715,5.587129525945215,6.30630605982971,5.680485131987375,26.28888498365759,C
4.120936096325392,9.43379718994751,1.0112205421490394,7.943306552653664,5.056590370718293,27.5658507517939,C
1.5484139464745494,9.029189732330538,4.560978883919392,0.9744032982041462,9.14295634852627,25.255942209454894,C
2.336090320362368,7.236793680928076,5.099545060026141,8.290171339614552,0.10752767203065727,23.070128072961793,Fail
0.5808361216819946,0.32109580482058253,9.612079012228596,8.255644893453816,2.5546002896349442,21.324256121819932,Fail
4.376613281482035,1.837389258424279,7.297354999183952,4.356383883661402,5.738323175871765,23.606064598623433,Fail
0.8661976085469403,8.178740635904726,0.9985782447202562,4.760568902183174,8.362952280365073,23.16703767172017,Fail
2.7194603941844875,3.814410821056089,0.15273838062884737,9.689257827137476,3.4959326356310196,19.871800058637923,Fail
3.373306088457655,8.35806369617836,0.444944268183991,1.3099867283634048,5.418521307492897,18.904822088676312,Fail
7.076809347409157,8.595277052474898,3.4691332037089726,5.900074033035195,9.66816202419523,34.70945566082345,B
2.678735828174408,5.408120707980756,8.25878677458455,8.02379629296882,8.770708332918993,33.14014793662753,B
6.31722418326584,8.562440416916203,6.697758460373637,6.391725634376625,7.47204562960772,35.44119432454003,B
2.3464208185545354,3.8110932600828287,0.6684721981767605,9.90102794112134,1.5323151790598277,18.259329396995295,Fail
3.4780920790219305,9.419744321435902,0.7970473944545908,6.316807008928934,8.00464121213891,28.016332015980268,C
5.612227882825249,3.5771676494242755,6.3539955747911225,7.878425762484773,8.987790552502336,32.409607422027754,B
3.0276760761742505,5.767897084972363,2.2611191063425853,2.4748032594110603,0.2882735517249313,13.819769078625189,Fail
9.059439679262645,8.48736992593174,6.759715253912666,1.2630538044061412,2.968010781155954,28.537589444669145,C
7.56751505688635,4.637805973609228,3.039236836132664,1.30742006102467,0.5829557505557581,17.13493367820867,Fail
2.002820178676259,6.537995093336168,9.70986651903607,2.3796016778429516,6.794049429969621,27.42433289886107,C
6.166219781652751,4.415186965108651,4.140959327426338,8.282763941786627,0.7162006566019363,23.721330672576304,Fail
6.194450738181533,5.009294044165054,8.80342741429316,8.981309563845041,8.713644123370685,37.70212588385547,B
2.2748160369354,4.860034482382267,9.634586620379475,0.7447079886853569,9.311033093352597,26.825178221735094,C
5.828068350834896,8.556026270540281,9.22398027432509,0.5243457109606364,8.219111707828917,32.351532314489816,B
3.270331615632387,7.029656635446435,5.518636358344989,1.833285217848828,8.474103725068188,26.12601355234083,C
8.473550539093669,1.5759032215646862,8.384972179114751,2.698299250416704,6.419621239453585,27.552346429643393,C
9.918099513493635,3.9795727729576926,1.8050711984439716,4.808798358286996,9.32644246316484,29.83798430634714,C
3.892304716917885,9.599281205835016,6.742402806643377,8.598334808462408,8.352165932694264,37.18448947055295,B
8.94761987012495,1.5883769538201564,6.3622586743163,9.855382131740445,5.736586863224966,32.49022449322682,B
5.994305420276217,0.46033136141718556,2.0727066601845245,9.117860234892333,2.9389648566728575,20.584168533443115,Fail
8.848551176960044,1.1002124299147664,9.637907144640801,5.177389364941697,2.2068218816393093,26.97088199809662,C
5.60168183461842,5.769221385996435,4.190314170841275,3.0179324293534036,1.3416121934478098,19.920762014257342,Fail
4.113039720662313,8.194380817932682,3.7798925056923505,8.429923545469949,3.7000754446584025,28.2173120344157,C
3.430440057930102,8.900072746940577,7.663479638310559,3.3578896283666526,5.332303326141029,28.68418539768892,C
4.162170310323145,2.420399927760466,6.415363642455536,0.9130170660673231,7.091322131603892,21.00227307821036,Fail
2.8651954892712297,2.2598676566149245,7.839386353624312,7.708982213861482,7.638824530015379,28.312256243387324,C
2.1199405469865806,5.392305273364832,1.1640768646481947,1.9133003029024431,0.40710973684136564,10.996732724743415,Fail
6.42833390815738,2.2536242532032382,0.8601818756368051,5.72349182438264,2.962644034486761,18.228275895866823,Fail
1.4939938845377232,2.539663983122221,5.3409006072376455,7.832878098783613,7.711643681819922,24.919080255501125,Fail
7.234201136885849,7.756546353260334,9.483844262726166,4.2382005487222685,9.882281109189572,38.59507341078419,B
7.359204063739488,8.967513646130648,3.239669328305401,0.07043553518807477,8.220654107753493,27.857476681117106,C
1.9710603882365219,8.053576701617757,0.5887217508975084,0.03360855181929301,8.4178824982537,19.06484989082478,Fail
3.8193963965289592,3.0955316940265076,9.444689528115406,1.8739644634006924,6.646561990889387,24.880144072960952,Fail
4.046537416485502,9.483637310214803,3.7972721159334566,2.948236160214538,6.414374669360186,26.690057672208486,C
9.124850542303685,4.449666567350885,3.353816082269101,2.4237633509407583,5.32381826084405,24.67591480370848,Fail
4.0542282513915495,8.779415639996062,0.92636368687806,3.1329234813700326,2.753323005617132,19.646254065252837,Fail
6.5369869290507925,9.98251790186256,8.56742482407258,3.0582521745841893,0.17491658019392897,28.32009840976405,C
9.18397542081558,5.1132454366112645,1.6178858502363025,6.288878380267326,3.3867451429931505,25.59073023092362,C
6.970241660042995,3.9019596724990233,8.63886032678957,9.131000688020194,9.322392763511381,37.96445511086316,B
8.64358249839637,5.2910326766043845,6.897754559960694,3.0044370684418764,2.063824646216421,25.900631449619745,C
3.293792693020757,7.359472017232224,0.893195211837623,2.643544225670693,5.467334366567159,19.657338514328455,Fail
8.900189011487647,5.10886008224664,2.174767398104167,9.510838812651036,1.938379295018654,27.63303459950814,C
7.550419287462783,5.319717344964983,1.393911737303507,4.140236084892052,0.08601818432715347,18.490302638950475,Fail
4.724933550065136,2.139228704997177,8.883051522966474,9.512641693946101,1.2804948482368073,26.540350320211694,C
0.12069935300617951,5.155199159143766,3.7758112743535377,1.3863122766205604,4.8624904899924974,15.300512553116542,Fail
2.0966092211170038,4.765881789196347,6.542544607656283,4.980773447731136,1.3267921171851194,19.712601182885887,Fail
9.288595498455656,9.68901717114038,4.5152821487908685,5.0215301870153315,2.447524489774122,30.961949495176352,B
5.2023048910309,6.736624198934342,7.132391520201998,6.413894160112753,4.154184549121288,29.639399319401285,C
3.044904243540304,6.368989721654803,4.9468514881658185,8.147845339645663,2.066310293668577,24.57490108667517,Fail
8.824411913475817,7.957277149698383,4.431522734549001,0.8192510736274161,7.582910828506658,29.615373699857276,C
8.93459054167116,9.501683407630937,9.411804093492668,3.5343029828988293,1.0736429539087522,32.45602397960235,B
6.237430848640091,2.2012942083576412,0.7198193705642875,1.8073397044779627,7.239027998934652,18.204912130974634,Fail
2.8917825385644313,7.67740809852709,7.878442635970163,0.7261343136840404,6.33969956141017,25.513467148155893,C
2.820345725713065,1.3045563655139392,9.203335616722674,2.187709725943373,5.0419869846255825,20.557934418518634,Fail
3.881214567684971,8.554675291161054,7.787805493770657,9.112487098445293,4.215045938460658,33.55122838952263,B
0.9667644964671962,3.428920913489797,5.233275937130434,4.027949407145492,5.057440507524306,18.714351261757223,Fail
3.282331056783394,0.21388846675079787,0.8757281726623012,6.176298207622585,3.709313981041026,14.257559884860104,Fail
2.541472801278144,1.626004084036986,6.097925772911562,9.71732960023852,8.229183904341552,28.211916162806766,C
0.013536257154681541,1.220854216512327,0.5476377752582551,5.7093287566198345,2.7920883774729943,10.283445383018092,Fail
8.868315394689592,2.383924421890098,5.028880567856681,7.241220701457083,3.9820575696522162,27.504398655545668,C
2.467474206673809,0.09730960155522994,9.653961189814117,7.466818856517353,8.95856462601998,28.64412848058049,C
8.846749849533499,9.638089696209995,7.592076977130451,6.0037500152431775,7.391413774832266,39.47208031294939,B
6.283471175494444,3.7637062729826765,1.665238629308865,3.104779564461894,5.66532965595433,20.482525298202212,Fail
7.892928483196856,9.589046048452053,4.574669923029103,4.086894387149114,6.883693252670816,33.02723209449794,B
7.496257521490238,6.238625416173294,1.013083668229141,1.9078486355777013,3.5942442931630367,20.25005953463341,Fail
0.8018675681211329,6.53565152681102,2.1464754877019807,3.665604745696127,5.553241695128591,18.702841023458852,Fail
3.7969240816726693,2.3000045254839985,1.1211015418841963,8.939384594545691,8.309528639338625,24.46694338292518,Fail
5.11093821472398,6.555581974173488,4.2089852247571935,4.258968641355669,2.4667731023337836,22.601247157344112,Fail
9.56614621083458,8.736686556513312,6.864341319025405,8.39283401921843,7.698053167487472,41.25806127307921,A
0.4317373579701167,0.8127910484088774,5.09228813848111,4.835926907518701,6.626602149213862,17.799345601592666,Fail
4.394049896944522,8.867343919459044,4.650020130266928,8.944526188234912,7.829832979571356,34.68577311447676,B
8.655771456245523,5.420965091983188,9.756521313912716,0.550137149921468,0.022218433296467,24.40561344535936,Fail
0.8413996499504883,1.7209985264986216,3.913513387005799,4.311396021160599,5.266985379125865,16.054292963741375,Fail
9.9209218702882,9.311580911106223,1.921011805993893,4.02631684110681,3.5288649069038005,28.708696335398926,C
9.030506531025154,7.417833308897032,8.093173756255574,0.03507151810694498,2.4313342979158605,27.007919412200565,C
4.362460263571574,4.717671511498236,9.52825314946477,1.7810765595843558,1.705739095017681,22.095200579136616,Fail
4.511300697978414,9.338670398513198,4.186149859748554,0.17225327367926035,7.549673976059635,25.75804820597906,C
3.610747263410372,3.883668776715475,6.136608074093272,8.142090066754111,3.1871194369470466,24.960233617920277,Fail
3.7300709987856076,1.0656288374105172,6.48949348794487,6.512714036250297,6.376487000217169,24.17439436060846,Fail
1.2555021476265338,7.545233074255647,7.356887486702045,7.5209384477145,0.5901664426374176,24.26872759893614,Fail
0.533479969888977,1.8839476740049221,1.820676122780246,9.883045675907983,3.7698817930053217,17.891031235587448,Fail
7.578461104643691,5.79961980535111,6.511683891270838,3.2655781816731055,9.653154257189732,32.808497240128474,B
1.2628347258456896,7.209984200449039,3.766972592935105,7.549607048326904,6.7837160141126285,26.573114581669365,C
2.6459711188102997,6.366291184450486,7.2044031384211085,4.692679244872524,5.694739853805872,26.60408454036029,C
3.5300475097183623,8.055842491436275,2.3793668172139784,0.9108077277068172,1.8184513032901872,16.694515849365622,Fail
9.916861403927356,4.2553429772119955,9.499249709744731,6.828291704397419,3.0282956088011947,33.5280414040827,B
4.017788006543243,2.8888729937422672,9.704766464417824,0.7440205772849073,7.271625544452387,24.627073586440627,Fail
7.869033862552951,9.867965941798968,0.12115270109602339,9.466500833891757,4.084600572955543,31.40925391229524,B
5.558708141989594,5.666560776020624,0.25361777160728183,7.818328164255023,7.597817940470643,26.895032794343166,C
2.094067139499336,1.8263897570179843,0.7392836488661492,5.079462309990483,8.527290227591285,18.26649308296524,Fail
7.839525180978409,4.537417590943016,5.662120449106034,0.24738907537883104,2.368665038305111,20.6551173347114,Fail
1.2436839900051022,6.396167324320619,4.5450360098260205,0.6018332063961906,2.7270184980354006,15.513739028583332,Fail
4.07164298467125,8.901563625733944,9.2692069231589,6.1730020241385875,6.230917056547689,34.64633261425037,B
8.191023176741997,6.783931464059073,4.928543389049369,9.037242257513796,5.115067523465978,34.05580781083022,B
3.9722752956623255,2.018960561328899,3.4131261003166404,4.318260077255472,5.570557001472606,19.293179036035944,Fail
4.678594626341599,9.564007794334167,0.16265074117443268,4.998454617855382,7.886281929915411,27.28998970962099,C
1.125041332380915,9.09499042940716,6.002068575926714,1.1853224094958825,3.5352591897914376,20.942681937002106,Fail
9.145844352217477,8.819624278318685,8.232364392110732,1.2805649758679771,0.47357480278904296,27.951972801303913,C
3.4222552477890456,1.4104969024984015,9.948941932967458,1.0600373213329872,6.692164226475942,22.533895631063835,Fail
4.541674701677638,9.28175939066235,2.130981811484798,6.30900220396625,2.3961383966889915,24.659556504480022,Fail
5.894708030932469,3.30851804872645,9.930244401696076,6.561156340598586,5.184337458253974,30.878964280207555,B
0.7787898909129076,1.056428488702419,9.811799531889756,1.5853370489743956,6.572415601361734,19.804770561841213,Fail
2.685337560676073,9.988448271846313,5.855571873198685,3.157573106739535,5.584105922757114,27.27103673521772,C
4.570239521926255,4.811318108274651,3.823411302911005,0.40198978498492965,7.8633975263218385,21.470356244418678,Fail
0.6803731409166969,3.6888462237400566,4.218288025747938,9.748197351111612,0.8104731196270076,19.14617786114331,Fail
2.2649577519793795,2.4241881388721085,1.4958970291336182,3.5457104725945876,4.843438482767787,14.574191875347482,Fail
4.503503857807928,5.913425897986418,4.909423441029581,7.435691300796741,6.003586275036069,28.765630772656735,C
3.1694262176728136,8.852289842111725,5.852542262381827,3.9245051390147436,1.449779454267568,23.248542915448677,Fail
0.6646332577627212,3.3902854974390975,4.101497198886398,5.45259906879362,0.9476337624461473,14.556648785327985,Fail
6.009571949974973,5.618138803383087,3.5362749509048266,8.628840668405099,4.789958788445894,28.582785161113875,C
1.6678733518367417,3.9011321343393313,8.174460023253014,5.5114619255693,3.0486933626930957,22.303620797691483,Fail
9.945642566845248,5.243754866553568,7.796211359353894,2.21452251016839,0.8601654253701041,26.060296728291203,C
2.646350269253573,0.17565455703966948,1.833838334937381,7.52982430132612,7.992124816830136,20.17779227938688,Fail
8.146250560259173,5.669504756388102,2.48549557947796,4.5516738531110015,6.506979862804624,27.35990461204086,C
6.56729484721608,4.595870058794439,7.169988580831188,0.7881387351245239,1.3269088845665533,20.448201106532782,Fail
3.0476091279732573,5.304106879754034,7.8084734481873745,9.106095496429052,8.396495200281477,33.662780152625196,B
4.927813458649557,8.831759706143231,7.2432740081402125,6.30492571202402,4.421434216985778,31.729207101942798,B
5.345545447560392,3.2101981055089968,3.1583976379740464,0.778142061525634,2.3657152728578614,14.857998525426929,Fail
4.0944793762730916,5.810383241712435,6.447234896286991,6.163303059172037,9.985611362318517,32.50101193576307,B
4.019519246152195,9.596988005510044,1.432275578101796,5.547491067697768,6.530252804661295,27.126526702123098,C
9.627848079807322,6.708577033306954,4.994275969978428,9.271928737641158,9.591050920796887,40.19368074153075,A
6.313759776433766,8.72520516846182,7.3782732734378715,4.311336782506558,8.97090760752795,35.699482608367965,B
3.2663924942591094,4.704322476632413,8.199004299844582,4.156964239676415,8.468966964462588,28.795650474875107,C
4.319450186421157,1.0080719713908526,5.9907151033524055,6.613737363753611,0.0890586655163994,18.021033290434428,Fail
5.247356376614322,0.3980568322208733,1.9936473174716318,9.897456749079222,9.044936957506547,26.581454232892593,C
3.714633393344715,7.870695027239316,9.181089700341419,7.69065654059106,8.79538823119929,37.2524628927158,B
0.13682414760681105,5.627020053710677,5.157722876737236,9.394427648991305,2.130383142111527,22.44637786915756,Fail
7.925948132091348,8.9279335642066,4.536412314437085,8.858735173125835,1.8562719332070599,32.10530111706793,B
8.610088213080136,0.5862870042258395,2.682046855225005,5.3205226038320514,0.3699813041571143,17.56892598052015,Fail
2.271795570235149,6.643754108515623,7.792266510822553,6.583895591724373,2.252731824994042,25.544443606291743,C
9.007018640112586,1.1054136441673534,7.367216436264017,2.9623673287555006,3.7667262010014655,24.208742250300922,Fail
8.545473932021803,5.626667806563331,6.04191950743664,6.122603408767345,9.943768165049573,36.280432819838694,B
0.24697297686111286,8.653743120928244,8.727727255534207,7.489286698809136,2.919773488969244,28.03750354110194,C
2.1027617790186137,7.343234082185247,2.7161705271496706,2.578522223778783,4.839614425841249,19.58030303797356,Fail
7.318727372865008,5.74642070621839,0.11886408847383678,5.6766788436465285,1.2768771177716687,20.13756812897543,Fail
5.568444131345625,6.314991066734976,4.809936394209524,6.047479614420073,4.153630880272745,26.894482086982947,C
8.508527573220954,6.1635632359902495,5.356911706429356,4.461060931238428,4.89771257352929,29.38777602040828,C
7.140527233781268,0.9125056928224529,8.64833814576485,4.517073920064587,5.539943623211253,26.75838861564441,C
9.246936182785628,3.8789852895172983,9.120302564513745,1.749335627507892,0.16577471685588208,24.161334381180446,Fail
4.6806905423429015,6.4509744564265326,0.2192642978892323,1.9195715143476588,0.3860789359694139,13.656579746975739,Fail
0.6449068045584627,9.760951791114886,4.407776525463927,0.29990637760199834,5.337359742897543,20.450901241636817,Fail
2.6504642832500402,1.9392782028068045,3.3271158193237396,1.0212109932823565,3.3946902221970463,12.332759520859987,Fail
5.435955749112921,5.785754113832238,4.387858542389209,0.8688993756604813,4.280805124787794,20.75927290578264,Fail
5.556171546824029,1.1583465834136975,5.897710456544126,7.17767334701974,3.3897181757691786,23.179620109570774,Fail
5.345592191563087,7.395511487349929,1.272431727430331,6.28698948325715,7.0654363146274335,27.36596120422793,C
0.5621390545987848,6.189223562347216,4.668842216333211,7.913650043371448,6.190954818875669,25.52480969552633,C
8.042611543784501,4.985074665241013,9.462002119767345,8.248968072087994,9.093369179792065,39.83202558067292,B
9.5650139829948,1.7713545479300252,5.983789431994964,4.870164861750891,3.17112923296334,25.36145205763402,C
6.335352936161702,4.071928496858535,9.076181048784877,7.102718538941186,4.486378605728892,31.07255962647519,B
8.884036723086812,6.45916526405514,3.0676582065295155,2.8715849543357095,9.869516863019383,31.151962011026562,B
4.463263599865613,6.140649847273983,0.9238490699624413,5.939956878266328,1.1188934298477349,18.5866128252161,Fail
1.597494602339442,9.221203897976372,4.496582244427424,3.9145812396153468,1.8084810672283491,21.038343051586935,Fail
8.110153749320693,8.88551382703368,7.670828872292905,8.931088765498787,4.183423121726104,37.78100833587217,B
1.989168137372247,5.888248932482933,9.666777542502295,7.3415587474357205,5.305714563845662,30.191467923638857,B
3.3451128874193214,2.577400613115186,9.170515920403796,8.905415851305968,5.981849147266962,29.98029441951123,C
7.850718615635127,5.4401229136310985,4.023679950243623,4.891624732418269,4.672944932697983,26.879091144626102,C
7.035283401815304,3.0930766548529762,4.311646483110637,1.5221836635429942,1.423293102446076,17.38548330576799,Fail
4.144298124670366,1.2481766904184266,9.333010482351945,7.9867686631036054,5.723221424462393,28.43547538500674,C
0.6121665814357202,7.790952558129959,7.196534336890352,3.475529390761123,4.353752261662679,23.42893512887983,Fail
6.00251410099583,7.690232387826478,3.9361034194462197,5.7970723909789355,8.313532871961533,31.739455171208995,B
2.4271498679858317,2.120433621929596,9.9171629190888,8.410295721018342,6.766772798671726,29.641814928694295,C
0.5363479152083084,2.1843824498868036,2.5503566963646005,1.7821841886984147,8.542096090867421,15.595367341025549,Fail
0.29247283034559146,6.721050670137647,0.3364382254376208,5.600929176752086,0.7383496411555501,13.689240543828495,Fail
7.948095487499294,0.4397164162145484,8.099450091529029,1.1779029552541254,1.5622413368473176,19.227406287344316,Fail
0.49781001523043766,0.07310488654940772,7.24403000317891,1.1678504134013656,8.846113049224183,17.828908367584305,Fail
3.3689579177110685,3.1373525884465394,5.30856317399734,5.780969309280258,9.67356334652208,27.269406335957285,C
0.2256858320237709,0.752576013082058,3.3881042023067742,9.619366813923612,5.674141631910333,19.659874493246548,Fail
6.7177927025486595,5.011666285631721,8.848907214308044,8.383519723005607,0.3014051776330229,29.263291103127052,C
1.6428684327240928,2.8993709366237788,8.897356025039052,2.6517836728919066,0.5782224921932111,16.669601559472042,Fail
9.616114422544468,1.4341861223627494,4.592112786357787,4.260926167773654,8.622043242862038,28.525382741900696,C
6.296835952592029,8.858827375717444,5.927279792398607,2.182118610193402,4.5330444426883885,27.798106173589872,C
8.793930568071955,1.4210695983258237,8.492858321555218,2.3877441898226026,0.31350184475328446,21.40910452252888,Fail
0.8812656950055775,6.356510711589388,0.12807332630426993,9.564750247711311,4.2772963481388615,21.207896328749406,Fail
9.509413518658343,0.5296640560971011,7.840190537712093,7.2791409657194075,2.3942108812204568,27.552619959407398,C
9.309486955069778,1.006936011038031,0.3230191291534845,8.952184867225975,9.052051318175627,28.643678280662897,C
6.8776920636573475,7.478922540260832,0.3332879497625596,1.72908712317845,8.989275872509253,25.40826554936844,C
9.451224487448869,8.08212830516503,6.6149302041431755,9.64035455731614,8.908927631696766,42.697565185769975,A
9.804707977830711,4.979901277547686,6.402789452771725,3.411327526623835,7.7720530666036245,32.37077930137758,B
2.9191117349780726,8.77545542559473,4.538497770464131,6.707188035143901,2.0520194705869943,24.99227243676783,Fail
7.925951162883833,5.587234082125524,0.09887865016920738,3.813381163173214,2.5721287353743563,19.997573793726136,Fail
0.8912443211601662,2.6956169325245947,2.1909482270011535,0.13231070783704557,5.558678676787286,11.468798865310246,Fail
8.19063513861656,6.013676269900664,5.088516452498815,6.951575104898038,9.991099813095342,36.23550277900942,B
4.264997472418611,6.115315946147739,4.362692800425893,1.0014913831247108,6.508616271136978,22.25311387325393,Fail
1.3998737672176287,1.1432311411912521,3.9510075301478933,6.00658044996362,1.8510327275550609,14.351725616075456,Fail
8.240944904843742,1.2965040049112864,6.977479996808516,9.533858352713874,9.220819807687256,35.269607066964674,B
4.268947278233027,2.0788805526314444,1.1394561368051237,7.70919609317896,8.926368164720639,24.122848225569193,Fail
1.453266924205041,3.04579947087249,0.15375624044496994,1.048511643368173,6.54899138183594,12.250325660726613,Fail
1.636559428657045,6.340007674159881,5.022801292685278,5.486739234330212,5.1909993464954844,23.677106976327902,Fail
6.256507894272765,3.2883304688119033,2.5048684160122248,8.89230466035449,4.900336295628249,25.842347735079635,C
3.0264034063681455,1.26621121690773,8.624466264552023,2.558168833425648,8.05530153913471,23.530551260388258,Fail
0.8933990229186684,2.6244806696384018,1.4077577621428472,8.694117786951232,4.752293492127084,18.372048733778232,Fail
2.6982072012821434,7.922223472439286,4.896238314101744,8.465933573002006,8.203511211688266,32.186113772513444,B
7.3886667713303265,7.621711054836778,7.199396443474601,5.221014081671842,3.533033139357152,30.9638214906707,B
6.619136326370115,9.095255593623296,9.537707400760041,3.4600165120798945,0.8032830418096437,29.51539887464299,C
6.019234310151315,4.110425654209306,5.873861907588074,1.1509426390126243,9.191473232088299,26.345937743049614,C
2.6817436774491332,9.162708373435315,4.31043415211835,8.015622175752906,3.1812643225484196,27.351772701304125,C
8.158331249906178,6.41619998714409,9.126923734444158,2.2153300553581303,0.8647860435607102,26.781571070413268,C
9.969905028125511,1.2958573000998441,3.457642178215381,9.924121831579297,9.449449711206553,34.09697604922659,B
8.116270144448535,6.060334525203785,2.3415914505635826,1.4358527013193423,6.170045556612569,24.124094378147817,Fail
2.9004553196243688,3.6645664633997965,7.555707030995242,6.744668799869837,3.149765440094303,24.015163053983546,Fail
8.900970351838083,8.27480959757006,4.9451956297028445,8.002101828759374,8.88773818971107,39.010815597581434,B
9.372284872364512,9.901917892516718,1.6090528396350035,3.995085932871665,5.069199595657209,29.94754113304511,C
7.767105569551812,8.698123658139231,9.069460031486638,7.060526019553808,6.497537050967451,39.09275232969894,B
6.33101457273268,8.88642669362955,6.652629243224601,8.875553009463552,7.62011097615281,38.36573449520319,B
6.707650254430357,7.356975053062538,3.1022592793765935,1.5774211665739057,6.602010685559916,25.34631643900331,C
7.655467505158608,2.7148421749985854,6.592914727882141,5.994142071365456,3.6680353873702365,26.625401866775025,C
4.921162930795382,1.273720360333609,4.974366535230162,8.14561831599658,1.7119245817300677,21.0267927240858,Fail
1.5141044393608505,8.045587144686301,7.024995732190771,6.018041383665529,5.002744733926048,27.6054734338295,C
0.34376858351725215,1.3043945453334649,0.6144791604425892,7.263364677787855,4.160167439152444,13.686174406233606,Fail
8.464522917345182,6.983133239405602,1.0321959145577897,6.72923630659712,0.5043770203927478,23.713465398298442,Fail
8.690990687247286,7.15282131327177,1.2902889683906837,5.313474405855944,4.795950027991002,27.243525402756685,C
3.458774607378574,3.6011771548900384,4.116611051699865,0.9473859930251971,8.053435975487119,20.177384782480793,Fail
7.978136488586345,3.1447663586651053,0.20984981756284715,4.398447446836339,6.945267322606563,22.676467434257198,Fail
1.2150137630091806,9.030010851514962,4.204289561404514,2.794551553201312,5.692759871823972,22.93662560095394,Fail
2.2264923522678535,9.815517379172206,4.254352927105085,4.450410750575319,8.294544034005606,29.04131744312607,C
6.018067339454473,1.9293443629279527,4.33218635177845,3.5402972126192447,1.8107370300016312,17.63063229678175,Fail
9.043597749938572,2.7224753637047128,5.086746320899383,1.0257243871964672,3.2694594239282826,21.148003245667418,Fail
1.9863161386186912,1.559262521738315,5.699094466892392,7.6287469940688375,9.517348037411855,26.39076815873009,C
7.296784136472413,2.3977973884404746,8.951504000902803,6.0682258988569675,2.3524659870971476,27.066777411769806,C
8.059701286709538,8.24836277153758,8.161276158975765,3.021446128488404,5.528549141543085,33.019335487254374,B
6.3378328474728765,6.181522902595573,6.802204038586392,0.06101411190476136,7.973841403062013,27.356415303621617,C
0.39417585120362975,2.0194086451198254,4.248620580135287,8.610964919574661,9.40898280030737,24.682152796340773,Fail
2.832965279977022,3.654258803022472,5.99578660025048,4.465277895851943,5.36278684651872,22.31107542562064,Fail
0.33789150948248636,2.8189377059933243,7.02728783061762,6.616294693816545,1.5512423574603873,18.351654097370364,Fail
9.164891511155142,1.1832407300313819,4.940725774332067,2.9402912260737315,1.6723334873534212,19.901482728945744,Fail
8.778300781520409,9.578193238132592,0.0346845924349537,9.532316963642181,6.8461902651927184,34.769685840922854,B
8.614456860213242,4.398207378332443,7.229141822013851,5.125073100860355,3.1822895213266547,28.549168682746547,C
6.159854502601791,0.6702807903752273,0.7269200591879643,6.443493359905352,7.489481882526573,21.490030594596906,Fail
6.482091774485559,5.063662535617891,1.7712059569910488,3.1844101795965862,0.24718188692368637,16.74855233361477,Fail
3.7895590981250757,1.4874150987149748,6.587055427265261,7.89787080236496,3.434888649381347,23.19678907585162,Fail
5.771866762233088,7.290376238201884,3.094011004280354,2.320821038469046,1.9853481335041079,20.46242317668848,Fail
9.106057172144217,0.7053429523732191,5.280714117368048,9.444920461050499,3.353398193126772,27.890432896062755,C
9.419055872604202,5.429465845718413,1.5578304793936626,4.926758390935067,7.871383385350298,29.204493974001643,C
7.983803405183525,9.008678944015792,8.989910560520938,2.2648364948389688,0.39924707043160534,28.646476474990827,C
8.381152896481103,4.146200623964779,0.904862918495527,8.904317549370827,8.35894997779968,30.695483966111915,B
1.7320186991001518,1.4206160944306223,4.413990910803554,5.5874499716638,9.273665840371063,22.427741516369192,Fail
2.497441792293552,4.683009475999583,4.09238397047462,5.797286511986146,2.6620437043388314,19.73216545509273,Fail
7.42881493667939,9.378169652325619,1.8250222300057484,4.0538901172315995,9.098067182668595,31.78396411891095,B
9.574480190380962,0.012036139090179088,7.160136409328436,4.7868684239456725,8.888528886701746,30.422050049446995,B
7.952673118598902,4.5573581400848475,2.319838370673728,0.9500299212339991,5.056926698973331,20.836826249564808,Fail
2.0969027743020083,5.218330484948498,8.499845354992084,2.4053690252674933,3.837264901575015,22.0577125410851,Fail
5.9507793070025485,9.37525986759583,1.0212369802021337,3.616923178987138,8.117805232658258,28.082004566445903,C
0.8963177330461791,9.566600884242133,0.04655581566782252,2.883525685511951,4.514730789323083,17.90773090779117,Fail
9.533071675823725,5.9715070448314735,3.7092366015897618,2.2042310809499255,9.691344316764006,31.109390719958892,B
4.542707243604252,3.277860691617568,5.394985480087132,4.400767313147727,5.460834368858497,23.077155097315178,Fail
0.8510348611978535,4.669914539018149,5.859042356275439,8.928721397521093,8.722673836031547,29.031386990044084,C
1.537493121029181,1.985829782260834,8.273269707849408,8.596114646653042,2.0677584302003247,22.46046568799279,Fail
2.11158037431927,0.7228623255031685,8.410569360307546,5.051540948511834,9.349288894483516,25.64584190312533,C
7.572829782755007,1.507324072964703,7.977903060062493,4.233388616632027,4.342583442235732,25.63402897464996,C
7.064757264869011,2.140524562274342,4.1134079041502165,3.3849331482862777,1.3041094311399504,18.007732310719796,Fail
8.845719870582625,3.267236831445983,8.745020922826775,8.218014527582085,6.677498395508988,35.753490547946456,B
9.876495637360579,1.7731125352264487,8.384443861722144,2.8045999389246337,8.347915380165423,31.186567353399226,B
3.5609672589784624,4.705050789923272,7.3432531349499905,9.482420845808464,5.464984185256573,30.55667621491676,B
5.658517874106719,6.876051009937933,2.959929821657287,4.788813521825601,5.360672668886252,25.64398489641379,C
2.2726962726315145,4.15703578284929,7.258647108264728,5.109488132196302,5.507321456719495,24.30518875266133,Fail
3.3088708769379425,2.795278854118189,1.4521514145351566,1.360606505086699,4.435890535313332,13.352798185991318,Fail
7.2930980047720615,0.8969929700825463,8.348534905367517,1.9869417361134523,3.2398903651934,21.765457981528975,Fail
9.095554284372025,0.44332250802281425,7.561490119385038,8.197568413126987,1.4814797888666376,26.7794151137735,C
6.76398368910006,5.039290077242442,5.38545442140131,2.2792472518864884,3.5372766158560043,23.005252055486306,Fail
1.3148911989798162,2.1554328510454535,2.3526943784670684,2.9819144499609482,6.464572182773214,15.2695050612265,Fail
9.826882395913257,7.458010487660108,3.4669037702925176,7.469691686229307,8.992852098215547,37.214340438310735,B
7.428215015848658,0.7461905556870818,5.886979536143918,9.444957613471798,1.0486565881706333,24.55499930932209,Fail
6.038030788437534,7.893230103611636,0.2713322486806613,7.298428603179912,4.868316438859112,26.369338182768853,C
4.674015112498697,3.9202953480359124,0.7251549633756249,7.675048387476743,6.215705058712215,23.21021887009919,Fail
8.04437207679505,0.16169539954519752,7.492929116644371,2.4629836708552344,2.650916689925389,20.81289695376524,Fail
5.713395284530771,5.363720237241258,3.1234614371859184,0.06996185476486727,1.765247619471898,16.035786433194712,Fail
4.841730321634074,0.4051952543966997,0.5566639280432828,2.168611327960016,4.416175042439686,12.388375874473759,Fail
1.025679625835898,3.4520403103978428,6.110092484541891,5.9482554137838575,9.452073627351906,25.988141461911397,C
7.9855583813059905,8.258534343389648,5.568094421117506,4.295733510379139,0.8795375342446143,26.987458190436904,C
6.796972168333452,5.006966277953099,3.218796508861206,7.16950745316716,4.486150487045101,26.67839289536002,C
3.037350462250994,7.57812031892116,4.161925076748045,2.746163978346141,9.189520600707842,26.71308043697418,C
3.20567586016499,0.05933496746056477,7.414337195769799,4.938197956920341,3.7903838304714474,19.40792981078714,Fail
1.626522181899006,8.968782418299476,0.587229343743314,3.7281397192103958,2.9101059491521397,17.82077961230433,Fail
8.958121013985787,5.948252892737712,3.5691736959316356,3.144515267303951,6.7199222113740555,28.33998508133314,C
8.021969807540398,7.52154892257666,6.396642667898419,2.751075905232685,3.3345532827224122,28.025790585970576,C
0.7958814737204245,6.587776784877045,4.092622826997678,1.4246074626040017,3.138305060445157,16.039193608644304,Fail
1.2203823484477883,9.219556301327502,2.018196081977629,4.648703705992271,5.020637296707448,22.12747573445264,Fail
5.123637775457906,1.1925016768146657,1.2451546883362041,4.7934577136334,0.8941075073111815,13.248859361553357,Fail
8.575623376612837,5.741619996095829,4.400414676542023,0.2963381923669328,6.303136823141374,25.317133064759,C
3.962772624917006,6.934258020995962,1.8801326577400501,9.970174211315502,4.769603662307908,27.51694117727643,C
5.70689661576848,1.9409453928960518,0.8152609187205451,5.128934583261785,0.22651132226368165,13.818548832910542,Fail
3.2783819885003407,7.807732348871895,6.177312163546301,8.369591572436688,1.5760388036957818,27.209056877051005,C
4.049685873761884,0.5060138712180473,4.399104439122143,6.078458031168545,1.0094388985979275,16.04270111386855,Fail
7.193881555748202,8.977052264725804,6.3667286800138365,0.8272509020422381,0.588666075612756,23.953579478142835,Fail
5.540992803958261,7.194894502594087,8.478844173175661,1.2657953991262327,8.801368014602836,31.28189489345708,B
6.421102350255211,6.61821597989107,4.060900421839068,6.290579816577115,4.609414448426277,28.000213016988738,C
7.151001612837,5.7622941177793425,4.062542664278276,5.383571568007756,9.458773907070665,31.818183869973037,B
2.3556593459450124,3.32075242181336,6.568288121363502,3.9917670219769983,5.516755336268336,21.75322224736721,Fail
5.586423964504253,3.554494635804785,0.9416380885282982,5.832256516915711,2.3606672272307216,18.27548043298377,Fail
2.110066917075261,1.4869931829754823,3.8067648524146835,6.202117997038203,2.4217064033724798,16.02764935287611,Fail
0.5226866756159654,9.83598328878154,6.167275917865473,2.228446867859575,0.3595733562710335,19.113966106393587,Fail
4.483190553694222,1.576886720731473,9.829052328596898,6.626985375394289,4.889680922907477,27.405795901324357,C
1.9045699703004593,7.983961490029909,5.403132677076319,2.3630161031536545,1.2138427540586894,18.86852299461903,Fail
4.579957590035715,9.071174191801324,3.386719248874972,6.3922044688353585,6.268452185006631,29.698507684554002,C
6.8025068833037405,4.9149130225952256,0.5455311487950798,1.654177868027188,7.717489419531949,21.634618342253184,Fail
7.208932190520977,7.7789247583315415,1.1986005341365613,0.30139693177078986,4.064965684387696,20.55282009914756,Fail
6.300345775424382,7.600472059609774,5.269412250360329,0.04079606849404671,8.492277143386605,27.703303297275138,C
5.657319639957911,7.714848748169257,5.748300268556906,1.7828322821598808,5.63824146274359,26.541542401587545,C
6.863666065786795,5.285151711597605,1.0132241637915906,0.7402837637331106,0.2588406984748559,14.161166403383957,Fail
1.3156530663935462,9.232258784862326,6.244865561076207,6.679693671744308,4.7847062087216745,28.257177292798062,C
0.7091619143856953,3.7189799057494124,7.334059449146072,2.613035849058151,2.3290003432343376,16.70423746157367,Fail
0.930303747408957,2.061648446312071,0.5616616454485868,2.8503742506241494,8.69120809539836,15.095196185192126,Fail
7.422922314869471,9.307257945453971,9.592385846504754,7.024943584941874,6.008378348160848,39.35588803993092,B
4.744349141471741,3.9003827765430508,0.7400457569950247,5.189793531448064,8.136305144796802,22.710876351254683,Fail
3.8283339476843525,8.369034453166549,0.5978157544533114,5.68340038326041,7.81624443208261,26.29482897064723,C
1.1338709555257254,5.534899305004339,6.16440142467654,6.39170821917154,1.9031906306471247,21.12807053502527,Fail
9.805682270607235,6.934258420162735,5.3322100230813145,3.7858154451209423,8.185224817818687,34.04319097679092,B
7.036859774607958,0.7527224100360386,2.529145944977654,8.377723159618345,0.5477167920421122,19.24416808128211,Fail
5.180104313760979,5.229873081917097,3.689702095355373,0.7995269124422566,1.0087665686142466,15.907972972089953,Fail
0.5952470034777169,9.85633620087704,1.7416768092112134,8.676355782278685,6.437341469951583,27.30695726579624,C
7.180141781270015,9.202711976015387,3.653336135474853,7.117741338304677,0.04808431544395586,27.202015546508886,C
1.27408071695429,9.340768492714844,8.704584166251012,5.263535094101535,9.585743559183243,34.168712029204926,B
3.333678381165628,6.675288182241696,5.209961259858169,8.514770738024598,6.586252211762547,30.31995077305264,B
0.9093544991304114,0.8963454482082778,8.23855800492458,1.0053253232322212,8.137861286830638,19.187444562326128,Fail
6.3267703484136,5.098776547604066,1.9071640404123924,6.2907263286177075,5.523217333166839,25.146654598214603,C
8.494464062257356,0.19879908697280402,3.1216169399356533,1.6434118553064447,5.259890142961851,18.71818208743411,Fail
3.622354416522884,1.0003167106715372,7.8621823064260425,8.801101649725362,5.647290005073813,26.93324508841964,C
1.9399395622339721,6.986153060111208,9.60044841168289,2.5638374753266713,0.6763980747890763,21.76677658414382,Fail
9.257516930553054,7.490080542484781,9.014696613070951,5.7749112093967785,5.27041752651845,36.807622822024015,B
5.723151856300765,8.99366528920927,7.790714485987759,7.754009826491871,7.697799447086158,37.95934090507582,B
1.806549020911703,8.332292639878055,3.003446282516115,5.210559686322274,3.608372350385709,21.96121998001386,Fail
6.665219766930349,4.628306571988078,0.4024085841838032,4.1723765729477815,8.43774847719198,24.30605997324199,Fail
6.215073111380841,1.3675502361338754,1.0096381124120113,0.943294132616681,4.387697796186323,13.923253388729734,Fail
4.944203047025814,3.273766801153992,5.479144436766492,6.153629700913683,4.029930890117378,23.88067487597736,Fail
8.900053418175663,4.09518480278714,2.301812788712577,0.317333616738007,1.1275698792140754,16.74195450562746,Fail
7.457337827312322,7.017310407557849,6.9551047645827495,3.451711061619036,6.180098668058625,31.061562729130582,B
4.739616402628723,7.001882592940531,1.786317131268853,4.953353469394422,0.6033325515842314,19.08450214781676,Fail
0.6154303413483686,3.148008261340367,3.7273142794878744,5.75932454035792,1.0770058775888203,14.32708330012335,Fail
3.45806098410425,7.364942087167792,5.5326440203273055,3.1014139801463516,4.694450286056356,24.151511357802054,Fail
1.0840037271662273,8.941075983979475,7.591212595460242,5.96772943836474,6.794876620506846,30.378898365477532,B
1.056503454489307,1.0962498633000228,1.0355294213470956,3.335763945962916,8.27439233379057,14.79843901888991,Fail
8.230035744469347,0.3319648610546988,6.579745752652118,7.60584804976167,3.0728522733570363,25.820446681294868,C
7.959263871435024,0.17785141262483428,4.611031852005204,5.141367183318186,0.28351580776428187,18.173030127147527,Fail
1.9362380979546079,6.7862700498825195,0.46421385446754004,5.17586134042963,6.803065724046725,21.16564906678102,Fail
6.322642879195303,4.752465265872004,5.842629272727936,4.088306165154789,5.956891972625115,26.96293555557515,C
7.452147426908345,9.359740847107243,5.01893025160152,8.805327775900658,0.30378908344156685,30.939935384959334,B
0.7257479804471079,4.7992568900439405,4.117772905623573,2.7720418565694285,8.609836991782394,21.024656624466445,Fail
2.5178229582536416,4.69302996360007,1.738459978231528,9.507658961673203,9.561009626364617,28.017981488123056,C
4.966954228179466,4.384288920111806,8.185502511944412,6.976322592952567,3.975351357779431,28.48841961096768,C
7.453977391415395,0.5554723348764601,1.2653688341881875,4.456697042398479,2.201989171728025,15.933504774606545,Fail
2.6203500450687454,7.248705057140667,3.309529051507779,4.648627983231569,4.001691234605622,21.828903371554382,Fail
5.148173539296902,4.669674091637979,7.45220126691518,0.4235924264389235,6.307973198661946,24.00161452295093,Fail
6.083195000077717,9.722598017417107,5.103125834120398,4.938654107662809,4.798514680203695,30.646087639481728,B
2.5472050045754893,5.948303773589867,9.143591298520532,0.7680699609791575,1.7351969849525517,20.142367022617595,Fail
1.002413702675914,7.446807264245305,7.737524712106747,7.307753611831486,6.237330394828175,29.731829685687625,C
2.402450184643039,8.575531270999132,7.578239940304546,7.099984605701809,6.191820435676792,31.84802643732532,B
1.1060359887316085,5.936750743979018,2.4079930993813847,9.232158853941174,1.8433317872168442,20.526270473250026,Fail
0.5034952696935324,2.9165877050093703,3.1026861867988242,6.730008334104714,2.563572491839128,15.81634998744557,Fail
4.80586577326648,6.881744367222634,1.6434060122826777,5.45462900958622,3.823850082979531,22.60949524533754,Fail
4.304274103209902,5.611101087684007,3.84670624797434,1.4088660952408882,8.391456254609109,23.56240378871825,Fail
9.731447114269086,0.6204526042182956,0.26032649823605647,7.522120269713117,9.02379912460559,27.158145611042144,C
6.139335847600618,5.789365594070032,5.389920090919609,0.4999361750491649,6.2465959387991035,24.065153646438528,Fail
1.7093640242084829,4.293427833707745,2.8227106724910045,3.6803787406851485,6.316583125559426,18.822464396651807,Fail
8.050176932346279,0.056332783813825005,3.69906231996433,0.1306923506458979,6.211962857868949,18.14822724463928,Fail
6.777232412013205,8.812495283226056,7.1667186828293765,7.932585129773781,6.939836640699472,37.62886814854189,B
1.1881791626807192,5.239931674646671,4.425372157772935,7.351587979194005,2.3532521204611223,20.55832309475545,Fail
7.023987210805986,8.839018149601085,0.5752999877208009,7.304119051377979,0.3149305347604614,24.05735493426631,Fail
3.479686661552165,1.046895682836545,8.95351867212262,8.645991463982773,6.084342351046322,28.210434831540425,C
8.738900775625153,2.2252104417744647,2.144938743893825,3.067700357373875,4.459077352581128,20.635827671248443,Fail
6.114636112256608,9.460021933390477,8.58877576258732,7.7939285068171,5.594258810265915,37.55162112531742,B
1.9954245092914513,3.1265631435521946,6.860759642621699,2.2265314275345984,8.705989927350352,22.915268650350296,Fail
6.640122280676023,5.880927915139572,0.7940824429776483,0.3588772882264424,7.333692495025147,21.007702422044833,Fail
6.457250433510536,6.55948710838392,9.373992755778612,4.175246059660326,3.3051008180419306,29.871077175375326,C
8.677231528050925,9.927870182635864,3.322388658966161,5.755282984954038,9.769776713805392,37.45255006841238,B
7.175613826485358,8.7932165926506,0.95849633768749,9.286744063940816,5.530622776945526,31.74469359770979,B
3.893897796668735,4.063274730467254,7.276731823078335,2.2929498839199756,2.527436577079606,20.054290811213903,Fail
5.9357525441429795,1.0959787033512702,3.062576764059044,9.119258959198373,6.7143096075819795,25.927876578333645,C
9.866395785011754,7.595618339139083,2.6773721877456467,7.631789961583855,6.298014120916252,34.06919039439659,B
2.961767655589985,0.24774126934383744,2.2283925524193493,0.36186130475865164,8.053923428701426,13.85368621081325,Fail
2.26656402226988,9.499550093322041,7.275824498949729,3.1109918681524773,0.11205393057471258,22.26498441326884,Fail
0.7896916219082861,3.337148484757929,7.932396998405684,6.070602679233543,8.21180070368398,26.341640487989423,C
3.7728416310462265,2.655441848032414,0.9321147077486958,2.9459221921086876,6.758887574206133,17.065207953142156,Fail
6.363727057095906,4.984075427132049,8.763120495828826,9.1477550404013,2.4792357594204217,31.737913779878504,B
3.809912736683999,3.9865928751841206,4.311128878183497,1.9152299442053933,6.933703982734565,20.956568416991573,Fail
0.08108196886213226,5.9555070123248575,4.556491209889797,2.919309616692148,6.410917050272575,19.92330685804151,Fail
7.831600290279028,4.787016818903501,2.8133574080641486,4.135515592348881,2.014499563312789,21.58198967290835,Fail
7.820018255939414,4.793522892158332,5.439696357977056,9.244722752437779,7.44837593870395,34.74633619721653,B
0.407850134355181,9.702350624280205,6.833457750793165,5.192594264137784,0.8633326405235775,22.999585414089914,Fail
4.177085669729759,3.450206666104666,2.5896483290020376,1.2207102984704277,4.313672898015456,15.751323861322346,Fail
7.645277946547177,0.16539449289876607,1.0953660497737128,1.1092403910634707,1.5113525941620154,11.526631474445143,Fail
6.361773647082327,5.110047635445869,6.992389944355562,6.555997692260189,1.5327913776045088,26.553000296748454,C
2.963081204559901,2.6766675976944265,1.3286174842752496,3.750480789552455,9.94992625304738,20.66877332912941,Fail
2.4205527151150044,4.170552362327056,1.9023988380879897,7.93960345907922,3.209036673082648,19.642144047691918,Fail
0.07664032649225327,8.912294410314674,1.592423940098927,5.3025827482751655,5.901651274510345,21.785592699691364,Fail
2.000089211127476,0.7174796422571372,5.040004504673376,6.084418652305245,0.8313844308102436,14.67337644117348,Fail
9.765610233229044,1.406954238607463,0.9347892092662691,2.157172294481943,9.802059409033516,24.066585384618236,Fail
2.3167170138344337,6.466727531599052,6.663765241924039,4.214964668386301,4.357683079060346,24.019857534804174,Fail
9.361630415509964,7.64432862370192,5.2154303276818155,7.461892924643136,3.1988596817333814,32.882141973270215,B
4.247941813314117,4.024551782789696,1.0511567829893342,3.486727571696565,7.446829180800888,20.257207131590604,Fail
2.6532613755546697,2.826256059514931,3.2381853455827505,6.0500171558532525,7.077121584188216,21.84484152069382,Fail
7.4112064929005905,8.878181149649986,2.0946843180523556,7.740613190499227,5.742351608939953,31.867036760042108,B
8.78033512844457,8.295231655007546,7.539365442663667,3.3122628942364996,3.08547097161171,31.012666091963993,B
1.3935607407282413,8.636230009199533,6.291222193389995,3.760347095945443,2.527360069326161,22.60872010858937,Fail
3.0394251225502735,8.90105473442704,0.7392171664576364,6.677994708896505,8.898336721438968,28.256028453770426,C
6.145410182213155,2.5261946060177465,6.90816449113027,0.7486996137278068,3.1969837439719253,19.5254526370609,Fail
2.8518659601004783,5.283446934365542,8.787584797999992,1.3359755989601552,1.5897624757087991,19.848635767134965,Fail
5.950463449237612,7.362375967151179,3.393577436718458,4.409284693296483,2.3105765904614617,23.426278136865196,Fail
3.855525014916693,9.67015988798973,0.9692845044093246,1.3185380175666428,6.159586957477684,21.973094382360074,Fail
2.0498429541582097,1.5288711564799817,2.4414011869499905,8.766526061027465,7.7050962214710275,22.491737580086674,Fail
4.119580950341019,1.6977693975812214,4.832361562451519,6.530660028749134,2.7644924495816103,19.944864388704502,Fail
8.211982825502265,7.837029887609752,6.151232896516171,6.053350704632533,2.526728614212772,30.78032492847349,B
8.355717050906486,7.47086209394825,4.44243920802322,6.48201719882578,5.145427992344311,31.896463544048046,B
4.636758057731781,0.009989922669426665,3.6102206358863875,8.52430332688611,8.10634391508951,24.887615858263217,Fail
3.943411463506643,3.688979435205936,7.888346535251834,8.928866727146556,1.5249021607878965,25.974506321898865,C
8.518879824703832,5.365357736257104,6.858154331217676,4.2370826909103325,2.235935694414082,27.215410277503025,C
7.276311376996887,8.68850751801164,6.933822441944773,1.5764766294782695,6.4400260064966774,30.915143972928245,B
8.410961706161014,8.46700723350401,4.339276894625074,6.412292758644108,2.821260159686312,30.450798752620514,B
7.287780544506475,3.1528051310392256,5.708408353221244,4.467221241740047,2.930622692823739,23.54683796333073,Fail
1.9938081901062699,9.532763907787299,0.45642399527310307,3.863653710564966,2.126029840560979,17.97267964429262,Fail
9.948663171697671,4.0275361874744195,2.067658594337006,3.8329551081757485,4.438493405741522,24.315306467426367,Fail
9.631151115891738,9.01386856810657,3.4649977101684772,0.7341209357439238,1.8049493208391276,24.649087650749834,Fail
9.672132068082684,0.6366333324100759,9.140154920365513,3.442458994702399,9.242451227229344,32.133830542790015,B
9.544476948529885,7.551685922953277,8.174437864369164,6.851631221409003,7.1359725942498144,39.25820455151114,B
9.760796862214676,8.151445974257843,8.42274102633116,0.6893306117410292,9.977124818599814,37.00143929314452,B
3.4989546364739867,1.7216764546445096,2.4035981648863403,8.223381345070713,3.052863374010121,18.90047397508567,Fail
8.084057388936909,1.3688031969182768,0.6722323495459781,5.584646424364729,0.4413224855658171,16.15106184533171,Fail
3.1151229901398603,6.561370440820199,4.697750098386912,1.4962263650055752,2.6976133327922938,18.56808322714484,Fail
3.1382680822441555,4.307166216080104,3.1591528245563594,4.065890708759091,7.1158528511467605,21.78633068278647,Fail
5.294357405412765,2.2024694043137183,8.522479719830129,9.357145460285333,3.644471210781587,29.020923200623535,C
4.954913162061985,2.138388894952643,0.7851121821074392,1.2286219658211905,8.14182646484471,17.248862669787968,Fail
1.2138641815940643,6.567227064567306,7.953783113303596,8.234580764542383,2.523000808384197,26.492455932391547,C
6.748932030541548,9.414111814185013,2.7092161131005286,0.1422937097294752,1.7215442437267692,20.73609791128333,Fail
1.2887972191064923,8.956512304019185,3.7446688913055337,6.69191388807639,2.3862394952190478,23.068131797726647,Fail
9.916730528316782,5.21541449193514,2.2755142756629043,6.632585146956299,8.424859989824327,32.465104432695455,B
2.366097827075073,3.424999930081374,3.6815574036278784,3.0500923749672526,2.7569027112113886,15.279650246962966,Fail
8.792043375853826,4.290727674550032,8.113862235879958,4.825719536767758,9.876783550252123,35.8991363733037,B
4.412296690917168,2.3903594314980614,0.6447254466635111,6.849674363862054,0.7677212165325042,15.064777149473297,Fail
9.391086983102406,4.134912914936802,8.560031658288484,9.136778940274636,8.06029406361824,39.283104560220565,B
1.0962819440343974,2.7320183167298207,8.514544141780167,3.3480411008175004,1.9699544902677801,17.660839993629665,Fail
7.270185270141339,7.226497023608564,6.928357341425915,7.528254699056728,7.892093058948786,36.84538739318133,B
1.7127341066623958,9.867755973855576,1.452611143748308,4.551462409865338,6.0005692565348125,23.585132890666433,Fail
4.179695435865271,4.164904123690699,2.669520075371926,1.0375435572967795,2.198031689902842,14.249694882127518,Fail
1.062138275884562,4.651736966566383,2.0120134684440663,5.056671632741811,2.5241442954073956,15.306704639044218,Fail
0.9446242580108688,2.9146702409733702,5.545607137627746,5.557405361393748,0.6272609044706268,15.58956790247636,Fail
1.339748667497812,3.468073993179038,6.167259493093792,5.279441676598086,9.080661604839733,25.335185435208462,C
6.103760597816921,0.627215909013884,8.92666015822917,5.842472908539522,3.890939977447432,25.391049551046926,C
4.878343185440125,7.5898644044348265,2.3113186062560285,3.4665579994736504,4.1658557566428325,22.411939952247465,Fail
8.288833658826094,2.538840109610682,1.5256852673266985,8.033211270237377,5.243542594203609,25.63011290020446,C
8.773730719279554,8.230875290068804,0.6473776607648063,2.8321562704075776,5.412967289221713,25.897107229742453,C
4.845379950800108,5.529407481892521,9.675191878052408,5.48661995761555,7.231436344271419,32.768035612632005,B
9.094436640366311,6.334320312819601,7.347384757650869,0.2742910194595727,0.2708789029712988,23.32131163326765,Fail
9.011776232173556,6.340880576141181,0.09266829456630044,1.8047505230511085,0.10393340327031653,17.354009029202466,Fail
8.505801973065994,8.78216310274203,1.574142005921777,5.319144245347271,2.941074306573488,27.12232563365056,C
6.760262880525475,6.744410713668685,1.421463704565168,4.116876245140273,5.03493085572984,24.07794439962944,Fail
5.2758797327216564,8.81189236894309,4.186338560479791,9.733686162401218,7.91172033300967,35.919517157555426,B
5.897290360764657,3.754511200572125,5.560182764609522,6.6938139407455,8.769015838701241,30.674814105393047,B
1.0587431821312931,7.237952301747855,7.91144965542072,3.123883404953154,1.9278539455910682,21.259882489844088,Fail
4.228684090590871,3.4017095038848955,4.9688874830258225,1.7849971506576312,1.47502195078566,15.85930017894488,Fail
3.406041665812917,7.437368149524456,1.5184344564527563,4.792851046998328,6.227187926586971,23.381883245375427,Fail
5.908662673951145,7.8984790848534745,4.7570002125549244,8.289547094920772,2.4129677913690584,29.266656857649377,C
7.205864193706374,5.373455884130005,7.6763448215616545,8.392088146288911,4.169833521488591,32.81758656717554,B
7.160499732421445,1.5134125869153303,9.935973657117101,7.365533098659906,7.448666854264324,33.42408592937811,B
4.281841483173143,1.6007410548673062,5.257479140952607,8.948439124613008,3.2815461947642532,23.37004699837032,Fail
7.243388171287411,8.727963250794428,6.552548308390995,8.636846578915726,8.53753828845172,39.698284597840285,B
3.1302535470158133,6.164589351662961,5.628618672813389,7.01374898818136,3.792265079031819,25.729475638705342,C
5.391612766752544,6.899690121417249,7.998686045285441,1.6335651171362642,7.225818308364841,29.149372358956338,C
8.977958063920259,8.526224374761169,3.0252382098968775,7.066834077586723,2.9401408662010176,30.53639559236604,B
7.998552559473152,0.25371488042315593,3.2232183227027287,7.699726459516527,0.28183547312732316,19.457047695242885,Fail
4.648547808132707,7.339364547332842,0.1960356804628205,7.633358802929825,2.3524329185293213,22.169739757387514,Fail
2.2677262531964573,0.7564468065734964,6.402192043670052,8.070061478458365,9.265117463890796,26.761544045789165,C
2.850951686938471,0.991945301128786,3.767677402044116,2.448115267658909,7.359732010520706,17.41842166829099,Fail
2.1870980032358323,0.18434209700741944,1.4505064080142627,1.5643518249593014,1.0952826776957747,6.48158101091259,Fail
7.665959447120516,5.8300648300455125,9.154786028697147,8.509235754042857,3.1662832606943327,34.326329320600365,B
3.0560421549021486,9.26557115141838,5.8627684841961845,8.915852949471443,9.196081769537724,36.29631650952588,B
9.680725029096784,5.051579186281668,6.417862977048049,2.9239931362387575,7.928655644774464,32.00281597343972,B
4.568880717372669,7.992271062915269,2.3056688223908095,5.09006651643742,2.2824629898988755,22.239350109015042,Fail
7.712248152904037,3.052643016074359,7.804680401549412,0.14631179505223413,2.517732340554316,21.23361570613436,Fail
0.5062247226907413,6.465972838024704,6.556198804449887,7.268324507906794,9.264635364705637,30.061356237777762,B
6.773006863356594,2.0208431497743886,6.985283570817397,1.6191439470656177,4.692532598660472,22.090810129674466,Fail
8.747660625539934,7.026990328172319,2.594657705609331,9.631302124667881,5.24263477696168,33.243245560951145,B
3.496143988077222,2.884583504181284,6.420532476558895,6.265088803169267,9.695803540468194,28.762152312454862,C
6.775422674589532,1.507928158323515,0.7629354331391325,0.6703944605203338,6.884118272820565,16.600798999393078,Fail
8.039585075525203,6.386990948831725,9.960769157965979,0.9287028372817341,3.1025000146706008,28.41854803427524,C
4.46874195200439,9.33954131795238,8.232156507110494,0.07009892492182535,6.9250430277787,29.035581729767788,C
9.017619921354235,5.61616159791455,9.18228055696607,2.8078879892565913,9.558314527221288,36.18226459271274,B
6.831755632398181,1.164627488916321,6.444288246422742,9.329092598292178,0.7861314456603341,24.555895411689757,Fail
3.5295850345235658,1.810503604721475,7.90776808572579,6.261765426924671,7.657404242045313,27.167026393940816,C
1.621833724078774,2.4345635777199757,2.636636130697628,1.6384894677645756,0.10241420990566574,8.43393711016662,Fail
6.170665161178013,9.586906539117553,0.35302254514069653,9.818625498736363,4.311126218030353,30.24034596220298,B
3.0145618641066796,5.157361044143699,3.163492877630322,9.365154492640036,2.421605643200284,23.12217592172102,Fail
8.26858560972753,4.904784072080672,3.7192945553285406,8.059561278280402,9.51944495874243,34.47167047415958,B
2.7997909366028417,0.7120671754123253,3.1617805087620843,6.41934139765721,9.964600144192845,23.057580162627303,Fail
8.178220735661906,3.3512426669622473,8.409485198048214,6.527952026242662,7.451395624383233,33.918296251298266,B
4.32437166716503,5.543640408284098,4.434082129947166,7.210358225502828,6.61879278164758,28.131245212546702,C
6.279003894909078,1.4006455935893647,9.051421496457671,2.242870364929593,4.315988336384321,23.28992968627003,Fail
4.582533147650479,9.719141301256846,5.236766228041136,3.4902099565491906,8.214767723855767,31.24341835735342,B
0.7608472676550726,7.622007729260824,5.410391471686042,3.8697324481818383,2.3755596123159606,20.03853852909974,Fail
5.533711897497718,0.04799824817370735,6.377456662457178,6.470540549059793,8.64983863881746,27.07954599600586,C
7.026337730855163,3.6324617856217722,8.131846701995958,6.121396345632171,7.950587401287051,32.86262996539212,B
3.9278564632870494,6.211226029118102,9.671761782897036,3.474709505025256,6.88568581150549,30.171239591832933,B
6.995278704025719,2.715989235803977,0.09523355613956119,7.005119896570902,0.018202859543609007,16.82982425208377,Fail
0.162434432094537,3.0884380914245915,2.7357157355527417,3.4267372721707257,6.411469690335351,15.824795221577947,Fail
3.553845686857394,6.918185861250508,1.0176579655136553,2.233232388401716,0.7606033095464015,14.483525211569674,Fail
0.7827448072987586,7.904923562483306,6.6602344180875885,8.521592839149136,7.793093054519453,31.662588681538242,B
9.430207096457362,1.6643207666245707,7.2842129803377755,5.970591320788624,0.4427771163299876,24.79210928053832,Fail
5.700611700893649,8.733841643710475,5.736057861238032,4.627870698888703,3.8898658747140114,28.688247779444872,C
3.7094100815776523,4.285638378056973,3.2023004096852183,1.5174589379284675,0.30090986727792646,13.015717674526236,Fail
9.490796031828168,4.9378877025640815,5.37991420533321,5.031225771668012,7.855933375433521,32.695757086826994,B
3.6325535167581027,3.4505086932205686,9.709120703627649,6.902293535090397,3.2557256606771743,26.95020210937389,C
6.343636888716872,1.4465490200697684,5.9385926496552655,4.858000651009558,8.852635736721199,27.43941494617266,C
8.416154597578153,9.612792423673863,3.8457394640524956,4.246707746253268,2.989418779304426,29.110813010862206,C
6.5413273702787365,3.5655622368835624,5.117558875571745,0.6363683423311683,7.467451288817513,23.328268113882725,Fail
1.4727556355209093,8.613627189565667,4.760441828876014,6.1854711934987305,7.841184920668195,28.873480768129518,C
0.49220914540761607,8.27671135569194,7.006993211020559,7.384974791518053,6.715012545305886,29.875901048944055,C
9.449474208215046,4.487407508475062,8.83699924597536,4.832145218729037,8.042164408350875,35.64819058974538,B
3.9477531677168285,5.785600551991199,5.524104467155261,9.909788159428667,3.230068704938438,28.397315051230393,C
5.104601313464413,4.8815595608730895,4.231503154649103,7.902008240385598,9.313800885829664,31.43347315520187,B
3.547972896563887,9.591934864585216,8.099878750170902,7.96812361586308,6.041909122244418,35.2498192494275,B
2.7681430779130576,7.651115104398498,8.401762978230039,2.5250807378412365,7.8947888629098575,29.24089076129269,C
5.72772509737109,2.8153504010689434,9.498949800186242,1.1522289631597282,6.712085615338034,25.90633987712404,C
3.8339714105825893,4.757937917347358,5.6360492255416155,5.55466877398872,0.3457470568556764,20.128374384315958,Fail
3.936355202774421,4.996702437290534,0.9237083927589662,6.093926309870536,3.29932405876375,19.250016401458208,Fail
0.9854685141294239,7.413949722797497,6.164791200379939,7.613476987008574,8.725770607337896,30.903457031653332,B
1.8233518357821954,2.2434718637176454,6.061677013350955,8.445476825537906,7.172612742170478,25.746590280559182,C
5.843143119231002,0.49447436679347256,8.371474313251174,4.725410540391179,9.01709298602727,28.4515953256941,C
8.049067768414385,5.0900218353673825,3.1451237037261315,7.614490771467949,3.4125265945385017,27.31123067351435,C
3.534731920607206,1.5148211302995818,4.165256488395595,0.9846024547938159,2.713144127095357,12.912556121191557,Fail
7.20616290663715,0.8845574068553652,8.47215406630818,5.793246575572134,7.779702093246055,30.135823048618885,B
9.551152072917015,5.310031297429624,7.452184771961559,9.877289829230172,7.029146967557402,39.21980493909577,B
8.661761457749352,6.438679275551263,1.165466877151975,4.069710304280071,4.55716345487536,24.892781369608024,Fail
5.105807574595599,3.9413324282831175,3.7739111042369125,6.622139737909238,0.1537018270878876,19.59689267211275,Fail
3.522309750707453,6.5201461533913125,0.26866522195823195,1.8113500960839213,7.460489142069767,19.582960364210688,Fail
9.600118808191255,8.021164471629001,2.8073093713284014,0.7005649274979331,6.9139992189949595,28.043156797641547,C
2.998975929945362,7.742155581663588,0.5773627965098105,8.624629235322352,2.4192695598571246,22.362393103298235,Fail
2.458474424934003,0.6307517434296672,2.4891371546726604,0.7951530416441388,1.2361683498978715,7.609684714578341,Fail
5.140806956192732,3.5448955078252986,2.7183442402490474,4.892265104900153,2.8691897560982826,19.16550156526551,Fail
1.1239702717601296,6.436337881196206,2.6022402103534836,9.666063366594862,5.547423726176372,25.376035456081052,C
6.05896815179483,2.1854846152056293,2.090842029449008,9.01610056188322,3.041167072758786,22.392562431091473,Fail
1.161389602005256,4.587682899565929,6.093957634322407,8.077685130371435,6.6033931675159065,26.524108433780935,C
4.771098176939262,2.182470547811538,4.99041457721129,7.2681184798754455,8.825194350803846,28.03729613264138,C
0.8217166747642735,2.40535086515947,6.079041242971477,8.012014099269507,0.9122752139622825,18.23039809612701,Fail
9.752445352839587,2.040086365107671,9.152482695201144,7.224495561298211,7.860507592749802,36.03001756719642,B
3.302941754681341,2.89759602028656,3.8371731053869986,2.568826583582111,5.464175871895193,18.070713335832206,Fail
9.505310525862035,3.297121754142036,9.31583656310263,2.145624197004591,6.660413524819403,30.924306564930696,B
9.87668007996647,6.7574676034717704,3.9899291667024714,0.8855425197191036,5.475592527778836,26.98521189763865,C
6.4197150044326605,9.174258528045012,4.299925400243067,4.5869021705151924,1.491510936017556,25.972312039253485,C
8.058911691968543,8.987068295747932,3.6421704474828,2.0068254290108567,3.9084040893291982,26.60337995353933,C
1.1047411313139466,3.3474353179936225,3.5181791542014107,8.34320712042389,7.5900323727018915,23.90359509663476,Fail
1.5890816766935356,1.5559032438500786,3.8229701496096236,5.902218088070089,6.163645648075022,19.03381880629835,Fail
9.738004133571495,2.0426755323351986,9.895821923187784,5.155706152187145,2.4936844974269876,29.325892238708608,C
5.171503622838772,4.67658124188041,0.021737837815875016,5.973001413615524,3.9861507930166695,19.82897490916725,Fail
4.879001952793018,2.233714378273689,6.091612130395402,9.267158650404072,0.8059272684742724,23.277414380340453,Fail
1.9908231282795774,9.40746723077666,1.6467492051702082,1.4362643288211119,2.6019464080646992,17.08325030111226,Fail
2.1399467869831357,1.8356290811990872,0.9796909039506729,9.838729845448107,6.828080778186669,21.622077395767672,Fail
7.550682041316251,0.1376469333539998,2.4909285445671383,7.3725030056079754,9.376936343881804,26.928696868727165,C
1.7641191042788618,4.572608045918206,2.0131445093163536,3.555999623400311,7.563299785606144,19.469171068519877,Fail
6.758229251040736,2.57114663004145,4.225626650193481,7.917307833583927,3.16792502100021,24.640235385859803,Fail
0.7087170065487358,4.225333548849768,5.7217187728765655,4.656681765161508,8.695268940170736,24.007720033607313,Fail
9.65770443884287,1.2068846784624043,0.49634354036578343,6.657250139157834,2.4759656357298967,20.494148432558788,Fail
3.9761237855287055,9.813282911384428,4.0063704418802795,7.4558401091279,3.990006786071698,29.24162403399301,C
5.427244433475962,5.024027934801268,0.5759182874984858,7.605054237190636,6.910254866870435,25.542499759836787,C
0.7407490721044774,1.1114782746710894,9.833215976372356,8.618075459643734,6.452433423667355,26.75595220645901,C
2.8740959646557975,7.531997019142294,4.899651763271299,8.271928895838025,6.041282206004784,29.618955848912197,C
1.3710970572899905,1.1429128583685655,2.6062651333707567,9.696203411914286,3.8018582287009552,18.618336689644554,Fail
1.9038178629703473,3.248866064812187,6.63102035045169,6.2401802115548985,0.3986495958803138,18.42253408566944,Fail
6.2494377040783196,4.070107922373224,7.307469168474951,2.468702465311401,8.092241913586461,28.18795917382436,C
9.81143731791822,1.7435670765087163,7.278776220711732,1.3392902742969037,5.310449244556457,25.48352013399203,C
1.5569259775593292,1.1154990734685732,2.8330286319970233,1.1920633068271114,2.2134045196632024,8.910921509515239,Fail
0.2812150627792376,9.796917464358284,8.80765011608103,9.151347577184326,7.213858791090356,35.25098901149323,B
4.582048052522159,5.835295488659132,0.33390570828975674,7.876451842312574,7.138367821115955,25.76606891289958,C
0.3926505164866023,7.411070416296807,4.912345688318851,9.833526147022265,2.4287567802763843,24.97834954840091,Fail
5.218622953321788,3.6241064181330165,9.175827840298412,8.919722368371204,0.08015891882246162,27.018438498946885,C
6.496466489923685,7.945522944217055,1.9448223073046034,7.9417996487863105,7.378447104367875,31.70705849459953,B
0.24817211445149145,4.391157742826395,9.118272640434919,1.3291299183618632,0.1175596472760021,15.20429206335067,Fail
4.9350918266059995,3.8193245586918643,6.120875690234753,9.407237098882286,1.0168860155153736,25.29941518993028,C
5.005793174308312,2.766699421790819,1.8912933682570665,5.50361885440113,4.925124655026485,20.092529473783813,Fail
8.237903842212948,2.0097403279123958,5.755977487667954,3.6723529476528363,3.1781437340175636,22.854118339463696,Fail
0.7541217599278827,4.093429638289447,4.989894665965729,5.061462523800894,1.862376129077794,16.76128471706175,Fail
5.964745775439524,2.476868784466013,7.64001456027842,3.149659396398329,6.532723846070557,25.76401236265284,C
6.583074395060619,7.438621448859984,0.8640915976013896,3.7754605460912725,2.2252877152580606,20.886535702871328,Fail
7.069764874557162,8.662336228589226,5.883249944624463,5.324855829188415,5.168252200240195,32.10845907719946,B
2.725577488154005,1.0427775783154625,7.589622896186374,3.0799896209410216,7.280302512054606,21.71827009565147,Fail
6.107800710757683,4.274505332424855,1.1466320614196035,7.335832610226582,0.2815442576252558,19.14631497245398,Fail
9.966968538529768,7.451327484984,9.09637922306656,1.7172331329737556,2.7558422053684204,30.987750584922505,B
0.39312139841098936,5.365546710107994,3.6419470129188403,9.10774244137355,1.509295406129194,20.017652968940567,Fail
1.0540137739646227,1.4588924648328727,5.000073593158822,3.5490419634743287,4.93953473250499,16.001556527935634,Fail
1.7567229796858452,8.096523320704518,4.747376149873008,6.657878190323534,4.156083138806236,25.41458377939314,C
0.5165735711464103,3.0737271920404483,3.8757600040071507,6.012944098995162,8.174794727621244,21.653799593810415,Fail
4.33851649237973,7.047958361321866,0.6297790798663305,9.232768398517496,7.242714606600035,28.49173693868546,C
2.982724542341227,1.102329087212327,2.6002337314496895,1.501222652198041,0.47533269830162483,8.66184271150291,Fail
5.664436850866266,8.862613845298132,3.739350261713894,1.487797355223065,1.0613328590735782,20.815531172174936,Fail
8.955628481318387,0.7878207100391432,8.40489556608685,8.209349068988645,8.845495213112883,35.20318903954591,B
4.415472888798304,0.6243428402801077,1.9647165084953189,4.220465757204304,8.580242814460233,19.805240809238263,Fail
7.317760950376724,1.6058687072312583,6.353617674283816,2.118965588939724,6.140707625062671,23.536920545894194,Fail
1.4938163622643208,9.049768817816814,7.575053009554765,6.066408852256573,6.91191086652746,31.09695790841993,B
1.1755130015021997,4.625349432957061,3.7400519937328927,9.176260450993832,9.85968655956427,28.576861438750253,C
4.275410183585496,7.208163164749156,5.972126941859932,0.48073112534060103,0.41596069387120793,18.352392109406395,Fail
9.758708627835366,4.75983054860547,6.212398928093688,9.474043159357455,5.842335497091802,36.04731676098378,B
2.7742673480097912,1.271192918570485,6.427472844593757,5.932074088248868,2.7742316526562116,19.179238852079113,Fail
8.852388787075652,3.2675604724303087,9.896897161914701,8.856202642547453,2.016125310557592,32.88917437452571,B
6.060138319360813,2.216091882391509,0.8056079940497873,5.973905790407273,9.242960968388532,24.298704954597916,Fail
4.889509264384521,8.3423842964064,2.6513840370804287,5.680920638997488,4.293542890509546,25.857741127378386,C
6.811178539649828,5.063716735451454,0.3905617881643908,7.893087902466132,4.9864375088962625,25.144982474628065,C
1.2600202786399428,0.09558186148068581,8.966009580549784,5.203028255068295,5.754054843687101,21.27869481942581,Fail
2.3751612059406013,1.6293643896904608,4.227070225303345,7.621981054933089,6.495080632705115,22.34865750857261,Fail
3.032081937596749,0.07541092715998676,8.457068636520463,2.5535291336770003,1.4349008867816393,15.552991521735839,Fail
5.969106905466561,5.197424864372673,4.731008614900908,7.764420556842681,5.02291647892029,28.684877420503113,C
8.503480011198954,0.07844921240623193,3.1188768421494775,4.253877817987627,2.0812112742665345,18.035895158008827,Fail
4.757040781890563,2.6123420101828443,5.2677128331531815,2.87120994872235,0.661126586231866,16.169432160180804,Fail
8.98030548949987,1.4105979949229708,1.406163568822839,1.131557827537193,2.047472839569596,14.976097720352467,Fail
9.22645139603572,1.5161063793047602,4.295454487186029,7.789483825523042,4.165689951433751,26.993186039483305,C
8.562851280467623,9.97235071587587,6.476055105817147,8.169859876514336,9.893779123908036,43.07489610258301,A
9.450240645805687,4.6437032018204105,1.5441010784226517,4.9370069684602065,9.168986966182848,29.744038860691802,C
1.514323143699633,1.7183455691691618,4.803415762222269,9.861631106082555,8.24678434755938,26.144499928732998,C
4.490387679301259,8.615642842499565,6.5339826758998925,9.32716764008584,6.284793683127238,35.2519745209138,B
6.970130139342629,5.2391167670439724,7.829656628006329,0.1534837476262152,5.726367065725249,25.918754347744393,C
2.994231248031066,4.939749883052659,8.053710337272317,6.005074605237034,6.358460481306217,28.351226554899295,C
7.756118509253275,2.730287956758594,4.167232811360008,7.167085022590393,8.512386292158693,30.33311059212096,B
0.4366092871300853,2.3132831230695827,3.111515782703801,2.6085658682083244,7.756570117272544,16.226544178384337,Fail
6.258411949823758,6.533399244188108,1.8593439448226712,3.782500037653177,4.959033330959718,23.39268850744743,Fail
3.9654278232127016,2.968002050518389,0.1302528031292438,7.264514434684363,0.09870932039227509,14.426906431936972,Fail
6.970911382607586,7.451516535267858,8.273648712046098,9.670335085917307,0.5065350525422085,32.87294676838106,B
5.442573370152508,9.542313574764217,7.783622637945344,3.570982301557881,7.225997399834833,33.56548928425478,B
3.6999888595997743,4.2917202775906205,6.134676005520838,5.921308513442986,3.213439402276599,23.261133058430815,Fail
5.990445871503816,1.9432635387377428,3.3441445135461234,6.63090116648007,0.9110487937526301,18.819803884020384,Fail
5.650737914801053,8.291514031551532,9.924483202994093,2.8916826675920406,1.0420054297077908,27.80042324664651,C
6.579499112045923,3.4247255623582884,8.71355916178089,3.2710921657256984,8.345415154768691,30.334291156679488,B
7.298891177035978,5.486383916955772,3.9482775165562654,2.3193380526333476,9.631343985084007,28.684234648265374,C
5.246723066856223,0.9597569669611294,6.637969338825598,6.973642953999666,4.35762441226885,24.17571673891147,Fail
1.3503813668054743,1.4791113634552877,2.846992950995043,2.696715016395256,1.4161725697290362,9.789373267380098,Fail
2.606663825621017,7.819942855110603,2.160717326733729,8.885046923914045,8.957190576464352,30.429561507843747,B
2.677743146041175,6.591135216215474,7.214906275690199,5.99712734633937,6.862788663197143,29.34370064748336,C
3.823633310616279,6.344800731734802,1.2140349984274634,9.646944826003045,2.397062602463241,23.42647646924483,Fail
5.770204016905583,0.5700659464969238,4.548417208732158,9.290429144855883,8.946870362361818,29.12598667935237,C
7.152368534826331,8.848296951456717,3.1851403754027863,6.66122484912028,5.65165975589168,31.498690466697795,B
1.4926801266924727,1.1292659128887506,4.0804733093453365,3.0953807208833775,1.0951174523726082,10.892917522182547,Fail
5.75593428640082,2.1285077095991376,3.9910193937081573,6.739718117261147,6.86009494831487,25.475274455284133,C
8.05097312041135,4.520935223903841,1.8115260730497118,7.336610965790205,6.579341741630693,28.299387124785802,C
0.4986014639916425,4.671036923142699,5.175724179791963,0.44164388623976647,3.438000878335128,14.2250073315012,Fail
1.0077800137742665,3.6502530403882307,1.115689923848271,8.411552365475925,5.0154707394361555,19.200746082922848,Fail
4.982556822634536,0.9343186684249927,7.467498825153475,6.1954534012155795,3.7571719698393933,23.33699968726798,Fail
6.125734683448192,2.5267962773934904,8.953271799439111,7.511755937060524,2.375283049090524,27.492841746431843,C
2.7814364044891082,3.245763356293674,6.038585624378753,7.238153094826655,8.615252545027571,27.919191025015763,C
2.412014575995415,2.156090630821904,1.9570981433606793,8.14130364460807,3.2339305542083663,17.900437548994436,Fail
2.374785567522575,1.64039947076413,4.931088482482446,1.2607100648936675,4.762834060353739,14.969817646016555,Fail
3.641210568415054,6.015620688219004,8.542604370931057,6.648604909133798,1.5734247056094064,26.42146524230832,C
8.27553052274047,0.014182201339154599,4.58733327136742,4.29593564220194,0.9100090568471908,18.082990694496175,Fail
9.829468795547008,5.21827474363845,4.725779348875353,9.135527115498034,7.944680796849007,36.85373080040785,B
4.922161832874669,4.6293733357718345,9.879941114063268,2.0781272020200783,3.3845650831052945,24.89416856783514,Fail
4.22034260127639,3.373295311034148,7.793930542442218,4.540697609496843,3.965022247146588,23.893288311396187,Fail
1.1514617839520114,4.316155173723492,5.632333087435071,2.455801328657352,7.542562394229976,21.0983137679979,Fail
6.768722758275764,5.955026005728078,4.764826341747147,8.986872272774066,4.387225172047751,30.862672550572803,B
5.688127364338729,6.467749610819325,8.950442877974838,5.898270687249965,1.5858001495917218,28.590390689974583,C
5.7356328002670995,5.799833204520839,2.149524501569208,7.678668026717565,9.916694132333971,31.280352665408685,B
6.680194525125599,3.2725737369966423,2.2481248169884607,0.8552109279298781,2.090175948372197,15.146279955412778,Fail
7.356426600113652,7.162943304868383,4.682561245740561,0.44621074890727974,9.927063106043315,29.57520500567319,C
7.511771369540428,8.278703795061737,7.955574983947842,0.18741158655532275,0.2726747993919876,24.20613653449732,Fail
3.693826475825851,5.612056530988694,4.0681615203108565,2.371331564550696,9.545843338205156,25.291219429881252,C
8.282127578865943,9.343300082169444,0.3211179073656534,6.7503407477068915,6.610790976074561,31.307677292182497,B
5.936105444464143,7.394835856213277,4.992390069416755,6.397379973783744,2.7566293241757664,27.47734066805368,C
4.50383213039008,5.745782465305711,4.6713014276348295,1.6140286188606678,5.3303816346467245,21.86532627683801,Fail
5.253182644507214,6.102489782898049,7.8152315106185615,3.9337464164889235,6.998672437647552,30.103322792160302,B
9.811861780274235,7.180062101076478,5.745962497043296,9.827301048579324,1.1577103479458106,33.72289777491914,B
6.741869488296138,2.0381949371651134,2.8265181850587204,8.958564257212219,4.2191131212432325,24.78425998897542,Fail
5.852608755098466,4.661910363289384,0.7295788971456363,3.198390098097633,8.594152267044166,23.036640380675284,Fail
9.506063715798728,3.877831574463789,1.108116028366355,9.387893308547472,4.6107382499364755,28.49064287711282,C
0.41572859050392097,9.41904972838329,4.850526680954727,5.256161370791812,1.4394829831489053,21.380949353782658,Fail
5.031335547483198,0.7356102897771621,7.190165924051742,6.128869165125944,2.935322117754222,22.02130304419227,Fail
3.7990052232270397,2.2064594467895704,6.641088904830289,4.487352943628756,3.2811985732824853,20.41510509175814,Fail
2.878795033348446,8.959091387314908,0.5017417206592911,7.26551176872281,4.401257749538469,24.006397659583925,Fail
1.1238297492870941,0.3054197814973836,6.8836605416203,8.623819184885159,1.4981286593978516,18.43485791668779,Fail
4.563259238223986,3.298278294248793,9.165372806020251,0.28818375140863495,2.2462170277842795,19.561311117685946,Fail
2.862798621119409,3.8350188111590713,8.558813094629404,6.346081164811734,1.7338194582291322,23.33653114994875,Fail
5.307506023881423,8.335345671092572,2.5776769218557396,5.943241122862163,9.389285690660724,31.55305543035262,B
0.2538635566034486,9.102217014103122,0.13614147256100884,5.846928752483821,9.164355221763078,24.50350601751448,Fail
0.3672136250082114,5.991756352105778,7.108566734662811,4.5123169860780346,1.0499131885394941,19.02976688639433,Fail
6.441492214759159,9.919266183081108,0.26631686914105,6.751324296032184,1.0085076756222844,24.386907238635786,Fail
1.1927167203974343,3.94237736129301,6.039877538322589,3.467253538834265,9.034962091941598,23.677187250788897,Fail
2.391801042159256,3.11405645044878,5.20570106869881,1.1433084882943478,4.171047162440242,16.025914212041435,Fail
2.5763199876352916,5.642179770333655,2.1271329495179634,4.719350137913282,5.922553037014364,20.987535882414555,Fail
2.48287479630846,8.88363682801264,1.3224012441065802,6.439030594358025,4.010276667112383,23.138220129898087,Fail
0.13094456588333636,8.546075627333712,0.3809271158952854,7.26014354314904,5.905556004103395,22.22364685636477,Fail
6.771274885739019,8.121045388640898,8.851102891081148,1.5115713091376692,5.9621951599838425,31.217189634582574,B
9.800325752854771,9.908013559459379,2.24731644171698,9.40396432574172,4.5041583873384425,35.863778467111295,B
6.0642905965958995,1.596299332527641,8.67708947782877,8.700487660816936,5.228990837382539,30.267157905151787,B
8.420332943764212,8.211236261177245,5.972909995612062,3.1660592565534476,4.605220367970761,30.375758825077725,B
5.324206822752171,2.1068039732756283,3.7447789825458755,7.10493316472639,9.20263259028664,27.483355533586703,C
1.1720390568023342,2.9347857735901437,4.4521212206585865,5.831153282934272,9.636901182891153,24.02700051687649,Fail
1.9187318440450152,5.186462894216692,7.1824426994765025,7.76056568006644,7.259894197343723,29.308097315148373,C
8.926717110769749,4.117820274857746,9.355655602022196,7.830928457608907,1.8053591257153878,32.03648057097399,B
8.952068376871994,7.424575642135566,6.845960501163269,6.3591086096670315,0.8005026525298309,30.382215782367695,B
5.7182877118269095,5.712618284426194,8.259696948354687,8.841892277997825,2.8463878717386626,31.37888309434428,B
7.27579322134944,4.306735714824551,8.531623920501982,6.21606597587082,7.54541519469173,33.87563402723852,B
2.9872557358877305,1.5813264571936458,6.4235982371677816,6.5184461845626895,1.6443325420068378,19.154959156818684,Fail
6.335297107608947,4.74325570550291,6.747417274380883,9.527795257670554,4.682569474081265,32.03633481924456,B
8.15745380626121,6.829615935420649,6.372856468144398,9.675682819819396,2.8682204512182152,33.90382948086387,B
8.447832281168877,4.2586856088314375,3.523464118280094,9.820483989907524,9.717257818635911,35.767723816823846,B
4.485425493684594,3.8401502972718426,4.25066330151061,0.8359873663196682,6.46432948964679,19.876555948433506,Fail
6.594232468499163,1.7064358875210528,7.705325470381457,6.659143330082609,5.249052267772668,27.914189424256946,C
7.521143326969748,3.0729364324229316,2.6504352871134262,3.775686851477522,0.90622982893385,17.926431726917478,Fail
1.5615259736619036,3.041100073428369,3.2498740955708616,2.7606953681203628,4.154453163422231,14.767648674203727,Fail
5.155960285792503,6.273755044353622,8.800626981981539,4.933239915106879,5.210274168862675,30.373856396097214,B
0.8982575257208403,9.164129181004277,1.9208698235602417,5.277678918108474,7.8562702283047905,25.117205676698624,C
5.780721020124125,2.137211528220174,5.852222875080462,1.131056126525548,1.5148892599060915,16.416100809856403,Fail
1.3168690343620704,6.178591540622559,5.948658508876018,7.887402193127766,9.895332236756367,31.22685351374478,B
0.7489584200198374,6.699263421613231,9.615168066268193,6.514598580699181,7.52215730324937,31.10014579184981,B
1.0745055262890812,3.9198111290696014,9.477875147879535,0.3691764307734302,5.471565532110789,20.312933766122438,Fail
4.81273951827605,9.121359019231834,3.8791263038712853,0.9252982752145866,3.9118975989658846,22.65042071555964,Fail
3.2053616680649553,4.232394414901864,1.8731374609066742,6.085414390150126,8.502487663099076,23.898795597122696,Fail
9.73045349514161,6.622475475214803,9.44387397726323,8.208791846557263,9.311829275410803,43.31742406958771,A
5.298090570700541,7.5523653119995195,2.9886215852664346,5.866373909180495,7.569241566624166,29.274692943771157,C
2.298260417925361,0.27161301453653364,1.1321857750192676,5.169631024835379,9.360547704155138,18.23223793647168,Fail
2.208527829630089,8.003248594064893,6.516521611507162,9.986095901130005,5.233953133612124,31.948347069944276,B
6.561618376810715,0.14830162431707872,6.094668031064728,0.9989308253755569,2.1264023609266025,15.929921218494682,Fail
6.573534821701285,7.937668070297539,4.568990709144906,0.8017732244335629,1.388353970481091,21.270320796058385,Fail
0.3367640387446402,4.459652704044057,9.205077894865823,5.788068982045753,3.1997248251433263,22.989288444843602,Fail
3.791608639799434,3.2820616857142237,9.014895298426959,2.4020152585394983,3.266343872263089,21.756924754743206,Fail
5.375231002030485,3.895276083725533,3.3078782020700626,1.5330834485452738,5.513106508330471,19.624575244701827,Fail
8.626751629457258,9.711055083647546,0.6741462714284785,5.511971879918209,5.724529051465001,30.248453915916496,B
0.3282549881924013,7.785818487206432,9.052849426076389,4.206831241064037,3.2000451971213826,24.573799339660646,Fail
9.138145226249442,6.180906231649904,3.027289939719451,8.660015302588004,8.940597549281154,35.94695424948796,B
2.068718754222878,9.727099735613864,2.391747598616585,6.371700994679658,8.532574593424224,29.09184167655721,C
9.288079606878853,6.767366986798866,1.2545808954098192,9.405612874726362,7.828793161887624,34.54443352570152,B
7.422531871990872,3.112452525785969,6.902626091854012,6.877820412391386,7.6094983288444515,31.92492923086669,B
3.0115901978544537,7.261811220000153,4.909215784782912,1.0385097443212776,6.314985552556653,22.53611249951545,Fail
8.089777496137087,5.508163254507053,8.369884614476463,1.623739313607313,3.5410072366254197,27.132571915353335,C
0.5976227417838442,8.793264990158235,5.413300775457159,1.5022392609331192,1.207411246953114,17.513839015285473,Fail
8.111626038791321,7.510895304423859,2.6358918087335037,6.156142918041977,2.3412051465857973,26.755761216576456,C
8.131821472844612,8.525002438794788,0.4143124612843663,4.2015989736664805,1.7090734852592782,22.981808831849527,Fail
9.433101118741497,2.2420981220884317,4.63396646606,8.09180706701384,5.535724312795916,29.936697086699684,C
5.775933658811575,1.7720937982123952,5.915102197690017,1.8319766818212857,7.833334334968626,23.1284406715039,Fail
2.495461998495061,7.736793464792507,7.939044001326908,7.993209480093296,2.6275977771504513,28.792106721858225,C
6.866504233540373,2.53348364472859,9.052249235299403,6.003584802405389,1.7040446995100111,26.159866615483764,C
4.696542569516236,4.974113794914262,3.4437481640534395,9.660901250400777,9.368147099309335,32.14345287819405,B
0.47196701697378995,1.8557460274504778,4.8453775021405665,4.880655760578936,1.1751682948378306,13.2289146019816,Fail
3.220675351957297,7.066877084605435,5.28482000959547,1.4352927507185498,3.0978951367247087,20.10556033360146,Fail
3.3414302238386218,3.671157673405353,3.6614963721057068,2.9521619569283475,3.1587628089197106,16.78500903519774,Fail
1.1355759219962902,9.53072768622137,7.87896313044723,2.5275177246120495,2.957643540736953,24.030428004013892,Fail
6.832480282896459,8.617738397893547,3.7670520241592262,1.9568104974158762,5.072388208543758,26.246469410908865,C
0.9536092127300355,0.09585640144394558,2.634434074875409,5.043905832546241,3.330584566631015,12.058390088226645,Fail
2.2971628368323174,2.8554293786953346,7.473245684517227,8.892532429348716,2.105211675231342,23.623582004624936,Fail
8.393384923560024,2.7000499646501397,5.036870356947338,3.297030369681381,5.620332657067757,25.047668271906637,C
5.542265141320167,0.6504595773714061,5.473812334694351,6.991659228957349,8.379515732657444,27.037712015000714,C
9.467562446922408,1.7312543916515577,7.329142991695052,7.942579282362497,0.7139710460153337,27.18451015864685,C
8.901411373960146,8.745764767182006,9.82802539705019,6.243007288752803,4.71273678437673,38.430945611321874,B
8.022736971474778,5.067117639327982,1.6896925551981956,4.147868823261813,5.448332099548358,24.37574808881113,Fail
3.295304137739967,9.739407666667818,5.131225628054579,2.388620616679252,7.55817196664768,28.112730015789296,C
4.6155747441978985,1.110972088459905,4.363513239631892,6.498120312478848,6.330300203289908,22.91848058805845,Fail
1.9841010119356273,5.104046887190314,2.4212076062903733,4.869617670377371,3.067263763500697,17.446236939294383,Fail
0.3900642076281813,3.3965184501695544,6.172218591674619,1.0114226754522493,2.224531687755682,13.194755612680286,Fail
1.7748183499101178,9.97701541808524,9.686581357002117,8.704303124508254,1.9967695645772032,32.13948781408293,B
7.186992659727959,0.3735163481581283,9.868304343061746,5.431934078103361,6.890815882366192,29.751563311417385,C
6.345824175503037,8.730356015261368,6.108222071639266,1.2362965260541847,2.1289120591610953,24.54961084761895,Fail
2.215010508538527,7.321198004106302,5.571564196202363,7.946619250543034,3.3730257686439646,26.427417728034193,C
6.834294151572705,5.304630000408154,9.647837577454098,6.324092887425428,4.077429440609115,32.1882840574695,B
9.86210744479603,0.35064949018718705,2.8969602059877184,3.330372640547401,4.373697740845715,20.813787522364052,Fail
0.4876631881314042,4.632296374090289,1.9294899243760621,2.188714293851557,4.285859461418594,13.524023241867907,Fail
9.148459010681,5.749534932296414,3.34493334011551,8.104875250703412,4.211712550036086,30.559515083832423,B
7.791025863957868,5.959415957307044,6.3901742892676285,8.459958555747926,3.021060806483958,31.621635472764424,B
5.077578381885688,3.829670110643133,6.479643049054092,6.341624843214183,9.80354289816708,31.532059282964177,B
8.26867847173362,2.9165318539469895,9.35521285464403,4.624797124352142,6.289211851461486,31.454432156138267,B
3.196520622553006,3.3217924990331325,8.408449391326027,0.40281988532154256,0.2624266864772651,15.592009084710975,Fail
0.6964114816240574,8.79417310264396,4.89272519976084,3.3217797710869137,6.511036694199573,24.216126249315344,Fail
1.2258315650718299,1.8636523093051727,4.431019024958478,7.46802092290868,4.370300092586293,19.358823914830452,Fail
7.122202051771587,9.148151491912277,7.032338561123225,0.12161454006304195,5.184264078113431,28.608570722983565,C
7.02097188379491,9.192984383776745,0.5342612744754971,1.6855856272030412,5.580006169402517,24.013809338652706,Fail
7.508710677914974,5.026398049755353,8.388515842643773,6.325076493297724,2.3035405991492954,29.55224166276112,C
0.3361360018328263,9.598343813988768,9.807427252251976,0.5719230338137993,4.7615407191289165,25.07537082101629,C
2.0909736458961428,0.4734997732683943,7.288061990193877,2.3232006017671534,7.368354595998724,19.54409060712429,Fail
2.367204758538329,0.35087611216299996,4.85634908131234,1.5027956462931813,6.248655006370375,15.325880604677224,Fail
0.14961198256300712,4.972543159484715,7.539834102251664,0.11157078389021358,5.9726272811215075,18.746187309311107,Fail
0.09770847419183659,0.08236241591960125,8.457626461178046,6.247960012921433,1.750299407238911,16.635956771449827,Fail
6.0601500247944315,1.651487121099744,2.4498021593384225,0.08938577568048167,0.42965885869543974,10.68048393960852,Fail
0.5764758219902488,6.94965268818639,9.769731627255192,3.5010356757457872,2.4773033737632035,23.27419918694082,Fail
9.977493890102005,2.9785001128610276,6.545144667421172,3.973575447855789,8.421773294932667,31.89648741317266,B
1.2809574636620003,5.886889743360161,6.931110595470572,4.820549020049755,8.536174968395772,27.455681790938257,C
4.977565636068963,9.97897852754217,1.2935636621235524,8.976350107441572,3.0048873141511603,28.23134524732742,C
0.3394597858579884,9.530161760404427,9.438047089917395,8.553033215470633,0.9580151660057068,28.818717017656155,C
4.747690060436512,0.2903990220921937,3.886130608930408,6.686605235409713,8.409224524551945,24.020049451420775,Fail
1.8211791568869928,4.425890233244587,9.68873138682605,3.682618963502514,5.816427399022654,25.434847139482798,C
2.5143015218746347,2.9492613384531263,9.974263795859779,8.179445987564405,2.7470876797315356,26.36436032348348,C
9.929647961193004,4.354361289020355,8.066361217252599,7.913626785148384,8.145923735632177,38.40992098824652,B
2.473403158190833,2.8735366174199672,4.49029245585937,0.6492028819693518,4.097175912056023,14.583611025495546,Fail
0.34799199868350117,7.418668600865923,3.8277165554402903,2.5568274046238546,9.215863922248833,23.3670684818624,Fail
3.031283559453286,5.80418165780147,6.706377463264456,1.2103041229325662,6.989550154763854,23.741696958215634,Fail
2.4627073410317326,0.783884269702585,5.10336045441686,7.246270918237712,9.626110328606662,25.222333311995556,C
2.870381331749128,0.8597373527921159,5.861503241630263,7.316991899547213,5.099814748639906,22.008428574358625,Fail
0.088632851134689,6.160985621493547,6.539213699257514,0.1749630162549587,1.9186897211497478,14.882484909290456,Fail
6.832953766065052,7.76640074372623,6.99596452817735,2.6149448871987166,6.70095387500837,30.91121780017572,B
6.195825928270868,7.365572029698445,9.766505556584677,2.2177385765553295,1.1301618405725966,26.675803931681916,C
8.533464976087238,1.6656625008440606,4.1669928204343885,4.1490507086669846,8.851204953295078,27.366375959327748,C
3.5967556122306776,8.364458962596128,7.861905940651584,4.2158400579063615,6.391574958113207,30.43053553149796,B
3.7593837540329336,5.4564361832431345,9.423728715025147,9.739977330166145,0.48068838058429875,28.860214363051657,C
7.615106317174723,0.8292715250972604,4.083866600177006,7.848376325911943,6.118580002216119,26.495200770577053,C
9.966832779346797,7.848372497826352,4.471534241935079,0.24992796770090253,8.749783198369464,31.286450685178593,B
1.8192813049527112,7.5350390110730805,8.96685989505871,3.1621538814235626,8.477087182241196,29.96042127474926,C
3.8435503852413486,9.822645613556963,7.170359215866839,5.123595169750866,3.310085368388047,29.270235752804066,C
6.917201141346888,3.757949022880572,6.352591386469269,7.558028792759367,1.1852927284881243,25.771063071944223,C
1.1797248362806156,4.0014546728455915,2.081840256006242,4.782730526480582,9.300885079469971,21.346635371083003,Fail
0.6409471103617548,7.247094874643776,4.4213074227038005,1.7056935688526442,4.737134151488451,18.752177128050427,Fail
6.0617463445088005,6.124895070970834,0.6267213470196586,6.425720124246421,4.557201870508995,23.796284757254707,Fail
7.979980352192239,3.787063575653773,4.146838858234439,1.5782902244913999,4.829418678765178,22.321591689337026,Fail
0.8104621590764793,3.2397610656153897,4.40363931178798,2.135031726449758,5.055301019148967,15.644195282078574,Fail
2.449535083659561,3.8782108872487617,3.023800188134036,0.6094541241624629,7.644212298010604,17.605212581215426,Fail
5.137078552153048,9.022202865403742,8.927063140950848,3.136514086445205,3.4736777319588628,29.696536376911705,C
9.207708496360754,5.152553641125769,9.473678255108501,7.396596851955771,8.190592873888209,39.421130118439,B
7.164762626421669,9.021064657183128,2.86175105771892,7.56351139498876,0.38305245360408025,26.99414218991656,C
3.230273457540939,0.638260347097136,7.69664488498658,7.218336015257706,8.226652469844858,27.01016717472722,C
6.298206544347077,2.046254725590199,6.000274026791299,3.2980374337602103,2.7736924495336646,20.416465180022453,Fail
3.356104542698427,8.238405151711937,5.897288254658801,7.658091614899567,8.494203438326299,33.64409300229504,B
0.1289746978952544,8.324894744194486,3.321549164526644,4.908348559469832,9.365954218273899,26.049721384360115,C
8.956747776187786,1.864138471663268,6.5911474189976165,6.574865819203688,1.9572351994295123,25.94413468548187,C
4.852667423426215,3.858553767217361,0.2322671346111771,1.8482962365309952,0.26422375093975936,11.056008312725508,Fail
6.392018293899598,7.503124383797197,4.632874490664348,2.3489440612818937,9.66107623156766,30.5380374612107,B
1.1376195880454942,2.6926031647097757,7.459176109628997,0.25021127786957753,6.587588076481317,18.127198216735163,Fail
4.72793345301583,7.15869543583235,9.112351296955959,7.737358845808513,2.1776783613835873,30.91401739299624,B
4.49349742039642,8.224223100162773,7.768739122188216,8.00048916828424,8.269651972151275,36.756600783182925,B
1.6269974380856589,0.5549072107106068,4.729201168617793,8.65516463462167,3.9349808558221944,19.501251307857924,Fail
0.393918336928194,3.5071850945425096,4.566009242058158,2.1740479974246285,9.936371776083867,20.577532447037356,Fail
5.088905555910559,2.1592560093895754,2.152982973214461,7.004294394582368,7.509231657963403,23.914670591060364,Fail
8.94747570831301,4.932935805626924,8.851926919551538,0.34040935718648413,0.24658503562063339,23.319332826298588,Fail
4.458255498270161,9.514994392273525,6.231148401627745,2.8178662042067892,5.388293945649275,28.4105584420275,C
1.6695017903446918,8.504522733622586,1.7496563989074654,1.6158896796959077,2.0868042277462684,15.62637483031692,Fail
0.28337450383384644,1.4778413347831776,1.450121673962853,8.579994311804214,3.2044062313889543,14.995738055773046,Fail
4.53989911199699,9.441743635056618,4.9530165368961,2.953674535972138,0.9983555962682233,22.886689416190066,Fail
3.8394889426297265,1.7494651375798786,1.1256873642650522,1.1485395849507596,7.726216913041647,15.589397942467063,Fail
7.921899382752451,7.086035243406688,4.5702735502043,4.453048746455867,2.881465859819744,26.91272278263905,C
0.7290183536790351,9.021941183826756,7.128055923916904,7.352966788027886,2.961910638524169,27.19389288797475,C
6.327118787486009,4.90119236126782,8.573346449228769,5.7631814974945,3.3072651759762914,28.872104271453388,C
3.0779583168074565,8.375627346763238,7.377207361681894,1.2397799436,2.0093872014734346,22.07996017032602,Fail
8.972984957497385,3.5446162029588657,5.762482501211878,7.611315535781128,4.389872294234416,30.281271491683672,B
6.891433569803377,8.546738702503017,2.575354502405834,5.055950154590377,4.988425392460298,28.057902321762903,C
6.171942271169667,3.8387495343427758,2.1468269167350753,1.9712875164470212,2.327391126618641,16.456197365313177,Fail
7.863450144155521,9.961452421241919,9.131087869195495,9.160839855813753,2.8037500662050707,38.92058035661176,B
0.5856530528453385,6.676072297270031,0.6215192713256745,5.854640945929423,3.2143313899752366,16.9522169573457,Fail
8.596655476664752,1.2142212233126248,1.3887222791593357,3.278711615825185,4.048198928411846,18.526509523373743,Fail
0.1835838399922396,7.803382476251571,2.4075441481780713,2.3882210312969745,0.9687288907304326,13.751460386449288,Fail
4.9781250803429025,2.8891431580381175,6.240584427773487,3.516822197427639,4.4047914717728744,22.02946633535502,Fail
0.7308509102615024,5.222894733111719,1.8044199864596888,2.138048588954218,6.9047928139920085,16.801007032779136,Fail
5.577088262500439,0.15415166076539255,3.843176354583717,5.8303110633530615,0.4725720033290015,15.877299344531611,Fail
9.672711903702977,4.31651762593961,2.281537282590791,7.1824234525353505,4.798386489009734,28.25157675377846,C
0.5225787928602377,9.742425255217364,8.025020338654404,7.8233945773825075,6.088888854071794,32.20230781818631,B
4.14846850301595,9.384664626177631,8.417604082132918,2.2232669120441417,0.3366320416963331,24.510636165066973,Fail
9.426097101586556,1.4026816163542855,4.121944490530943,3.080207377625931,0.628751162397877,18.659681748495593,Fail
8.83349701022104,2.513129587254437,0.4360036531871625,4.378487094426966,7.03018481116219,23.191302156251794,Fail
5.320868239380113,0.035489918647713115,1.4212703691587658,7.907812688042153,5.631408689519164,20.316849904747908,Fail
9.730105547524456,7.067905043968144,2.280749394417904,8.499393107557463,4.614611290216869,32.19276438368483,B
0.394268113685059,2.536694591216965,0.7193315148136581,2.350594300419223,9.961250195648306,15.962138715783212,Fail
5.275796224253504,3.9508852235663285,3.8095017273519427,6.42377711857777,6.973216081020927,26.433176374770472,C
0.6485359448296835,2.3871468393506357,2.8096105317302156,0.9949175763458351,0.6227581051095621,7.462968997365932,Fail
6.2589137643700905,7.123940284729216,9.999009770092316,6.601760977729654,4.448500610681643,34.43212540760292,B
9.667061400184606,5.17014723886716,9.626416629468812,0.15830616453093915,8.779308902296496,33.401240335348014,B
6.638045276218051,8.39566706475422,2.9127649181644544,8.362683982918377,7.086181702086868,33.395342944141966,B
5.126547531450529,1.05778906894067,1.6979500493567934,7.208888879621948,2.9299618011541573,18.0211373305241,Fail
5.812382214226123,4.778906609457496,6.63317843674481,1.9473685600295432,9.06507569302917,28.236911513487144,C
6.552419806390217,0.1815796560707883,8.324923700561442,6.492196335416387,1.5679517670628107,23.119071265501645,Fail
5.888102701562232,9.656889165603692,8.430351646384901,2.817658684972608,0.4187634959247577,27.21176569444819,C
8.24471517604549,6.965390223878929,3.880490309488238,2.995277522618829,1.1975208127261072,23.283394044757593,Fail
3.133676944572782,0.5215723085332924,5.193106413968723,2.897159191843175,8.114939374786067,19.86045423370404,Fail
9.700744566667069,7.654322167447717,6.309129264658232,2.5310225526489596,4.833387560713116,31.028606112135094,B
2.5467062204605115,8.579574553975084,1.8242668548911367,6.634600981297478,8.00252881234973,27.58767742297394,C
3.419344935747266,1.1185994634632246,0.5659084760216571,3.602371888118352,8.53884876985432,17.24507353320482,Fail
7.130460506343187,7.1878903482002565,3.561971639189281,0.22337654381037075,3.242972241778892,21.34667127932199,Fail
3.799242909620145,9.917863552879298,9.150267805923955,3.2327692246816184,9.821114052949799,35.92125754605482,B
1.6682970495026284,4.557133651568284,0.3001048777414117,0.23646801070180357,2.1459427323162883,8.907946321830416,Fail
3.201811674284386,0.18730292060419873,9.115893876727304,0.2559150724950321,8.669095277514538,21.43001882162546,Fail
4.233351441531975,4.375977437537935,6.417520771315496,3.293379300096576,9.74794019740608,28.06816914788806,C
7.935374022288309,3.057588231556988,1.6649955110136272,9.814621114791159,6.119737505092919,28.592316384743,C
7.247667715287615,2.5462686665289547,2.037032916565763,3.559267096208225,7.615409226294236,23.005645620884792,Fail
5.637371014453994,3.9293730502780666,9.565848607252994,0.7328815461943639,8.777145176255143,28.64261939443456,C
5.174463517550413,3.145460976033576,7.849121544507291,7.387109574003081,6.624992612626311,30.181148224720673,B
5.201602230243957,1.6427656590225737,5.138497435202164,9.046203802700868,8.439624244481976,29.46869337165154,C
7.409040561520714,2.7870734562070867,0.005099890159435683,1.217398852603333,7.262278881822307,18.680891642312876,Fail
9.626484146779251,0.535446508926749,9.491321529166644,6.188922311384751,3.0728294556677174,28.915003951925115,C
4.57699605159294,9.170455901544761,4.347517262399892,2.451864292155287,6.345767510770375,26.892601018463257,C
3.618530932051387,9.898674840378934,4.158340502680296,3.3148174040086156,7.998129038347461,28.988492717466695,C
1.1324345163981986,9.050840377609537,0.13847635506381906,8.762719987450605,7.4276862992295465,26.512157535751708,C
9.70257109726057,7.278558680501468,7.632778849269771,5.265053253821465,7.447866755185273,37.32682863603855,B
4.075430310324308,6.798728739471748,4.4715695677175855,5.45229885969389,5.121574814116652,25.919602291324185,C
8.67702097919239,8.939783918831083,6.075268621753384,5.883131897393641,8.849831538790712,38.42503695596121,B
0.9957971354002892,9.111357701300834,5.60907528070371,5.904915338234477,6.069318305770239,27.69046376140955,C
7.4882633696330645,1.5397435116568392,6.980753687315865,6.498232443114926,6.083010686170992,28.59000369789169,C
3.3560924424090133,4.577140514982325,9.673755319781979,3.2857807780040194,8.137999778189554,29.030768833366885,C
7.379173933540254,0.04281757836103628,8.407461546868152,6.540644284224806,3.206766803507386,25.576864146501634,C
2.0450433869279583,8.52806111090902,9.616777946987039,8.72043181875494,2.649975052171575,31.56028931575053,B
1.625110652974563,1.7686321209391564,2.4927786636638203,3.41145346808992,7.643348128534459,16.94132303420192,Fail
0.05025503365311934,7.2657070832779365,8.353493795084933,1.5031606912299722,5.729565590990584,22.902182194236545,Fail
5.391937941273143,9.377922867867817,9.808074284900055,7.500375375406604,5.636590604344586,37.714901073792205,B
0.402580030092321,9.307112223325436,0.41208695741546286,0.4255277460721463,3.8267616719013953,14.37406862880676,Fail
6.391199378155004,0.07759648337424485,5.582887464374169,9.35689782152209,2.147296822287151,23.55587796971266,Fail
2.280618169000199,5.97398891187153,3.4790154054784175,3.4984626802415555,0.6711932438375345,15.903278410429236,Fail
6.92532431537108,0.545396606751507,4.564534031957283,3.899275617346356,8.65617978269137,24.590710354117597,Fail
6.918639081608444,4.292558745958369,3.413892013205535,8.98444744991303,0.568638987869704,24.178176278555085,Fail
4.271050453603432,6.028447467863508,3.040635375065027,8.626048765462901,3.4413462434084154,25.407528305403282,C
2.522410201733616,1.2000274961688806,8.960825606325923,0.91369310849436,3.0767184812394053,16.673674893962186,Fail
8.104329135731705,8.367173654746228,7.860252720494688,0.2184739688963,5.312594199172156,29.86282367904108,C
1.2525123109620795,5.941593578796515,6.0708196392117255,6.7239687757003965,3.630350497067144,23.61924480173786,Fail
0.5829720386235704,1.910451606552953,1.2747035478524127,0.7616776920078905,7.781348843958051,12.311153728994878,Fail
9.107979110488678,6.53917788273347,2.5591009642192377,1.8600623293351204,7.048403718446835,27.11472400522334,C
3.762595855309158,4.7598169034922035,5.088214484909949,0.7565260198068502,9.457965993907521,23.825119257425683,Fail
3.5528964321931875,7.745602499145873,1.7131575383279818,7.904381025462543,2.586072223461734,23.50210971859132,Fail
3.2646130824399187,8.797205330602157,2.956585718430982,7.048425694728376,9.290848205079756,31.35767803128119,B
6.844353610693075,0.07591416173914123,3.5416967852025714,2.403900631777036,7.183056212492592,20.048921401904416,Fail
8.849267468449666,3.8514073631157952,8.83302663733713,2.2431547497333537,3.52941799309216,27.306274211728105,C
0.9236052811137851,8.076596015747802,0.7403128740591358,3.254424150135348,1.095869578997275,14.090807900053345,Fail
5.444613321491686,1.5509360627100233,7.343958761703014,8.533546101506403,1.5050784949847407,24.378132742395866,Fail
6.432882184423532,8.877535094139864,3.0388756797082186,1.789762827151259,1.0452013369372826,21.184257122360155,Fail
1.9494276897015983,6.349950702209236,1.7944866288060435,9.454995140145272,6.28740245659057,25.836262617452718,C
6.647392049108463,1.8683440629458303,7.956301142973078,5.608338281117114,8.324936998735962,30.405312534880444,B
8.63577003139146,4.106040671489124,7.095047919853247,1.2094870151670478,1.2217398405535362,22.268085478454413,Fail
9.78265463529474,6.091748793796582,6.995703298454094,6.327803099917954,9.921757952986017,39.11966778044939,B
8.317853001851592,4.633259391166932,7.493987943269137,7.3417881590501475,6.603660251134209,34.39054874647202,B
8.404427505460202,9.30703993192474,8.831568886620541,2.256874513805287,0.7829095113828477,29.582820349193614,C
1.7397739952180358,4.117645502263773,6.734998608184691,8.266186705104431,8.141358790122647,28.99996360089358,C
7.76821367240281,1.5457215147476755,3.7314853695296013,0.2446366111907261,1.2099738257750658,14.500030993645879,Fail
1.3128797200482423,1.1365126131168335,0.3696235022056038,2.84153092857225,9.719600286906287,15.380147050849217,Fail
9.938483888996982,1.722183222070327,5.801170330420308,7.62221627169866,5.711688952909065,30.795742666095343,B
2.9214464853521815,9.093041464060494,3.2649432766325157,4.29364820389177,7.729584919111816,27.302664349048776,C
2.013637821359744,3.3139413894263736,7.890108430548304,8.187097130573088,8.483253174216587,29.888037946124093,C
3.6013640747151907,1.7499682875058398,2.1878874580758345,7.2547768910248855,6.691058898072861,21.48505560939461,Fail
3.366042781939206,1.6574901538845488,4.069537824742556,7.671710105165188,9.328498007687058,26.093278873418555,C
8.103032991233325,8.822695165695013,9.18946075472109,2.720741560234159,2.9354422885877085,31.771372760471294,B
1.4080294889267608,1.8656385963465971,6.116473327375985,4.078030130966254,3.933270485322804,17.4014420289384,Fail
4.453052550026655,7.443037173373661,2.114130157759041,8.847009695947058,3.0229267773907473,25.880156354497164,C
6.9216134169413195,5.694326830948546,3.9997614908714207,2.888697294292877,0.6708745716816433,20.175273604735807,Fail
4.7554603748682664,5.513305496923012,3.389082032837228,2.2614678322880133,8.634460301723657,24.553776038640176,Fail
2.7163318127436966,1.9275432188703956,0.6716499260555508,3.273104354453198,4.878193528459552,13.466822840582392,Fail
9.550605114849889,7.900741269632747,5.650515862904033,6.22237758424305,1.4341599812101213,30.75839981283984,B
1.1752624677710488,5.050578002704087,5.236005730592374,5.771096494637823,7.396065329465973,24.629008025171306,Fail
4.685569945911347,4.931955197879292,1.1418376798795926,5.0728277165872235,1.9382430232772052,17.77043356353466,Fail
3.152394346494508,3.4716683967429263,0.814408673219329,3.293159916723065,0.677823407129543,11.409454740309371,Fail
6.389630219732846,7.975655525345219,2.1852600075476314,7.504206154170536,0.1781784447029544,24.232930351499185,Fail
6.253301699544539,9.721565095347499,0.35244449070156336,5.669566135396983,4.413442465428608,26.410319886419195,C
3.961726916092554,3.4343058801949313,6.179987284969894,5.197142908862878,5.159450282262857,23.93261327238311,Fail
8.014457762229537,4.531363314784996,8.728714781229222,0.24951884467717456,2.5818360990709444,24.105890801991873,Fail
3.75582952639944,9.25529321646895,6.39896436083252,3.115736716735894,5.939930186885735,28.46575400732254,C
5.689214058447163,5.049609189421677,4.563765932479451,9.517963443713384,5.361428394090081,30.181981018151756,B
9.317404033165083,6.594901710876519,8.340444162214823,7.482828167590336,1.3568759631528804,33.09245403699964,B
8.286529061182893,2.04446367065663,7.468265061490941,0.7876090363563926,4.962171097028154,23.54903792671501,Fail
6.941316539762369,2.688748493415148,6.581747595137903,2.351697010699809,1.7715066580137007,20.33501629702893,Fail
6.3564532195261325,0.4283732118899841,2.933275032907583,0.956062841392078,9.776204232754402,20.45036853847018,Fail
3.553197484738877,7.999470485848819,9.961529042006461,2.1742734486082926,6.451324258180401,30.13979471938285,B
6.581598242975735,6.180428120817557,0.9096984842685607,6.2033777482197605,4.726576190926925,24.601678787208538,Fail
7.667683563383357,4.493360594354341,3.057451943014007,7.4534569640785255,0.40576099318878067,23.077714058019012,Fail
8.886590802653986,9.15076765278806,7.68811656238217,3.7735461486020574,9.459856338345853,38.958877504772126,B
1.7968310887024197,3.49485182308101,6.7446128344437355,1.1363388975022926,2.7301992143622025,15.902833858091661,Fail
3.6014211413893804,4.053516136255215,1.4869230622660334,7.777953329040571,3.588248809574325,20.508062478525524,Fail
2.895827046707271,7.57813305694266,5.738187600337467,3.8847775018409814,5.337393475604531,25.434318681432913,C
1.7231987120162984,6.095685338984641,4.948390678198749,8.269221529684,3.7620976237972092,24.798593882680898,Fail
5.985629932177599,4.565117567217902,0.6600633581166793,4.595584057771596,1.7800850947059854,17.586480009989764,Fail
2.736663849214577,3.5997351817666945,1.960543514547023,7.171178206126382,0.8439363301188108,16.31205708177349,Fail
3.2874598834960658,6.440232166355479,0.6969577956914585,3.9137829359104224,2.5491075496875792,16.887540331141004,Fail
8.898363940883108,9.4894013128426,0.7398405009171904,6.530487417602242,3.1082051495599625,28.766298321805102,C
4.607336002416739,7.2374638540778555,0.7700493320219459,3.9222041695293095,1.7316694715333758,18.268722829579225,Fail
5.935924535540487,8.914538731447493,0.6340198993980639,2.2671734579984992,1.2903433820623522,19.042000006446898,Fail
5.300523392123808,5.998679731550471,7.566298423841977,4.174284172000602,0.7505471110941764,23.79033283061103,Fail
5.476161006537471,9.039761718765773,6.262567303206703,5.495275759017196,4.944712344905442,31.218478132432587,B
7.435025357790752,6.870884721037042,2.961627302607507,1.216018438883546,5.730326003652615,24.21388182397146,Fail
0.99237664919681,4.411488250468018,0.9059440574756661,1.7186115659853185,1.4187363820035737,9.447156905129386,Fail
8.937741877619448,8.849134572119935,7.767473661838907,4.686038996132193,2.6393035588214344,32.879692666531916,B
0.5196609813118025,9.709840578768706,9.80378469058743,4.83361852951729,7.335272119014413,32.202176899199635,B
8.373670797701507,2.349485628333927,8.843861674538584,4.099188448670898,1.533955454766912,25.200162004011826,C
1.645253723928124,6.107813560779473,6.4164449709122025,2.5106913359364533,8.607031729096029,25.287235320652282,C
6.895342089054152,7.9659624140790815,6.3813939896881955,9.53202078753105,4.512768676639939,35.287487956992415,B
1.7925561190779005,9.086927663029059,1.2656502381398038,5.241880712703001,8.766710992631033,26.1537257255808,C
5.34800976919168,2.917946467237252,9.971154717121015,1.3028257864759951,1.6736279248315977,21.213564664857543,Fail
6.4279507050630915,6.070286543845467,3.7154699500317525,3.907449422577928,4.928304735340488,25.04946135685873,C
0.8860471396967906,2.5674160134154933,8.23912127456629,5.1957848510121885,8.820499804079548,25.708869082770313,C
5.428413743340746,9.25451592278533,1.7463886473746149,7.529565659307166,7.509818930403453,31.46870290321131,B
9.48369552788919,3.9366341405564076,8.085316757722865,9.934722762576287,2.026962473465889,33.46733166221063,B
0.9553531383466818,4.954591929029444,2.1337190735486224,6.522494047310696,7.036078280700853,21.602236468936297,Fail
1.2461420770752119,9.010384977340232,2.6931649510577294,9.247001582639957,4.279577154704323,26.47627074281745,C
1.2595519637935826,9.64145795865558,1.3668831972388296,5.064575454452288,0.0009359385827234501,17.333404512723003,Fail
3.3745427896422897,1.1929958060181245,3.4456822945877494,0.9989345852149867,1.1975821311047574,10.209737606567908,Fail
2.842882890954593,4.44829257597959,0.6666076327786896,4.798319496641398,1.3553450903434294,14.111447686697701,Fail
6.511475848816741,3.768196061479708,3.957538502235951,4.579633160499438,7.263421948483364,26.0802655215152,C
5.567628930139298,2.978473483600218,5.230413346148723,9.740681163997012,2.8928013372633874,26.409998261148637,C
5.802285321991417,1.241601865478108,2.3729903609358525,5.937458684465835,7.343358780724206,22.697695013595418,Fail
9.447500802102118,2.359755771194514,6.0046581317624605,2.647105639468843,1.9562964870339272,22.415316831561864,Fail
6.964298070361073,7.020356684821421,9.672034558421934,0.9723796909558169,0.7223067331364996,25.351375737696742,C
8.735342642452146,0.45477951306036934,5.1427682454207435,5.012820991460075,2.070943421658067,21.4166548140514,Fail
1.2749972667198572,1.5877628628726226,2.99972178760001,2.00467114421485,4.8282398461570954,12.695392907564436,Fail
8.80314762148927,7.622307896421693,8.21192758363614,0.4576745315026931,6.909191761008197,32.00424939405799,B
7.470782671290289,2.1475939996247204,3.9504541896966785,8.852625740541523,6.690778473873946,29.112235075027158,C
0.44911298995615856,4.005953741052723,1.9059030112082598,7.027947582172304,2.788134950131723,16.17705227452117,Fail
6.678679067008134,2.917238871803609,7.374764718989887,3.3531214125962094,3.6930718699831946,24.016875940381034,Fail
3.2450664916894736,4.100896832611529,9.357255483787986,9.054290137251392,1.0660104488968813,26.823519394237263,C
0.9737672910800421,5.802312870599559,5.3863164753230395,7.177317212848661,6.075578824424942,25.41529267427624,C
4.3369433132038,2.0108348840604595,1.6101833282423639,4.314836362753793,8.78869235186504,21.06149024012546,Fail
3.3850687942547286,2.3752304184806885,7.35484405828715,7.259669475679523,2.1363266065367394,22.511139353238832,Fail
7.65858643884742,4.189408420801276,8.967781168692344,7.698034729820246,7.153048012484547,35.66685877064583,B
0.16912799921607324,6.459341848009382,0.16367764040082777,2.920487458000581,0.3708807826122318,10.083515728239096,Fail
8.661015453778347,0.25982293725780314,4.267959360631596,7.039788648679767,3.0606394885360757,23.28922588888359,Fail
7.431931987316034,6.149341779171475,4.169069652234766,3.8943496647845386,1.5682609733969533,23.212954056903765,Fail
0.3769739042267062,7.80915252154526,8.767106826597551,8.60506258814403,1.5836118428056967,27.141907683319246,C
2.7230732651936895,1.9204199355900409,1.0508559517244287,4.8621296233867,9.762641725102805,20.319120500997663,Fail
9.07611002556555,4.3170297865641905,4.7046498261760235,7.234464920450704,5.628005221869191,30.96025978062566,B
3.6250198453151317,6.862332800964477,5.623727823711995,2.760480797712992,1.2189776491497717,20.09053891685437,Fail
3.8089085663102153,6.789030208597069,7.701222076697677,4.62708296101629,5.873138145265476,28.799381957886727,C
9.699143978146033,8.735596022726128,1.3245679086687845,7.069320298023235,6.668156750156945,33.496784957721125,B
5.375401436403463,8.338093088728618,2.892670728360325,8.316253557695383,0.9055611211069814,25.82797993229477,C
0.5816775872092472,1.389274799128628,7.857426131225226,0.04998453687676818,7.339856873683006,17.218219928122878,Fail
6.595107686407702,2.9734374754004564,9.9681094032579,0.1245841186844332,4.106916424888478,23.768155108638968,Fail
8.948166560605276,5.088762514093347,8.749702044778621,9.001391686098243,0.5705838368182703,32.35860664239376,B
2.260790710105627,2.846979688875555,6.550590173405827,3.6266968441293956,0.6637251089843466,15.948782525500752,Fail
9.660214591302086,0.9705413098337767,8.675800307940346,5.604120350782592,3.3050235026960095,28.21570006255481,C
8.327790710232946,3.5135901433178085,6.784971974719621,6.871728556220472,2.9169366092015867,28.415017993692437,C
0.5778056099636664,0.7596028696491686,2.861209078237872,4.201499128485777,2.001349746309229,10.401466432645712,Fail
6.939484444671001,9.590439968714078,8.940937735563852,1.803909018294848,4.121437257307217,31.396208424551,B
1.2654531119637724,8.741096277181507,0.452951288425012,8.47461866914816,3.3704176171205757,22.30453696383903,Fail
4.518690446522778,5.900124682736959,5.405036049978419,5.733440436228507,3.648875065471225,25.20616668093789,C
8.908321482896335,6.858724552314401,5.84937498678237,2.652885153552936,1.0652733376272383,25.33457951317328,C
5.3758113805151435,1.7761981945520222,7.8624982824872784,9.432761007696381,1.6574033345657257,26.10467219981655,C
5.371065418185478,8.269490250841109,6.4498226205314175,5.7297917130625775,5.086488616160025,30.906658618780607,B
4.111974888825458,6.784266670087369,8.884508649323863,3.5085664344233516,7.699816329715469,30.989132972375508,B
4.6035827120192625,8.056847888768923,1.1593351065750634,8.203785138943969,6.465335523971511,28.488886370278728,C
7.6070480604389505,7.0885711320427465,2.9117806474891514,4.310741851565095,2.3583649970426865,24.27650668857863,Fail
0.6936130087516545,6.063169473745321,3.7505894411310625,8.174882271909766,0.03508504671443369,18.717339242252237,Fail
0.5490489091077433,6.03800768012189,1.4170810953434643,7.319263575069936,0.820880157305689,16.144281416948722,Fail
3.6372552113568424,2.7221880083977568,4.749189872111402,7.63269835600954,2.5458493477259623,21.2871807956015,Fail
6.377741418455916,3.887951189614026,8.884261421878568,7.353799159460005,4.199826080736283,30.703579270144797,B
0.23271935735825866,5.130694228634381,8.562963087989713,7.8949737682747205,7.203283013294994,29.02463345555207,C
9.705733326273604,9.281452208956422,9.243639616856898,8.65310524173463,0.4549830585998482,37.3389134524214,B
8.29394664858847,4.911409691346621,0.5861897061358046,0.9043037956565758,4.772349578339893,19.468199420067364,Fail
1.7619440616424753,6.180508083353723,4.155847007446058,6.634845651089614,7.157331136860524,25.890475940392392,C
3.243337531153756,9.698207852410404,8.614781446346063,4.3902460068787175,1.201432268514624,27.14800510530356,C
0.3881294781180211,6.561618064448772,8.785904243758395,9.372932800508892,1.5194681054716885,26.62805269230577,C
7.039366670345154,5.461545912071965,7.0989979772787315,7.282335237631167,4.95875814952907,31.841003946856084,B
9.684887775943839,9.359551537286034,6.610837672688547,3.169030044282144,7.5325539195342746,36.35686094973484,B
4.583235945875755,1.4357746344859523,4.612024721321361,8.23876175097604,0.9358191910753699,19.80561624373448,Fail
2.4534910968132095,4.853723712045505,9.459278612960757,6.87498086697512,8.806149636866301,32.44762392566089,B
3.965536819899632,1.1027672827656687,1.0973744721244993,2.0392255304613083,5.853087956597411,14.05799206184852,Fail
1.2906512482906296,6.017644421104693,5.861414332423678,7.783474076177251,2.561851152858189,23.51503523085444,Fail
3.8795216865489204,6.642179722788823,2.60926465717605,2.264406203310816,4.711757129556081,20.107129399380693,Fail
3.063134987782127,0.6392316419193877,0.6140301929535608,2.4012949034649758,9.789469533038663,16.507161259158714,Fail
5.851216609271247,0.050671144972622706,3.9835230480325636,1.0739258183227818,2.794252788886711,13.753589409485924,Fail
5.75474177875879,6.337790395432505,2.5230714075863805,2.122012188804182,1.905529423497191,18.64314519407905,Fail
6.838664518353433,7.3748948445991935,4.204391792795369,8.637164146131536,3.5453995975194728,30.600514899399005,B
2.888099699540896,2.8608777820496902,2.0435248052839494,6.113077653925895,2.94032284031031,16.84590278111074,Fail
1.3124487768238757,4.74372639974619,9.410343037895448,7.157843032795155,2.1926137721531824,24.81697501941385,Fail
5.568183602783075,6.095608219048099,0.12656770211862511,2.483908544353156,5.4147685199189795,19.689036588221935,Fail
6.466211336575554,2.6646694120920267,3.269124672523922,0.9855007237734337,3.5771780182508994,16.962684163215837,Fail
7.828486179866575,4.403129757519056,5.938250989731627,3.642091462539402,4.941310516117002,26.753268905773663,C
0.6194651857898792,1.3523982798472256,4.860953031950233,1.9282381726334674,8.720478499706202,17.481533169927005,Fail
3.450837455132337,6.314735671327502,6.9513104901841825,3.1076818479725743,5.888113155559752,25.712678620176348,C
8.627970775432285,2.866592484472527,0.53498208088685,1.362586624281913,4.701676797705997,18.093808762779574,Fail
5.626554229027424,7.91532618666892,3.921334325530672,4.185737905560249,0.3388002814782509,21.987752928265515,Fail
8.43812863658306,0.22921573149636942,5.991648733671665,9.496833729542507,0.6066329393479963,24.7624597706416,Fail
2.810044989087136,0.5952619687182248,0.27083654828207737,2.5324328879117908,9.71394579849372,15.922522192492949,Fail
0.3893801668766561,6.899911963543062,7.906273393830771,5.2903460584273425,4.074686302224243,24.560597884902073,Fail
1.5124682873493456,8.510918822321445,1.6152392229926127,6.565476769110743,0.16519611599961848,18.36929921777376,Fail
7.039359073278309,6.292189720886135,5.939062602255979,7.533689569777274,3.7576311644007676,30.561932130598464,B
1.2748866233198242,4.336969331069596,6.162966668927432,3.683523574883749,9.24267860437136,24.701024802571958,Fail
2.2438297979979547,8.888879396564827,0.31028442418032265,8.54125314892239,1.3973270283238381,21.381573795989333,Fail
4.961759261011153,0.827475038898714,1.2229626635953061,9.31720396608368,9.011583240254598,25.340984169843452,C
0.5697872699736828,6.010767990063926,3.8796633338382422,6.3793499436475045,3.8156869329003493,20.655255470423704,Fail
1.3637147558676976,0.9101180688251698,5.413288592698038,4.430455076914667,2.9397658972880403,15.057342391593613,Fail
3.0936856208001284,8.849936133950258,6.5957394187181855,4.503245881466591,0.8604556517420259,23.903062706677186,Fail
0.7764933467160506,6.055702738939303,9.404167926325261,6.958005615441982,6.426580200973039,29.620949828395634,C
1.3328425808217315,2.9201410044073404,4.342681610636711,0.4695930332251119,7.890684640295285,16.955942869386178,Fail
2.58792408364524,0.5764269559739343,0.41847944882934307,1.2416820567279263,1.609399100620026,6.43391164579647,Fail
2.1929528250483066,1.2488331324064617,9.677721619298485,9.6053081725259,9.95049307726413,32.67530882654328,B
1.9864457689740578,9.824473570470747,8.549860148320574,1.8341485379341704,0.22901958438765413,22.4239476100872,Fail
7.900304363070614,0.3689328891076815,3.5131392082185577,9.722229414393485,2.5030898834571347,24.007695758247472,Fail
0.6160798529246925,9.81808022717827,3.8710415836887293,5.070210933855982,3.799089337238306,23.17450193488598,Fail
3.8610263780077423,3.8024116641339023,7.605339880096951,1.0661824712979828,7.603863545509909,23.938823939046486,Fail
4.732131868843988,5.257888435355465,4.551632489675964,3.9744192725717165,3.6016055053337404,22.117677571780874,Fail
6.953189496243846,7.773731292105488,2.2861909644035885,4.018030603177434,9.423266010770812,30.454408366701166,B
9.825212722560387,3.71585840912535,0.5991217588088082,7.84587482031228,2.9101651851354013,24.896232895942227,Fail
9.098236408320604,3.271782380193179,7.3890591147407,0.07892226008050951,8.648799766031035,28.48679992936603,C
5.026790232288615,5.192800823952713,2.285251477067444,0.7389214521353393,8.144451422960564,21.388215408404676,Fail
1.163663978854761,6.881138762610554,2.129654500014342,5.355077553486204,3.703353839980731,19.23288863494659,Fail
5.829260568042631,6.949674606058467,8.35237316824051,7.979022209611327,4.0211798026369845,33.13151035458992,B
0.19043409274291823,6.469394490806385,6.765759070836642,2.0908465954444178,4.7118433996140885,20.228277649444454,Fail
0.7222934827247784,3.023985198289777,5.137451444804616,2.72765659210029,1.9312028132415915,13.542589531161054,Fail
0.1083765148029836,5.90589657738585,5.764046934353918,2.305466802216518,9.94595356040546,24.02974038916473,Fail
9.437888892079581,0.8648444215163853,1.411804987365669,9.919798242861678,4.850573936638252,26.484910480461565,C
0.24390993110096737,2.42397876251889,7.553399783554741,3.8210339738001764,3.3596990758680967,17.402021526842873,Fail
5.003594462155606,0.19231703456760174,6.978198430863102,1.1011674374347202,1.0642877271489448,14.339565092169973,Fail
7.8803514957502205,3.122318396207352,5.718722545093541,9.77491993890093,9.649868236229203,36.14618061218125,B
6.821916892550988,8.75187213458729,4.458773419148427,7.534985375862014,8.846490973976133,36.41403879612485,B
1.9516651721865041,3.1468897387132655,2.5376261234499475,6.8107239109792435,7.081716508696828,21.52862145402579,Fail
0.09978776658449373,3.268203062517321,0.5824345277147125,0.5558509914208809,4.836219129886827,9.342495478124235,Fail
3.418490419172582,4.853728951691942,1.1938350385867336,7.17800634459294,8.564951081235302,25.209011835279497,C
5.96269878482053,0.0245458644384422,8.440787343822349,9.117651062733668,3.6193087569273583,27.16499181274235,C
6.715118072810374,6.9898140261075445,5.984792878167189,7.878890707756733,0.15890115788719128,27.727516842729028,C
5.7856393227935445,1.5196252587821513,8.178730575039264,9.680066562066106,8.73048275786972,33.894544476550784,B
3.8401907396495814,6.5313067028965595,7.369020115909616,4.332314210950441,6.998707824812154,29.071539594218354,C
6.380032352162481,8.20648180049382,9.653122662134649,6.138560694206747,7.662571859599794,38.040769368597495,B
8.282735648159884,9.957482270595296,2.151569661107554,9.638129938401674,5.9923725049777605,36.022290023242164,B
5.96063931100595,7.35558198267917,8.116353199647065,2.6698870123137795,7.587763893888053,31.690225399534018,B
8.060967479607475,7.1087562758354235,9.127384734310597,8.143450597564721,1.4044019272691743,33.8449610145874,B
9.602663584920666,8.232099421806359,2.4698899528567955,4.167605776010341,1.3282124593316724,25.800471194925834,C
1.9068772066366657,5.567983843731716,3.8076757215771986,4.70578912356371,8.698119690665997,24.68644558617529,Fail
6.035288065011209,0.3893370728937118,2.5367615159513015,9.23183670553841,6.677554406893561,24.870777766288192,Fail
3.736502963729842,4.376523647244222,5.866334591233839,6.837584504319682,3.0493416521545202,23.866287358682104,Fail
3.5846572854427263,0.5684057071238846,7.862939288416983,4.011599072475209,0.9201658454067141,16.947767198865517,Fail
3.098471167532799,5.2917445318184955,2.576905248339566,0.4561148177851948,3.8298093508964435,15.2530451163725,Fail
8.313735143857098,1.045075626427241,8.211421268986797,6.977770959809886,1.698540866514242,26.246543865595264,C
0.21986522039323608,9.394336228961874,1.9875247716857825,0.39753573234040607,1.8679284711737176,13.867190424555018,Fail
3.9699216220747413,6.573930394946633,9.539652333252741,1.8222779037778858,2.018007288044127,23.923789542096127,Fail
4.401484472241325,4.635015661671852,4.7516238437789315,5.4637832656601155,9.860833114463208,29.11274035781543,C
1.0239446279317654,9.779579469545045,9.920715504965113,6.527471444642627,6.108967943258578,33.360678990343125,B
9.022456230962314,1.5113399984889386,6.60058172583868,5.0843458762027405,7.946416780178531,30.165140611671205,B
3.4886826654299528,9.725144821597427,0.9671983355112956,5.273312047309596,2.4483233812820924,21.90266125113036,Fail
4.371481050450346,1.567043477959481,3.189937741730721,6.951924448155898,4.216200610349533,20.296587328645977,Fail
4.620058036441327,7.161276404767375,2.1878068226269365,2.918649833997277,1.4962608319534443,18.38405192978636,Fail
0.7093221613377343,3.8916461651347998,4.084366768920566,3.6453893511818727,2.7989410167490014,15.129665463323974,Fail
4.65336933939486,7.191719228421252,7.620099404776617,1.9531741054335916,9.295472843248312,30.713834921274636,B
8.32929715574228,1.2274005467462046,6.569467392113518,7.421660271001266,3.145564553194161,26.69338991879743,C
3.8140880990312342,3.9424198783491637,0.3917370708219059,3.3289945679800237,5.981964141313244,17.459203757495573,Fail
7.70437802792337,3.1257472707785827,2.84394331912838,6.076012366337561,3.2072583832736834,22.957339367441577,Fail
7.841871792320796,9.371895488758545,1.177621668013188,4.429047514182787,1.2377209716627413,24.05815743493806,Fail
1.4637306658896776,4.400331530040054,2.779047474520616,5.201097727171308,7.673201240223181,21.517408637844838,Fail
1.520485674244918,1.2038296477461974,1.5061856011323738,1.7891386371301377,9.723558147343265,15.743197707596892,Fail
0.2040161068820634,9.595534142999,8.020327310663683,0.30331272613826843,4.637003942728701,22.760194229411717,Fail
4.87467835463974,8.17582687849336,6.999660121046174,1.0382160525620188,8.175622528761247,29.264003935502544,C
0.6562608817781757,9.277710984068191,3.4222630892726755,2.3896390060871675,3.1203835133189473,18.866257474525156,Fail
0.5755876001664428,7.809448189504872,9.266419675334452,8.222758915234325,1.1107486464450422,26.984963026685133,C
3.720180857927832,6.4640173666579965,2.722518150979698,5.540098543941463,2.4169733579744204,20.86378827748141,Fail
9.137884438732593,3.638250407977206,1.5770764471195131,7.625292522503862,1.9502171466069673,23.92872096294014,Fail
3.0424224295953772,0.06957587303291213,7.418129092665151,0.2586708172542018,4.332104017146088,15.120902229693732,Fail
7.447507316299222,9.702937327487524,8.16609205601075,0.23762756218050352,4.318931620602278,29.873095882580277,C
8.499593305032054,4.682264040926324,7.925372261143233,2.9653727298601638,3.2175625029764743,27.290164839938246,C
7.132068832826177,5.8286936119204285,2.8259083253753237,5.839584024896713,2.5515461332880385,24.17780092830668,Fail
4.404413503124241,1.2113857384890148,9.041407489043,9.1575173898614,1.027605354417378,24.842329474935035,Fail
3.5552979715200763,4.8155339712725995,0.256848753047102,8.379151799192856,8.291526600744222,25.298359095776853,C
2.546637658899619,4.212297336854959,3.290612849645498,1.5989703069175654,5.775889000730974,17.424407153048612,Fail
0.5433203482290383,4.758925108294907,9.967282140794628,5.724771837082452,3.5156241761085916,24.509923610509617,Fail
8.829148165187222,4.454336752860302,4.309367317846476,2.8766747820324703,1.9961195954288258,22.465646613355297,Fail
7.003478888665695,3.5996152488315545,3.8592851629316396,1.565763828590856,9.37889071422054,25.407033843240285,C
6.5888547023265716,8.693401079073551,7.4665143283759505,3.9639035196568964,7.291349317414662,34.004022946847634,B
2.5967083895041396,7.9818298957484295,3.326245332068397,2.796075010677521,2.11005278561616,18.810911413614647,Fail
4.068092913568494,0.4415604911173121,3.310405567204823,9.378410517113066,1.7841857661896,18.982655255193297,Fail
2.7821718706882215,4.080141669982687,3.07793206625248,8.249778526000298,0.4473263616186174,18.637350494542307,Fail
2.7398809946997185,3.385859719415736,8.927490045203516,8.752775627958908,7.587883421524628,31.393889808802506,B
3.0521453012885913,0.852140869017709,3.264100860344259,4.508763607777318,0.2769644904525703,11.95411512888045,Fail
3.0328589084928295,6.245586359173945,5.86879791796759,0.34981278056653076,4.620816677316233,20.11787264351713,Fail
3.67847181142801,3.3754881310032525,3.6564944619222595,9.782226700264893,0.7003924853192034,21.193073589937615,Fail
2.1171437214797084,7.597116603389674,2.8744559739058504,6.0834444562946475,2.9612073046002587,21.633368059670136,Fail
1.235724905994905,1.686068062895143,1.6290269329298857,5.352684416285981,3.9985263881412503,13.902030706247166,Fail
0.7069660818436618,5.607431960154171,7.529810739761968,3.3562481784585527,6.844495067770157,24.04495202798851,Fail
0.3603737749918745,9.70992148523814,8.178604040080506,3.647680318179558,1.194181066009884,23.09076068449996,Fail
2.19634928594569,9.155167287166966,9.319792195573815,8.07918701652493,9.7783965427042,38.5288923279156,B
4.918759594608238,6.596659316907482,4.535576297157372,6.416953871194537,3.293128550079647,25.761077629947277,C
9.167560031187467,3.492649058476389,3.1305668721638966,7.513047012097939,4.286887796123935,27.590710770049625,C
1.2055841640369025,2.1157280648930232,1.069999714835993,5.9115229296509,3.1892905281595207,13.49212540157634,Fail
7.136602831121538,3.818717522345004,1.9410376716710809,5.150801549554426,4.879106812780107,22.926266387472158,Fail
1.2249786196598922,4.063998528544975,6.698425087026116,9.112813374256172,5.018315215683176,26.118530825170332,C
7.6190181260487,9.132456194883162,2.225731112886351,3.9881558985939414,3.3380308322614507,26.303392164673603,C
4.491482027322125,4.902014585562668,4.274681455198776,7.591377468025907,3.658456041482853,24.918011577592328,Fail
5.044559416693554,8.191386377516322,9.000235976577258,6.88125603584087,4.282928208024397,33.4003660146524,B
5.562363940257727,7.491049613997478,2.792733941000348,7.067479035762552,1.6825726873651392,24.59619921838324,Fail
9.621725484745419,1.61712778330108,9.796681304223991,7.287087046016492,9.153905354644696,37.47652697293168,B
5.357746840747585,3.9166654287880887,7.8290414358456,1.5470688186259651,2.773353872230755,21.423876396237993,Fail
5.0693011607719445,9.969869008908617,1.008314788622754,8.685041169568631,2.7002838978690558,27.432810025741002,C
2.906429693065311,4.440647373942519,9.350307733358,2.888360484778162,6.29009411001177,25.875839395155758,C
2.0928776153011985,0.5064532644372632,3.14145615150606,7.859738423823143,3.1315983398007283,16.732123794868393,Fail
9.951594102001213,5.185181326097129,7.608740520772744,3.2040882505224646,4.9518630475808445,30.901467246974395,B
2.7993732969190663,2.9240449356051346,2.4719762253989783,6.577381307740699,7.43424028652254,22.207016052186418,Fail
4.309830628472584,7.212540974297395,8.316396259946433,0.05089032428282514,7.60026195541693,27.489920142416167,C
9.068665773398358,8.2689323382559,6.588967054113456,8.870967495858956,3.624845654899076,36.42237831652575,B
9.539285770025874,2.1400711317387424,7.928649871024711,3.4607728957984696,0.7470216089602744,23.815801277548072,Fail
4.875711936733843,9.792482787019853,7.997861914601062,9.129322372974316,3.357271994608336,35.152651005937415,B
5.405526753889242,0.5799757247270843,1.2041090971645563,4.542969110094354,1.429814234175928,13.162394920051163,Fail
7.011395944174737,2.271912531822161,5.7711715722595125,0.5181812846791101,9.282126845191694,24.854788178127215,Fail
4.022604136835421,6.892840817509648,1.8047669609092332,4.983751980993507,0.08228350546961805,17.78624740171743,Fail
2.078862551460273,5.143832465110202,8.304770286866244,8.338228280450336,1.666696597564481,25.532390181451536,C
8.6799959189509,0.4853345072966897,6.548767388313851,2.0372456014113336,6.19652521904706,23.947868635019837,Fail
0.72898451871655,0.6113763001222361,6.604919263212388,8.53323282837938,8.338250879299583,24.816763789730135,Fail
0.563332777992398,4.88513639995753,8.321477873437125,2.2096950244353564,6.3379519802963245,22.317594056118736,Fail
3.169130138185443,7.0586206089625625,5.772684934923239,3.1388041279035903,6.721008647232525,25.860248457207362,C
3.5023661432707676,4.374738227708409,9.848018478837451,8.037340754414895,6.400703322237787,32.16316692646931,B
8.918202114066128,1.19778379883561,8.27974916078038,4.407405380033627,2.232824019805375,25.03596447352112,C
4.135165302899591,7.602056245291603,7.6629837801226035,9.353690161355955,4.198901652810969,32.95279714248072,B
5.16572628445979,4.698020756976796,1.2737603252785101,7.048036512340761,7.628432823762891,25.81397670281875,C
1.444364841550776,4.910448217723773,8.314417798338482,2.0279898061507815,5.1506851773156415,21.847905841079452,Fail
2.5769564818917967,5.166604958019403,6.344992293392767,0.6837477239298484,4.3878599067413,19.160161363975117,Fail
7.57469050723103,1.8299771660209885,3.9276298094757767,6.360851444722338,9.914794014994103,29.607942942444232,C
4.71739837518439,5.61797852662138,2.308535529354232,2.2219903064249893,8.728061932888442,23.593964670473433,Fail
7.61889894377484,2.283201737969427,8.997410909797443,5.041249155378625,7.310110505928979,31.250871252849315,B
8.96995289364411,8.529243581784497,4.5353710676571835,2.9377580700111205,6.6526273614234235,31.624952974520337,B
3.399718637932482,5.568906382730944,7.8335140012424445,7.821833953132099,0.8854639211404591,25.50943689617843,C
7.516797670314233,4.458217820716792,6.611663092677765,0.8340333496657082,4.004102502664021,23.42481443603852,Fail
4.663745945045486,4.518586651342405,4.282016127583729,2.1054058840374457,0.8469035800910663,16.416658188100133,Fail
1.5004866469398426,4.3171688502661105,5.961313881282618,7.369655547272888,4.322479219444243,23.471104145205704,Fail
9.207564510547337,6.413668192253023,9.185734798846095,8.243874848498837,5.757060854581467,38.807903204726756,B
6.3315137559402235,9.531775382631393,6.751624290976669,1.7877338794797026,3.490059843556738,27.892707152584727,C
6.322821536376399,2.5475879519984534,1.4214331338038944,9.102715559322725,7.7995882819331595,27.194146463434635,C
5.838582673080154,7.768809957583076,6.956416079155901,9.597139331335567,9.917703219878366,40.07865126103306,A
7.245579091588183,5.026493346222822,6.70265344713785,5.886712559890762,9.338996973738725,34.20043541857834,B
3.467187612359112,8.690471024768168,6.0068889185958305,7.729280245402997,7.4048976847986125,33.29872548592472,B
8.078314518266223,4.917939800626568,8.760208322908742,3.3268645823962606,4.917861745106739,30.001188969304536,B
8.60139693349435,7.264413581074168,7.2762729057100906,8.962276351710566,1.1609002439548743,33.26526001594405,B
8.767656367617494,3.535488542043371,8.215557004579924,2.409648512197177,8.286400389860969,31.214750816298935,B
5.9368461990873325,0.8319367685150725,5.036215310887318,5.724653489544808,9.246944517900747,26.77659628593528,C
8.39207953039459,0.4481631067080727,1.0870939980014283,8.761371545320774,0.9731182719133791,19.661826452338243,Fail
0.007168587065797816,0.25036336237443835,8.22848905522444,8.60719348359174,6.457520921741139,23.550735409997554,Fail
6.079050927934446,3.3957314120816964,6.6618333285059,8.622895745951284,2.8080494032650236,27.567560817738354,C
0.09310290762353679,5.828860015472177,0.6130382173446403,6.6282406752019964,2.186824288189564,15.350066103831915,Fail
2.313487132001505,7.004774696901418,6.947575167143729,7.338977651471433,6.651132062885663,30.255946710403748,B
5.590592849466022,5.364295458983578,3.2112203305813916,2.855695665296224,8.577011220526668,25.598815524853883,C
8.965746584690102,4.713681557014906,9.56606505463572,4.565920622162183,6.582725997166149,34.394139815669064,B
2.5231192706968706,4.885183539308262,9.30965115016544,5.591619315533675,1.2641844484898412,23.57375772419409,Fail
7.2261172483444955,0.9926014930919491,7.3555332228330474,2.6802423781998663,7.548603022996687,25.803097365466044,C
9.385855957785052,0.9196456731751357,8.355099278794716,8.978194918410608,9.886506982286623,37.52530281045213,B
3.894049389788753,5.492750081282486,5.70922151800373,9.194691042833243,0.9899053668870261,25.28061739879524,C
3.3519724164590095,4.297453810756667,2.096298879513462,2.2744058931457767,4.469764168189202,16.489895168064116,Fail
7.364020150656405,4.211913798253908,5.286558321768563,4.97779911971053,7.1612079713099455,29.001499361699352,C
9.694123223352875,6.050714851807668,0.8364309058326702,7.85068057320331,4.47070317932015,28.902652733516675,C
4.942124472502999,1.294030005985679,7.753289809534257,2.170004802355411,0.851512408509022,17.01096149888737,Fail
6.980705464034016,0.6322433925063364,2.647627130327365,6.574585818896769,0.7188916566587034,17.554053462423187,Fail
2.8613504245831436,6.850299492691885,0.3117308231773086,5.7751631308493945,2.049714317636002,17.848258188937734,Fail
9.924835021583752,4.81699838012341,8.8048718264694,7.061670432251863,7.029931842231004,37.63830750265943,B
5.862354987807617,5.002645074774619,2.8531936128803737,6.251852187612016,3.947291382715882,23.917337245790506,Fail
3.0963181000284576,0.2633870174855202,6.344814959190118,2.267478263411722,7.959661686003468,19.931660026119285,Fail
5.034172708548569,7.483188011224908,8.296857115563677,4.250746647630197,1.9632478412722376,27.02821232423959,C
8.019139528361265,0.62224172652242,3.929516358588919,6.065938312734143,8.608781490922901,27.245617417129647,C
